year,map_vintage,state,state_code,district,district_note,at_large,statewide_baseline,races_used,offices_used,senate_races,statewide_races,stateleg_races,d_votes,r_votes,other_votes,total_votes,d_share_two_party_pct,r_share_two_party_pct,national_d_share_two_party_pct,lean_pct,lean_label,lean_house_pct,lean_statewide_pct,lean_senate_pct,weight_house,weight_statewide,weight_senate,sources_used
2018,2010s,Alaska,AK,AK-AL,,True,True,31,governor; state house,0,1,30,210764,253604,19151,483519,45.39,54.61,51.41,-6.02,R+6.0,,-6.02,,0.0,1.0,0.0,statewide
2018,2010s,Alabama,AL,AL-01,,False,False,65,governor; attorney general; state senate; state house,0,2,63,1964006,3039396,11970,5015372,39.25,60.75,51.41,-13.63,R+13.6,-15.1,-12.15,,0.5,0.5,0.0,house+statewide
2018,2010s,Alabama,AL,AL-02,,False,False,65,governor; attorney general; state senate; state house,0,2,63,1964006,3039396,11970,5015372,39.25,60.75,51.41,-12.78,R+12.8,-13.41,-12.15,,0.5,0.5,0.0,house+statewide
2018,2010s,Alabama,AL,AL-03,,False,False,65,governor; attorney general; state senate; state house,0,2,63,1964006,3039396,11970,5015372,39.25,60.75,51.41,-13.92,R+13.9,-15.69,-12.15,,0.5,0.5,0.0,house+statewide
2018,2010s,Alabama,AL,AL-04,,False,False,65,governor; attorney general; state senate; state house,0,2,63,1964006,3039396,11970,5015372,39.25,60.75,51.41,-21.96,R+22.0,-31.76,-12.15,,0.5,0.5,0.0,house+statewide
2018,2010s,Alabama,AL,AL-05,,False,False,65,governor; attorney general; state senate; state house,0,2,63,1964006,3039396,11970,5015372,39.25,60.75,51.41,-12.57,R+12.6,-12.98,-12.15,,0.5,0.5,0.0,house+statewide
2018,2010s,Alabama,AL,AL-06,,False,False,65,governor; attorney general; state senate; state house,0,2,63,1964006,3039396,11970,5015372,39.25,60.75,51.41,-16.64,R+16.6,-21.12,-12.15,,0.5,0.5,0.0,house+statewide
2018,2010s,Alabama,AL,AL-07,,False,True,65,governor; attorney general; state senate; state house,0,2,63,1964006,3039396,11970,5015372,39.25,60.75,51.41,-12.15,R+12.2,,-12.15,,0.0,1.0,0.0,statewide
2018,2010s,Arkansas,AR,AR-01,,False,False,9,governor; attorney general; state senate,0,2,7,673019,1255151,51424,1979594,34.9,65.1,51.41,-19.48,R+19.5,-22.46,-16.5,,0.5,0.5,0.0,house+statewide
2018,2010s,Arkansas,AR,AR-02,,False,False,9,governor; attorney general; state senate,0,2,7,673019,1255151,51424,1979594,34.9,65.1,51.41,-10.81,R+10.8,-5.13,-16.5,,0.5,0.5,0.0,house+statewide
2018,2010s,Arkansas,AR,AR-03,,False,False,9,governor; attorney general; state senate,0,2,7,673019,1255151,51424,1979594,34.9,65.1,51.41,-17.46,R+17.5,-18.42,-16.5,,0.5,0.5,0.0,house+statewide
2018,2010s,Arkansas,AR,AR-04,,False,False,9,governor; attorney general; state senate,0,2,7,673019,1255151,51424,1979594,34.9,65.1,51.41,-18.27,R+18.3,-20.03,-16.5,,0.5,0.5,0.0,house+statewide
2018,2010s,Arizona,AZ,AZ-01,,False,False,53,senate; governor; attorney general; state senate; state house,1,2,50,5845701,6626645,141062,12613408,46.87,53.13,51.41,-2.25,R+2.3,1.94,-5.53,-3.16,0.334,0.333,0.333,house+statewide+senate
2018,2010s,Arizona,AZ,AZ-02,,False,False,53,senate; governor; attorney general; state senate; state house,1,2,50,5845701,6626645,141062,12613408,46.87,53.13,51.41,-1.96,R+2.0,2.81,-5.53,-3.16,0.334,0.333,0.333,house+statewide+senate
2018,2010s,Arizona,AZ,AZ-03,,False,False,53,senate; governor; attorney general; state senate; state house,1,2,50,5845701,6626645,141062,12613408,46.87,53.13,51.41,1.1,D+1.1,11.98,-5.53,-3.16,0.334,0.333,0.333,house+statewide+senate
2018,2010s,Arizona,AZ,AZ-04,,False,False,53,senate; governor; attorney general; state senate; state house,1,2,50,5845701,6626645,141062,12613408,46.87,53.13,51.41,-9.89,R+9.9,-20.99,-5.53,-3.16,0.334,0.333,0.333,house+statewide+senate
2018,2010s,Arizona,AZ,AZ-05,,False,False,53,senate; governor; attorney general; state senate; state house,1,2,50,5845701,6626645,141062,12613408,46.87,53.13,51.41,-6.67,R+6.7,-11.33,-5.53,-3.16,0.334,0.333,0.333,house+statewide+senate
2018,2010s,Arizona,AZ,AZ-06,,False,False,53,senate; governor; attorney general; state senate; state house,1,2,50,5845701,6626645,141062,12613408,46.87,53.13,51.41,-5.26,R+5.3,-7.1,-5.53,-3.16,0.334,0.333,0.333,house+statewide+senate
2018,2010s,Arizona,AZ,AZ-07,,False,True,53,senate; governor; attorney general; state senate; state house,1,2,50,5845701,6626645,141062,12613408,46.87,53.13,51.41,-4.34,R+4.3,,-5.53,-3.16,0.0,0.5,0.5,statewide+senate
2018,2010s,Arizona,AZ,AZ-08,,False,False,53,senate; governor; attorney general; state senate; state house,1,2,50,5845701,6626645,141062,12613408,46.87,53.13,51.41,-5.35,R+5.4,-7.37,-5.53,-3.16,0.334,0.333,0.333,house+statewide+senate
2018,2010s,Arizona,AZ,AZ-09,,False,False,53,senate; governor; attorney general; state senate; state house,1,2,50,5845701,6626645,141062,12613408,46.87,53.13,51.41,0.16,D+0.2,9.18,-5.53,-3.16,0.334,0.333,0.333,house+statewide+senate
2018,2010s,California,CA,CA-01,,False,False,2,governor; attorney general,0,2,0,15512153,9208412,0,24720565,62.75,37.25,51.41,2.28,D+2.3,-6.79,11.34,,0.5,0.5,0.0,house+statewide
2018,2010s,California,CA,CA-02,,False,False,2,governor; attorney general,0,2,0,15512153,9208412,0,24720565,62.75,37.25,51.41,18.22,D+18.2,25.1,11.34,,0.5,0.5,0.0,house+statewide
2018,2010s,California,CA,CA-03,,False,False,2,governor; attorney general,0,2,0,15512153,9208412,0,24720565,62.75,37.25,51.41,8.76,D+8.8,6.17,11.34,,0.5,0.5,0.0,house+statewide
2018,2010s,California,CA,CA-04,,False,False,2,governor; attorney general,0,2,0,15512153,9208412,0,24720565,62.75,37.25,51.41,2.65,D+2.7,-6.04,11.34,,0.5,0.5,0.0,house+statewide
2018,2010s,California,CA,CA-05,,False,True,2,governor; attorney general,0,2,0,15512153,9208412,0,24720565,62.75,37.25,51.41,11.34,D+11.3,,11.34,,0.0,1.0,0.0,statewide
2018,2010s,California,CA,CA-06,,False,True,2,governor; attorney general,0,2,0,15512153,9208412,0,24720565,62.75,37.25,51.41,11.34,D+11.3,,11.34,,0.0,1.0,0.0,statewide
2018,2010s,California,CA,CA-07,,False,False,2,governor; attorney general,0,2,0,15512153,9208412,0,24720565,62.75,37.25,51.41,7.24,D+7.2,3.14,11.34,,0.5,0.5,0.0,house+statewide
2018,2010s,California,CA,CA-08,,False,True,2,governor; attorney general,0,2,0,15512153,9208412,0,24720565,62.75,37.25,51.41,11.34,D+11.3,,11.34,,0.0,1.0,0.0,statewide
2018,2010s,California,CA,CA-09,,False,False,2,governor; attorney general,0,2,0,15512153,9208412,0,24720565,62.75,37.25,51.41,7.96,D+8.0,4.59,11.34,,0.5,0.5,0.0,house+statewide
2018,2010s,California,CA,CA-10,,False,False,2,governor; attorney general,0,2,0,15512153,9208412,0,24720565,62.75,37.25,51.41,5.84,D+5.8,0.34,11.34,,0.5,0.5,0.0,house+statewide
2018,2010s,California,CA,CA-11,,False,False,2,governor; attorney general,0,2,0,15512153,9208412,0,24720565,62.75,37.25,51.41,16.78,D+16.8,22.23,11.34,,0.5,0.5,0.0,house+statewide
2018,2010s,California,CA,CA-12,,False,False,2,governor; attorney general,0,2,0,15512153,9208412,0,24720565,62.75,37.25,51.41,23.13,D+23.1,34.92,11.34,,0.5,0.5,0.0,house+statewide
2018,2010s,California,CA,CA-13,,False,True,2,governor; attorney general,0,2,0,15512153,9208412,0,24720565,62.75,37.25,51.41,11.34,D+11.3,,11.34,,0.0,1.0,0.0,statewide
2018,2010s,California,CA,CA-14,,False,False,2,governor; attorney general,0,2,0,15512153,9208412,0,24720565,62.75,37.25,51.41,19.33,D+19.3,27.32,11.34,,0.5,0.5,0.0,house+statewide
2018,2010s,California,CA,CA-15,,False,False,2,governor; attorney general,0,2,0,15512153,9208412,0,24720565,62.75,37.25,51.41,16.2,D+16.2,21.06,11.34,,0.5,0.5,0.0,house+statewide
2018,2010s,California,CA,CA-16,,False,False,2,governor; attorney general,0,2,0,15512153,9208412,0,24720565,62.75,37.25,51.41,8.49,D+8.5,5.64,11.34,,0.5,0.5,0.0,house+statewide
2018,2010s,California,CA,CA-17,,False,False,2,governor; attorney general,0,2,0,15512153,9208412,0,24720565,62.75,37.25,51.41,17.39,D+17.4,23.44,11.34,,0.5,0.5,0.0,house+statewide
2018,2010s,California,CA,CA-18,,False,False,2,governor; attorney general,0,2,0,15512153,9208412,0,24720565,62.75,37.25,51.41,16.96,D+17.0,22.59,11.34,,0.5,0.5,0.0,house+statewide
2018,2010s,California,CA,CA-19,,False,False,2,governor; attorney general,0,2,0,15512153,9208412,0,24720565,62.75,37.25,51.41,16.61,D+16.6,21.88,11.34,,0.5,0.5,0.0,house+statewide
2018,2010s,California,CA,CA-20,,False,True,2,governor; attorney general,0,2,0,15512153,9208412,0,24720565,62.75,37.25,51.41,11.34,D+11.3,,11.34,,0.0,1.0,0.0,statewide
2018,2010s,California,CA,CA-21,,False,False,2,governor; attorney general,0,2,0,15512153,9208412,0,24720565,62.75,37.25,51.41,4.91,D+4.9,-1.53,11.34,,0.5,0.5,0.0,house+statewide
2018,2010s,California,CA,CA-22,,False,False,2,governor; attorney general,0,2,0,15512153,9208412,0,24720565,62.75,37.25,51.41,3.36,D+3.4,-4.63,11.34,,0.5,0.5,0.0,house+statewide
2018,2010s,California,CA,CA-23,,False,False,2,governor; attorney general,0,2,0,15512153,9208412,0,24720565,62.75,37.25,51.41,-2.14,R+2.1,-15.62,11.34,,0.5,0.5,0.0,house+statewide
2018,2010s,California,CA,CA-24,,False,False,2,governor; attorney general,0,2,0,15512153,9208412,0,24720565,62.75,37.25,51.41,9.0,D+9.0,6.65,11.34,,0.5,0.5,0.0,house+statewide
2018,2010s,California,CA,CA-25,,False,False,2,governor; attorney general,0,2,0,15512153,9208412,0,24720565,62.75,37.25,51.41,6.9,D+6.9,2.46,11.34,,0.5,0.5,0.0,house+statewide
2018,2010s,California,CA,CA-26,,False,False,2,governor; attorney general,0,2,0,15512153,9208412,0,24720565,62.75,37.25,51.41,10.69,D+10.7,10.04,11.34,,0.5,0.5,0.0,house+statewide
2018,2010s,California,CA,CA-27,,False,True,2,governor; attorney general,0,2,0,15512153,9208412,0,24720565,62.75,37.25,51.41,11.34,D+11.3,,11.34,,0.0,1.0,0.0,statewide
2018,2010s,California,CA,CA-28,,False,False,2,governor; attorney general,0,2,0,15512153,9208412,0,24720565,62.75,37.25,51.41,18.9,D+18.9,26.47,11.34,,0.5,0.5,0.0,house+statewide
2018,2010s,California,CA,CA-29,,False,False,2,governor; attorney general,0,2,0,15512153,9208412,0,24720565,62.75,37.25,51.41,20.02,D+20.0,28.7,11.34,,0.5,0.5,0.0,house+statewide
2018,2010s,California,CA,CA-30,,False,False,2,governor; attorney general,0,2,0,15512153,9208412,0,24720565,62.75,37.25,51.41,16.42,D+16.4,21.5,11.34,,0.5,0.5,0.0,house+statewide
2018,2010s,California,CA,CA-31,,False,False,2,governor; attorney general,0,2,0,15512153,9208412,0,24720565,62.75,37.25,51.41,9.09,D+9.1,6.84,11.34,,0.5,0.5,0.0,house+statewide
2018,2010s,California,CA,CA-32,,False,False,2,governor; attorney general,0,2,0,15512153,9208412,0,24720565,62.75,37.25,51.41,14.12,D+14.1,16.89,11.34,,0.5,0.5,0.0,house+statewide
2018,2010s,California,CA,CA-33,,False,False,2,governor; attorney general,0,2,0,15512153,9208412,0,24720565,62.75,37.25,51.41,14.73,D+14.7,18.12,11.34,,0.5,0.5,0.0,house+statewide
2018,2010s,California,CA,CA-34,,False,True,2,governor; attorney general,0,2,0,15512153,9208412,0,24720565,62.75,37.25,51.41,11.34,D+11.3,,11.34,,0.0,1.0,0.0,statewide
2018,2010s,California,CA,CA-35,,False,False,2,governor; attorney general,0,2,0,15512153,9208412,0,24720565,62.75,37.25,51.41,14.42,D+14.4,17.49,11.34,,0.5,0.5,0.0,house+statewide
2018,2010s,California,CA,CA-36,,False,False,2,governor; attorney general,0,2,0,15512153,9208412,0,24720565,62.75,37.25,51.41,9.23,D+9.2,7.11,11.34,,0.5,0.5,0.0,house+statewide
2018,2010s,California,CA,CA-37,,False,False,2,governor; attorney general,0,2,0,15512153,9208412,0,24720565,62.75,37.25,51.41,24.27,D+24.3,37.19,11.34,,0.5,0.5,0.0,house+statewide
2018,2010s,California,CA,CA-38,,False,False,2,governor; attorney general,0,2,0,15512153,9208412,0,24720565,62.75,37.25,51.41,14.14,D+14.1,16.95,11.34,,0.5,0.5,0.0,house+statewide
2018,2010s,California,CA,CA-39,,False,False,2,governor; attorney general,0,2,0,15512153,9208412,0,24720565,62.75,37.25,51.41,5.5,D+5.5,-0.35,11.34,,0.5,0.5,0.0,house+statewide
2018,2010s,California,CA,CA-40,,False,True,2,governor; attorney general,0,2,0,15512153,9208412,0,24720565,62.75,37.25,51.41,11.34,D+11.3,,11.34,,0.0,1.0,0.0,statewide
2018,2010s,California,CA,CA-41,,False,False,2,governor; attorney general,0,2,0,15512153,9208412,0,24720565,62.75,37.25,51.41,12.27,D+12.3,13.19,11.34,,0.5,0.5,0.0,house+statewide
2018,2010s,California,CA,CA-42,,False,False,2,governor; attorney general,0,2,0,15512153,9208412,0,24720565,62.75,37.25,51.41,1.47,D+1.5,-8.41,11.34,,0.5,0.5,0.0,house+statewide
2018,2010s,California,CA,CA-43,,False,False,2,governor; attorney general,0,2,0,15512153,9208412,0,24720565,62.75,37.25,51.41,18.55,D+18.6,25.76,11.34,,0.5,0.5,0.0,house+statewide
2018,2010s,California,CA,CA-44,,False,True,2,governor; attorney general,0,2,0,15512153,9208412,0,24720565,62.75,37.25,51.41,11.34,D+11.3,,11.34,,0.0,1.0,0.0,statewide
2018,2010s,California,CA,CA-45,,False,False,2,governor; attorney general,0,2,0,15512153,9208412,0,24720565,62.75,37.25,51.41,5.74,D+5.7,0.14,11.34,,0.5,0.5,0.0,house+statewide
2018,2010s,California,CA,CA-46,,False,False,2,governor; attorney general,0,2,0,15512153,9208412,0,24720565,62.75,37.25,51.41,14.28,D+14.3,17.21,11.34,,0.5,0.5,0.0,house+statewide
2018,2010s,California,CA,CA-47,,False,False,2,governor; attorney general,0,2,0,15512153,9208412,0,24720565,62.75,37.25,51.41,12.15,D+12.1,12.95,11.34,,0.5,0.5,0.0,house+statewide
2018,2010s,California,CA,CA-48,,False,False,2,governor; attorney general,0,2,0,15512153,9208412,0,24720565,62.75,37.25,51.41,6.49,D+6.5,1.65,11.34,,0.5,0.5,0.0,house+statewide
2018,2010s,California,CA,CA-49,,False,False,2,governor; attorney general,0,2,0,15512153,9208412,0,24720565,62.75,37.25,51.41,7.93,D+7.9,4.51,11.34,,0.5,0.5,0.0,house+statewide
2018,2010s,California,CA,CA-50,,False,False,2,governor; attorney general,0,2,0,15512153,9208412,0,24720565,62.75,37.25,51.41,3.86,D+3.9,-3.62,11.34,,0.5,0.5,0.0,house+statewide
2018,2010s,California,CA,CA-51,,False,False,2,governor; attorney general,0,2,0,15512153,9208412,0,24720565,62.75,37.25,51.41,15.32,D+15.3,19.29,11.34,,0.5,0.5,0.0,house+statewide
2018,2010s,California,CA,CA-52,,False,False,2,governor; attorney general,0,2,0,15512153,9208412,0,24720565,62.75,37.25,51.41,11.64,D+11.6,11.94,11.34,,0.5,0.5,0.0,house+statewide
2018,2010s,California,CA,CA-53,,False,False,2,governor; attorney general,0,2,0,15512153,9208412,0,24720565,62.75,37.25,51.41,14.26,D+14.3,17.17,11.34,,0.5,0.5,0.0,house+statewide
2018,2010s,Colorado,CO,CO-01,,False,False,75,governor; attorney general; state senate; state house,0,2,73,4311093,3774058,221877,8307028,53.32,46.68,51.41,13.11,D+13.1,24.3,1.91,,0.5,0.5,0.0,house+statewide
2018,2010s,Colorado,CO,CO-02,,False,False,75,governor; attorney general; state senate; state house,0,2,73,4311093,3774058,221877,8307028,53.32,46.68,51.41,7.09,D+7.1,12.27,1.91,,0.5,0.5,0.0,house+statewide
2018,2010s,Colorado,CO,CO-03,,False,False,75,governor; attorney general; state senate; state house,0,2,73,4311093,3774058,221877,8307028,53.32,46.68,51.41,-2.09,R+2.1,-6.1,1.91,,0.5,0.5,0.0,house+statewide
2018,2010s,Colorado,CO,CO-04,,False,False,75,governor; attorney general; state senate; state house,0,2,73,4311093,3774058,221877,8307028,53.32,46.68,51.41,-5.31,R+5.3,-12.53,1.91,,0.5,0.5,0.0,house+statewide
2018,2010s,Colorado,CO,CO-05,,False,False,75,governor; attorney general; state senate; state house,0,2,73,4311093,3774058,221877,8307028,53.32,46.68,51.41,-4.59,R+4.6,-11.1,1.91,,0.5,0.5,0.0,house+statewide
2018,2010s,Colorado,CO,CO-06,,False,False,75,governor; attorney general; state senate; state house,0,2,73,4311093,3774058,221877,8307028,53.32,46.68,51.41,2.9,D+2.9,3.89,1.91,,0.5,0.5,0.0,house+statewide
2018,2010s,Colorado,CO,CO-07,,False,False,75,governor; attorney general; state senate; state house,0,2,73,4311093,3774058,221877,8307028,53.32,46.68,51.41,6.53,D+6.5,11.14,1.91,,0.5,0.5,0.0,house+statewide
2018,2010s,Connecticut,CT,CT-01,,False,False,165,senate; governor; attorney general; state senate; state house,1,2,162,3487516,2957407,1543126,7988049,54.11,45.89,51.41,6.27,D+6.3,12.69,1.41,4.71,0.334,0.333,0.333,house+statewide+senate
2018,2010s,Connecticut,CT,CT-02,,False,False,165,senate; governor; attorney general; state senate; state house,1,2,162,3487516,2957407,1543126,7988049,54.11,45.89,51.41,5.98,D+6.0,11.81,1.41,4.71,0.334,0.333,0.333,house+statewide+senate
2018,2010s,Connecticut,CT,CT-03,,False,False,165,senate; governor; attorney general; state senate; state house,1,2,162,3487516,2957407,1543126,7988049,54.11,45.89,51.41,6.27,D+6.3,12.69,1.41,4.71,0.334,0.333,0.333,house+statewide+senate
2018,2010s,Connecticut,CT,CT-04,,False,False,165,senate; governor; attorney general; state senate; state house,1,2,162,3487516,2957407,1543126,7988049,54.11,45.89,51.41,5.14,D+5.1,9.3,1.41,4.71,0.334,0.333,0.333,house+statewide+senate
2018,2010s,Connecticut,CT,CT-05,,False,False,165,senate; governor; attorney general; state senate; state house,1,2,162,3487516,2957407,1543126,7988049,54.11,45.89,51.41,3.36,D+3.4,3.97,1.41,4.71,0.334,0.333,0.333,house+statewide+senate
2018,2010s,District of Columbia,DC,DC-AL,,True,False,0,,0,0,0,0,0,0,0,,,51.41,43.39,D+43.4,43.39,,,1.0,0.0,0.0,house
2018,2010s,Delaware,DE,DE-AL,,True,False,36,senate; attorney general; state senate; state house,1,1,34,639114,455363,8604,1103081,58.39,41.61,51.41,8.36,D+8.4,12.55,5.59,6.96,0.334,0.333,0.333,house+statewide+senate
2018,2010s,Florida,FL,FL-01,,False,False,20,senate; governor; attorney general; state senate,1,2,17,13352974,14532890,256830,28142694,47.88,52.12,51.41,-9.26,R+9.3,-18.99,-4.38,-4.42,0.334,0.333,0.333,house+statewide+senate
2018,2010s,Florida,FL,FL-02,,False,False,20,senate; governor; attorney general; state senate,1,2,17,13352974,14532890,256830,28142694,47.88,52.12,51.41,-9.38,R+9.4,-19.35,-4.38,-4.42,0.334,0.333,0.333,house+statewide+senate
2018,2010s,Florida,FL,FL-03,,False,False,20,senate; governor; attorney general; state senate,1,2,17,13352974,14532890,256830,28142694,47.88,52.12,51.41,-6.11,R+6.1,-9.53,-4.38,-4.42,0.334,0.333,0.333,house+statewide+senate
2018,2010s,Florida,FL,FL-04,,False,False,20,senate; governor; attorney general; state senate,1,2,17,13352974,14532890,256830,28142694,47.88,52.12,51.41,-9.17,R+9.2,-18.73,-4.38,-4.42,0.334,0.333,0.333,house+statewide+senate
2018,2010s,Florida,FL,FL-05,,False,False,20,senate; governor; attorney general; state senate,1,2,17,13352974,14532890,256830,28142694,47.88,52.12,51.41,2.03,D+2.0,14.88,-4.38,-4.42,0.334,0.333,0.333,house+statewide+senate
2018,2010s,Florida,FL,FL-06,,False,False,20,senate; governor; attorney general; state senate,1,2,17,13352974,14532890,256830,28142694,47.88,52.12,51.41,-5.67,R+5.7,-8.22,-4.38,-4.42,0.334,0.333,0.333,house+statewide+senate
2018,2010s,Florida,FL,FL-07,,False,False,20,senate; governor; attorney general; state senate,1,2,17,13352974,14532890,256830,28142694,47.88,52.12,51.41,-1.0,R+1.0,5.79,-4.38,-4.42,0.334,0.333,0.333,house+statewide+senate
2018,2010s,Florida,FL,FL-08,,False,False,20,senate; governor; attorney general; state senate,1,2,17,13352974,14532890,256830,28142694,47.88,52.12,51.41,-7.07,R+7.1,-12.4,-4.38,-4.42,0.334,0.333,0.333,house+statewide+senate
2018,2010s,Florida,FL,FL-09,,False,False,20,senate; governor; attorney general; state senate,1,2,17,13352974,14532890,256830,28142694,47.88,52.12,51.41,-0.89,R+0.9,6.12,-4.38,-4.42,0.334,0.333,0.333,house+statewide+senate
2018,2010s,Florida,FL,FL-10,,False,True,20,senate; governor; attorney general; state senate,1,2,17,13352974,14532890,256830,28142694,47.88,52.12,51.41,-4.4,R+4.4,,-4.38,-4.42,0.0,0.5,0.5,statewide+senate
2018,2010s,Florida,FL,FL-11,,False,False,20,senate; governor; attorney general; state senate,1,2,17,13352974,14532890,256830,28142694,47.88,52.12,51.41,-8.62,R+8.6,-17.06,-4.38,-4.42,0.334,0.333,0.333,house+statewide+senate
2018,2010s,Florida,FL,FL-12,,False,False,20,senate; governor; attorney general; state senate,1,2,17,13352974,14532890,256830,28142694,47.88,52.12,51.41,-6.71,R+6.7,-11.33,-4.38,-4.42,0.334,0.333,0.333,house+statewide+senate
2018,2010s,Florida,FL,FL-13,,False,False,20,senate; governor; attorney general; state senate,1,2,17,13352974,14532890,256830,28142694,47.88,52.12,51.41,-1.02,R+1.0,5.74,-4.38,-4.42,0.334,0.333,0.333,house+statewide+senate
2018,2010s,Florida,FL,FL-14,,False,True,20,senate; governor; attorney general; state senate,1,2,17,13352974,14532890,256830,28142694,47.88,52.12,51.41,-4.4,R+4.4,,-4.38,-4.42,0.0,0.5,0.5,statewide+senate
2018,2010s,Florida,FL,FL-15,,False,False,20,senate; governor; attorney general; state senate,1,2,17,13352974,14532890,256830,28142694,47.88,52.12,51.41,-4.57,R+4.6,-4.93,-4.38,-4.42,0.334,0.333,0.333,house+statewide+senate
2018,2010s,Florida,FL,FL-16,,False,False,20,senate; governor; attorney general; state senate,1,2,17,13352974,14532890,256830,28142694,47.88,52.12,51.41,-5.09,R+5.1,-6.47,-4.38,-4.42,0.334,0.333,0.333,house+statewide+senate
2018,2010s,Florida,FL,FL-17,,False,False,20,senate; governor; attorney general; state senate,1,2,17,13352974,14532890,256830,28142694,47.88,52.12,51.41,-7.65,R+7.7,-14.16,-4.38,-4.42,0.334,0.333,0.333,house+statewide+senate
2018,2010s,Florida,FL,FL-18,,False,False,20,senate; governor; attorney general; state senate,1,2,17,13352974,14532890,256830,28142694,47.88,52.12,51.41,-5.0,R+5.0,-6.21,-4.38,-4.42,0.334,0.333,0.333,house+statewide+senate
2018,2010s,Florida,FL,FL-19,,False,False,20,senate; governor; attorney general; state senate,1,2,17,13352974,14532890,256830,28142694,47.88,52.12,51.41,-7.66,R+7.7,-14.18,-4.38,-4.42,0.334,0.333,0.333,house+statewide+senate
2018,2010s,Florida,FL,FL-20,,False,True,20,senate; governor; attorney general; state senate,1,2,17,13352974,14532890,256830,28142694,47.88,52.12,51.41,-4.4,R+4.4,,-4.38,-4.42,0.0,0.5,0.5,statewide+senate
2018,2010s,Florida,FL,FL-21,,False,True,20,senate; governor; attorney general; state senate,1,2,17,13352974,14532890,256830,28142694,47.88,52.12,51.41,-4.4,R+4.4,,-4.38,-4.42,0.0,0.5,0.5,statewide+senate
2018,2010s,Florida,FL,FL-22,,False,False,20,senate; governor; attorney general; state senate,1,2,17,13352974,14532890,256830,28142694,47.88,52.12,51.41,0.44,D+0.4,10.12,-4.38,-4.42,0.334,0.333,0.333,house+statewide+senate
2018,2010s,Florida,FL,FL-23,,False,False,20,senate; governor; attorney general; state senate,1,2,17,13352974,14532890,256830,28142694,47.88,52.12,51.41,0.4,D+0.4,9.99,-4.38,-4.42,0.334,0.333,0.333,house+statewide+senate
2018,2010s,Florida,FL,FL-24,,False,True,20,senate; governor; attorney general; state senate,1,2,17,13352974,14532890,256830,28142694,47.88,52.12,51.41,-4.4,R+4.4,,-4.38,-4.42,0.0,0.5,0.5,statewide+senate
2018,2010s,Florida,FL,FL-25,,False,False,20,senate; governor; attorney general; state senate,1,2,17,13352974,14532890,256830,28142694,47.88,52.12,51.41,-7.05,R+7.1,-12.36,-4.38,-4.42,0.334,0.333,0.333,house+statewide+senate
2018,2010s,Florida,FL,FL-26,,False,False,20,senate; governor; attorney general; state senate,1,2,17,13352974,14532890,256830,28142694,47.88,52.12,51.41,-3.28,R+3.3,-1.03,-4.38,-4.42,0.334,0.333,0.333,house+statewide+senate
2018,2010s,Florida,FL,FL-27,,False,False,20,senate; governor; attorney general; state senate,1,2,17,13352974,14532890,256830,28142694,47.88,52.12,51.41,-2.55,R+2.5,1.15,-4.38,-4.42,0.334,0.333,0.333,house+statewide+senate
2018,2010s,Georgia,GA,GA-01,,False,False,93,governor; attorney general; state senate; state house,0,2,91,5257794,5778852,37316,11073962,47.64,52.36,51.41,-6.71,R+6.7,-9.64,-3.77,,0.5,0.5,0.0,house+statewide
2018,2010s,Georgia,GA,GA-02,,False,False,93,governor; attorney general; state senate; state house,0,2,91,5257794,5778852,37316,11073962,47.64,52.36,51.41,1.99,D+2.0,7.74,-3.77,,0.5,0.5,0.0,house+statewide
2018,2010s,Georgia,GA,GA-03,,False,False,93,governor; attorney general; state senate; state house,0,2,91,5257794,5778852,37316,11073962,47.64,52.36,51.41,-10.6,R+10.6,-17.43,-3.77,,0.5,0.5,0.0,house+statewide
2018,2010s,Georgia,GA,GA-04,,False,False,93,governor; attorney general; state senate; state house,0,2,91,5257794,5778852,37316,11073962,47.64,52.36,51.41,11.59,D+11.6,26.94,-3.77,,0.5,0.5,0.0,house+statewide
2018,2010s,Georgia,GA,GA-05,,False,True,93,governor; attorney general; state senate; state house,0,2,91,5257794,5778852,37316,11073962,47.64,52.36,51.41,-3.77,R+3.8,,-3.77,,0.0,1.0,0.0,statewide
2018,2010s,Georgia,GA,GA-06,,False,False,93,governor; attorney general; state senate; state house,0,2,91,5257794,5778852,37316,11073962,47.64,52.36,51.41,-2.58,R+2.6,-1.39,-3.77,,0.5,0.5,0.0,house+statewide
2018,2010s,Georgia,GA,GA-07,,False,False,93,governor; attorney general; state senate; state house,0,2,91,5257794,5778852,37316,11073962,47.64,52.36,51.41,-2.88,R+2.9,-1.98,-3.77,,0.5,0.5,0.0,house+statewide
2018,2010s,Georgia,GA,GA-08,,False,True,93,governor; attorney general; state senate; state house,0,2,91,5257794,5778852,37316,11073962,47.64,52.36,51.41,-3.77,R+3.8,,-3.77,,0.0,1.0,0.0,statewide
2018,2010s,Georgia,GA,GA-09,,False,False,93,governor; attorney general; state senate; state house,0,2,91,5257794,5778852,37316,11073962,47.64,52.36,51.41,-17.59,R+17.6,-31.41,-3.77,,0.5,0.5,0.0,house+statewide
2018,2010s,Georgia,GA,GA-10,,False,False,93,governor; attorney general; state senate; state house,0,2,91,5257794,5778852,37316,11073962,47.64,52.36,51.41,-9.28,R+9.3,-14.8,-3.77,,0.5,0.5,0.0,house+statewide
2018,2010s,Georgia,GA,GA-11,,False,False,93,governor; attorney general; state senate; state house,0,2,91,5257794,5778852,37316,11073962,47.64,52.36,51.41,-8.73,R+8.7,-13.7,-3.77,,0.5,0.5,0.0,house+statewide
2018,2010s,Georgia,GA,GA-12,,False,False,93,governor; attorney general; state senate; state house,0,2,91,5257794,5778852,37316,11073962,47.64,52.36,51.41,-7.58,R+7.6,-11.39,-3.77,,0.5,0.5,0.0,house+statewide
2018,2010s,Georgia,GA,GA-13,,False,False,93,governor; attorney general; state senate; state house,0,2,91,5257794,5778852,37316,11073962,47.64,52.36,51.41,10.26,D+10.3,24.28,-3.77,,0.5,0.5,0.0,house+statewide
2018,2010s,Georgia,GA,GA-14,,False,False,93,governor; attorney general; state senate; state house,0,2,91,5257794,5778852,37316,11073962,47.64,52.36,51.41,-16.09,R+16.1,-28.41,-3.77,,0.5,0.5,0.0,house+statewide
2018,2010s,Hawaii,HI,HI-01,,False,False,23,senate; governor; state senate; state house,1,1,21,636729,308951,15361,961041,67.33,32.67,51.41,18.04,D+18.0,24.08,13.26,16.79,0.334,0.333,0.333,house+statewide+senate
2018,2010s,Hawaii,HI,HI-02,,False,False,23,senate; governor; state senate; state house,1,1,21,636729,308951,15361,961041,67.33,32.67,51.41,18.5,D+18.5,25.46,13.26,16.79,0.334,0.333,0.333,house+statewide+senate
2018,2010s,Iowa,IA,IA-01,,False,False,52,governor; state senate; state house,0,1,51,1062168,1155096,32106,2249370,47.9,52.1,51.41,-1.4,R+1.4,0.7,-3.5,,0.5,0.5,0.0,house+statewide
2018,2010s,Iowa,IA,IA-02,,False,False,52,governor; state senate; state house,0,1,51,1062168,1155096,32106,2249370,47.9,52.1,51.41,0.43,D+0.4,4.35,-3.5,,0.5,0.5,0.0,house+statewide
2018,2010s,Iowa,IA,IA-03,,False,False,52,governor; state senate; state house,0,1,51,1062168,1155096,32106,2249370,47.9,52.1,51.41,-2.14,R+2.1,-0.78,-3.5,,0.5,0.5,0.0,house+statewide
2018,2010s,Iowa,IA,IA-04,,False,False,52,governor; state senate; state house,0,1,51,1062168,1155096,32106,2249370,47.9,52.1,51.41,-3.56,R+3.6,-3.62,-3.5,,0.5,0.5,0.0,house+statewide
2018,2010s,Idaho,ID,ID-01,,False,False,21,governor; state senate,0,1,20,383417,563161,14067,960645,40.51,59.49,51.41,-14.92,R+14.9,-18.95,-10.9,,0.5,0.5,0.0,house+statewide
2018,2010s,Idaho,ID,ID-02,,False,False,21,governor; state senate,0,1,20,383417,563161,14067,960645,40.51,59.49,51.41,-11.74,R+11.7,-12.58,-10.9,,0.5,0.5,0.0,house+statewide
2018,2010s,Illinois,IL,IL-01,,False,False,84,governor; attorney general; state senate; state house,0,2,82,7035349,5759544,418103,13212996,54.99,45.01,51.41,15.23,D+15.2,26.87,3.58,,0.5,0.5,0.0,house+statewide
2018,2010s,Illinois,IL,IL-02,,False,False,84,governor; attorney general; state senate; state house,0,2,82,7035349,5759544,418103,13212996,54.99,45.01,51.41,16.36,D+16.4,29.15,3.58,,0.5,0.5,0.0,house+statewide
2018,2010s,Illinois,IL,IL-03,,False,False,84,governor; attorney general; state senate; state house,0,2,82,7035349,5759544,418103,13212996,54.99,45.01,51.41,12.74,D+12.7,21.89,3.58,,0.5,0.5,0.0,house+statewide
2018,2010s,Illinois,IL,IL-04,,False,False,84,governor; attorney general; state senate; state house,0,2,82,7035349,5759544,418103,13212996,54.99,45.01,51.41,19.13,D+19.1,34.68,3.58,,0.5,0.5,0.0,house+statewide
2018,2010s,Illinois,IL,IL-05,,False,False,84,governor; attorney general; state senate; state house,0,2,82,7035349,5759544,418103,13212996,54.99,45.01,51.41,14.17,D+14.2,24.76,3.58,,0.5,0.5,0.0,house+statewide
2018,2010s,Illinois,IL,IL-06,,False,False,84,governor; attorney general; state senate; state house,0,2,82,7035349,5759544,418103,13212996,54.99,45.01,51.41,2.62,D+2.6,1.67,3.58,,0.5,0.5,0.0,house+statewide
2018,2010s,Illinois,IL,IL-07,,False,False,84,governor; attorney general; state senate; state house,0,2,82,7035349,5759544,418103,13212996,54.99,45.01,51.41,19.64,D+19.6,35.71,3.58,,0.5,0.5,0.0,house+statewide
2018,2010s,Illinois,IL,IL-08,,False,False,84,governor; attorney general; state senate; state house,0,2,82,7035349,5759544,418103,13212996,54.99,45.01,51.41,8.83,D+8.8,14.09,3.58,,0.5,0.5,0.0,house+statewide
2018,2010s,Illinois,IL,IL-09,,False,False,84,governor; attorney general; state senate; state house,0,2,82,7035349,5759544,418103,13212996,54.99,45.01,51.41,12.58,D+12.6,21.58,3.58,,0.5,0.5,0.0,house+statewide
2018,2010s,Illinois,IL,IL-10,,False,False,84,governor; attorney general; state senate; state house,0,2,82,7035349,5759544,418103,13212996,54.99,45.01,51.41,8.63,D+8.6,13.68,3.58,,0.5,0.5,0.0,house+statewide
2018,2010s,Illinois,IL,IL-11,,False,False,84,governor; attorney general; state senate; state house,0,2,82,7035349,5759544,418103,13212996,54.99,45.01,51.41,7.76,D+7.8,11.93,3.58,,0.5,0.5,0.0,house+statewide
2018,2010s,Illinois,IL,IL-12,,False,False,84,governor; attorney general; state senate; state house,0,2,82,7035349,5759544,418103,13212996,54.99,45.01,51.41,-0.76,R+0.8,-5.09,3.58,,0.5,0.5,0.0,house+statewide
2018,2010s,Illinois,IL,IL-13,,False,False,84,governor; attorney general; state senate; state house,0,2,82,7035349,5759544,418103,13212996,54.99,45.01,51.41,0.65,D+0.6,-2.29,3.58,,0.5,0.5,0.0,house+statewide
2018,2010s,Illinois,IL,IL-14,,False,False,84,governor; attorney general; state senate; state house,0,2,82,7035349,5759544,418103,13212996,54.99,45.01,51.41,2.09,D+2.1,0.6,3.58,,0.5,0.5,0.0,house+statewide
2018,2010s,Illinois,IL,IL-15,,False,False,84,governor; attorney general; state senate; state house,0,2,82,7035349,5759544,418103,13212996,54.99,45.01,51.41,-9.63,R+9.6,-22.83,3.58,,0.5,0.5,0.0,house+statewide
2018,2010s,Illinois,IL,IL-16,,False,False,84,governor; attorney general; state senate; state house,0,2,82,7035349,5759544,418103,13212996,54.99,45.01,51.41,-3.73,R+3.7,-11.03,3.58,,0.5,0.5,0.0,house+statewide
2018,2010s,Illinois,IL,IL-17,,False,False,84,governor; attorney general; state senate; state house,0,2,82,7035349,5759544,418103,13212996,54.99,45.01,51.41,6.88,D+6.9,10.19,3.58,,0.5,0.5,0.0,house+statewide
2018,2010s,Illinois,IL,IL-18,,False,False,84,governor; attorney general; state senate; state house,0,2,82,7035349,5759544,418103,13212996,54.99,45.01,51.41,-7.78,R+7.8,-19.14,3.58,,0.5,0.5,0.0,house+statewide
2018,2010s,Indiana,IN,IN-01,,False,False,20,senate; state senate,1,0,19,1392556,1652127,105708,3150391,45.74,54.26,51.41,-0.97,R+1.0,13.19,-8.65,-7.44,0.334,0.333,0.333,house+statewide+senate
2018,2010s,Indiana,IN,IN-02,,False,False,20,senate; state senate,1,0,19,1392556,1652127,105708,3150391,45.74,54.26,51.41,-7.61,R+7.6,-6.74,-8.65,-7.44,0.334,0.333,0.333,house+statewide+senate
2018,2010s,Indiana,IN,IN-03,,False,False,20,senate; state senate,1,0,19,1392556,1652127,105708,3150391,45.74,54.26,51.41,-10.91,R+10.9,-16.63,-8.65,-7.44,0.334,0.333,0.333,house+statewide+senate
2018,2010s,Indiana,IN,IN-04,,False,False,20,senate; state senate,1,0,19,1392556,1652127,105708,3150391,45.74,54.26,51.41,-10.69,R+10.7,-15.98,-8.65,-7.44,0.334,0.333,0.333,house+statewide+senate
2018,2010s,Indiana,IN,IN-05,,False,False,20,senate; state senate,1,0,19,1392556,1652127,105708,3150391,45.74,54.26,51.41,-8.25,R+8.3,-8.67,-8.65,-7.44,0.334,0.333,0.333,house+statewide+senate
2018,2010s,Indiana,IN,IN-06,,False,False,20,senate; state senate,1,0,19,1392556,1652127,105708,3150391,45.74,54.26,51.41,-11.33,R+11.3,-17.89,-8.65,-7.44,0.334,0.333,0.333,house+statewide+senate
2018,2010s,Indiana,IN,IN-07,,False,False,20,senate; state senate,1,0,19,1392556,1652127,105708,3150391,45.74,54.26,51.41,-1.05,R+1.0,12.96,-8.65,-7.44,0.334,0.333,0.333,house+statewide+senate
2018,2010s,Indiana,IN,IN-08,,False,False,20,senate; state senate,1,0,19,1392556,1652127,105708,3150391,45.74,54.26,51.41,-10.81,R+10.8,-16.34,-8.65,-7.44,0.334,0.333,0.333,house+statewide+senate
2018,2010s,Indiana,IN,IN-09,,False,False,20,senate; state senate,1,0,19,1392556,1652127,105708,3150391,45.74,54.26,51.41,-8.16,R+8.2,-8.39,-8.65,-7.44,0.334,0.333,0.333,house+statewide+senate
2018,2010s,Kansas,KS,KS-01,,False,False,1,governor,0,1,0,506727,453645,95194,1055566,52.76,47.24,51.41,-9.35,R+9.3,-20.05,1.36,,0.5,0.5,0.0,house+statewide
2018,2010s,Kansas,KS,KS-02,,False,False,1,governor,0,1,0,506727,453645,95194,1055566,52.76,47.24,51.41,-0.5,R+0.5,-2.35,1.36,,0.5,0.5,0.0,house+statewide
2018,2010s,Kansas,KS,KS-03,,False,False,1,governor,0,1,0,506727,453645,95194,1055566,52.76,47.24,51.41,2.2,D+2.2,3.05,1.36,,0.5,0.5,0.0,house+statewide
2018,2010s,Kansas,KS,KS-04,,False,False,1,governor,0,1,0,506727,453645,95194,1055566,52.76,47.24,51.41,-4.99,R+5.0,-11.34,1.36,,0.5,0.5,0.0,house+statewide
2018,2010s,Kentucky,KY,KY-01,,False,False,102,state senate; state house,0,0,102,935148,1149750,5624,2090522,44.85,55.15,51.41,-13.52,R+13.5,-20.49,-6.55,,0.5,0.5,0.0,house+statewide
2018,2010s,Kentucky,KY,KY-02,,False,False,102,state senate; state house,0,0,102,935148,1149750,5624,2090522,44.85,55.15,51.41,-13.34,R+13.3,-20.13,-6.55,,0.5,0.5,0.0,house+statewide
2018,2010s,Kentucky,KY,KY-03,,False,False,102,state senate; state house,0,0,102,935148,1149750,5624,2090522,44.85,55.15,51.41,2.22,D+2.2,11.0,-6.55,,0.5,0.5,0.0,house+statewide
2018,2010s,Kentucky,KY,KY-04,,False,False,102,state senate; state house,0,0,102,935148,1149750,5624,2090522,44.85,55.15,51.41,-11.37,R+11.4,-16.19,-6.55,,0.5,0.5,0.0,house+statewide
2018,2010s,Kentucky,KY,KY-05,,False,False,102,state senate; state house,0,0,102,935148,1149750,5624,2090522,44.85,55.15,51.41,-18.7,R+18.7,-30.85,-6.55,,0.5,0.5,0.0,house+statewide
2018,2010s,Kentucky,KY,KY-06,,False,False,102,state senate; state house,0,0,102,935148,1149750,5624,2090522,44.85,55.15,51.41,-5.04,R+5.0,-3.53,-6.55,,0.5,0.5,0.0,house+statewide
2018,2010s,Louisiana,LA,LA-01,,False,False,0,,0,0,0,0,0,0,0,,,51.41,-24.83,R+24.8,-24.83,,,1.0,0.0,0.0,house
2018,2010s,Louisiana,LA,LA-02,,False,True,0,,0,0,0,0,0,0,0,,,51.41,,,,,,0.0,0.0,0.0,
2018,2010s,Louisiana,LA,LA-03,,False,False,0,,0,0,0,0,0,0,0,,,51.41,-21.16,R+21.2,-21.16,,,1.0,0.0,0.0,house
2018,2010s,Louisiana,LA,LA-04,,False,False,0,,0,0,0,0,0,0,0,,,51.41,-17.55,R+17.5,-17.55,,,1.0,0.0,0.0,house
2018,2010s,Louisiana,LA,LA-05,,False,False,0,,0,0,0,0,0,0,0,,,51.41,-20.83,R+20.8,-20.83,,,1.0,0.0,0.0,house
2018,2010s,Louisiana,LA,LA-06,,False,False,0,,0,0,0,0,0,0,0,,,51.41,-22.77,R+22.8,-22.77,,,1.0,0.0,0.0,house
2018,2010s,Massachusetts,MA,MA-01,,False,True,2,senate; governor,1,1,0,2519141,2760551,102013,5381705,47.71,52.29,51.41,-5.02,R+5.0,,-18.2,8.16,0.0,0.5,0.5,statewide+senate
2018,2010s,Massachusetts,MA,MA-02,,False,False,2,senate; governor,1,1,0,2519141,2760551,102013,5381705,47.71,52.29,51.41,1.75,D+1.8,15.29,-18.2,8.16,0.334,0.333,0.333,house+statewide+senate
2018,2010s,Massachusetts,MA,MA-03,,False,False,2,senate; governor,1,1,0,2519141,2760551,102013,5381705,47.71,52.29,51.41,1.0,D+1.0,13.05,-18.2,8.16,0.334,0.333,0.333,house+statewide+senate
2018,2010s,Massachusetts,MA,MA-04,,False,True,2,senate; governor,1,1,0,2519141,2760551,102013,5381705,47.71,52.29,51.41,-5.02,R+5.0,,-18.2,8.16,0.0,0.5,0.5,statewide+senate
2018,2010s,Massachusetts,MA,MA-05,,False,False,2,senate; governor,1,1,0,2519141,2760551,102013,5381705,47.71,52.29,51.41,4.67,D+4.7,24.03,-18.2,8.16,0.334,0.333,0.333,house+statewide+senate
2018,2010s,Massachusetts,MA,MA-06,,False,False,2,senate; governor,1,1,0,2519141,2760551,102013,5381705,47.71,52.29,51.41,1.85,D+1.9,15.6,-18.2,8.16,0.334,0.333,0.333,house+statewide+senate
2018,2010s,Massachusetts,MA,MA-07,,False,True,2,senate; governor,1,1,0,2519141,2760551,102013,5381705,47.71,52.29,51.41,-5.02,R+5.0,,-18.2,8.16,0.0,0.5,0.5,statewide+senate
2018,2010s,Massachusetts,MA,MA-08,,False,True,2,senate; governor,1,1,0,2519141,2760551,102013,5381705,47.71,52.29,51.41,-5.02,R+5.0,,-18.2,8.16,0.0,0.5,0.5,statewide+senate
2018,2010s,Massachusetts,MA,MA-09,,False,False,2,senate; governor,1,1,0,2519141,2760551,102013,5381705,47.71,52.29,51.41,-0.85,R+0.8,7.5,-18.2,8.16,0.334,0.333,0.333,house+statewide+senate
2018,2010s,Maryland,MD,MD-01,,False,False,85,senate; governor; attorney general; state senate; state house,1,2,82,7221572,4838820,174126,12234518,59.88,40.12,51.41,2.45,D+2.5,-13.07,6.64,13.79,0.334,0.333,0.333,house+statewide+senate
2018,2010s,Maryland,MD,MD-02,,False,False,85,senate; governor; attorney general; state senate; state house,1,2,82,7221572,4838820,174126,12234518,59.88,40.12,51.41,12.26,D+12.3,16.34,6.64,13.79,0.334,0.333,0.333,house+statewide+senate
2018,2010s,Maryland,MD,MD-03,,False,False,85,senate; governor; attorney general; state senate; state house,1,2,82,7221572,4838820,174126,12234518,59.88,40.12,51.41,13.17,D+13.2,19.07,6.64,13.79,0.334,0.333,0.333,house+statewide+senate
2018,2010s,Maryland,MD,MD-04,,False,False,85,senate; governor; attorney general; state senate; state house,1,2,82,7221572,4838820,174126,12234518,59.88,40.12,51.41,16.08,D+16.1,27.82,6.64,13.79,0.334,0.333,0.333,house+statewide+senate
2018,2010s,Maryland,MD,MD-05,,False,False,85,senate; governor; attorney general; state senate; state house,1,2,82,7221572,4838820,174126,12234518,59.88,40.12,51.41,13.57,D+13.6,20.28,6.64,13.79,0.334,0.333,0.333,house+statewide+senate
2018,2010s,Maryland,MD,MD-06,,False,False,85,senate; governor; attorney general; state senate; state house,1,2,82,7221572,4838820,174126,12234518,59.88,40.12,51.41,9.78,D+9.8,8.92,6.64,13.79,0.334,0.333,0.333,house+statewide+senate
2018,2010s,Maryland,MD,MD-07,,False,False,85,senate; governor; attorney general; state senate; state house,1,2,82,7221572,4838820,174126,12234518,59.88,40.12,51.41,15.59,D+15.6,26.34,6.64,13.79,0.334,0.333,0.333,house+statewide+senate
2018,2010s,Maryland,MD,MD-08,,False,False,85,senate; governor; attorney general; state senate; state house,1,2,82,7221572,4838820,174126,12234518,59.88,40.12,51.41,12.6,D+12.6,17.37,6.64,13.79,0.334,0.333,0.333,house+statewide+senate
2018,2010s,Maine,ME,ME-01,,False,False,158,senate; governor; state senate; state house,1,1,156,968340,997948,387272,2353560,49.25,50.75,51.41,-5.53,R+5.5,12.5,2.4,-31.49,0.334,0.333,0.333,house+statewide+senate
2018,2010s,Maine,ME,ME-02,,False,False,158,senate; governor; state senate; state house,1,1,156,968340,997948,387272,2353560,49.25,50.75,51.41,-10.29,R+10.3,-1.78,2.4,-31.49,0.334,0.333,0.333,house+statewide+senate
2018,2010s,Michigan,MI,MI-01,,False,False,41,senate; governor; attorney general; state senate,1,2,38,8585884,7683314,473546,16742744,52.77,47.23,51.41,-2.69,R+2.7,-8.22,1.18,-1.04,0.334,0.333,0.333,house+statewide+senate
2018,2010s,Michigan,MI,MI-02,,False,False,41,senate; governor; attorney general; state senate,1,2,38,8585884,7683314,473546,16742744,52.77,47.23,51.41,-2.68,R+2.7,-8.19,1.18,-1.04,0.334,0.333,0.333,house+statewide+senate
2018,2010s,Michigan,MI,MI-03,,False,False,41,senate; governor; attorney general; state senate,1,2,38,8585884,7683314,473546,16742744,52.77,47.23,51.41,-2.51,R+2.5,-7.66,1.18,-1.04,0.334,0.333,0.333,house+statewide+senate
2018,2010s,Michigan,MI,MI-04,,False,False,41,senate; governor; attorney general; state senate,1,2,38,8585884,7683314,473546,16742744,52.77,47.23,51.41,-4.8,R+4.8,-14.53,1.18,-1.04,0.334,0.333,0.333,house+statewide+senate
2018,2010s,Michigan,MI,MI-05,,False,False,41,senate; governor; attorney general; state senate,1,2,38,8585884,7683314,473546,16742744,52.77,47.23,51.41,3.53,D+3.5,10.46,1.18,-1.04,0.334,0.333,0.333,house+statewide+senate
2018,2010s,Michigan,MI,MI-06,,False,False,41,senate; governor; attorney general; state senate,1,2,38,8585884,7683314,473546,16742744,52.77,47.23,51.41,-1.38,R+1.4,-4.28,1.18,-1.04,0.334,0.333,0.333,house+statewide+senate
2018,2010s,Michigan,MI,MI-07,,False,False,41,senate; governor; attorney general; state senate,1,2,38,8585884,7683314,473546,16742744,52.77,47.23,51.41,-1.85,R+1.9,-5.7,1.18,-1.04,0.334,0.333,0.333,house+statewide+senate
2018,2010s,Michigan,MI,MI-08,,False,False,41,senate; governor; attorney general; state senate,1,2,38,8585884,7683314,473546,16742744,52.77,47.23,51.41,0.07,D+0.1,0.06,1.18,-1.04,0.334,0.333,0.333,house+statewide+senate
2018,2010s,Michigan,MI,MI-09,,False,False,41,senate; governor; attorney general; state senate,1,2,38,8585884,7683314,473546,16742744,52.77,47.23,51.41,3.36,D+3.4,9.94,1.18,-1.04,0.334,0.333,0.333,house+statewide+senate
2018,2010s,Michigan,MI,MI-10,,False,False,41,senate; governor; attorney general; state senate,1,2,38,8585884,7683314,473546,16742744,52.77,47.23,51.41,-5.02,R+5.0,-15.19,1.18,-1.04,0.334,0.333,0.333,house+statewide+senate
2018,2010s,Michigan,MI,MI-11,,False,False,41,senate; governor; attorney general; state senate,1,2,38,8585884,7683314,473546,16742744,52.77,47.23,51.41,0.56,D+0.6,1.54,1.18,-1.04,0.334,0.333,0.333,house+statewide+senate
2018,2010s,Michigan,MI,MI-12,,False,False,41,senate; governor; attorney general; state senate,1,2,38,8585884,7683314,473546,16742744,52.77,47.23,51.41,6.15,D+6.1,18.3,1.18,-1.04,0.334,0.333,0.333,house+statewide+senate
2018,2010s,Michigan,MI,MI-13,,False,True,41,senate; governor; attorney general; state senate,1,2,38,8585884,7683314,473546,16742744,52.77,47.23,51.41,0.07,D+0.1,,1.18,-1.04,0.0,0.5,0.5,statewide+senate
2018,2010s,Michigan,MI,MI-14,,False,False,41,senate; governor; attorney general; state senate,1,2,38,8585884,7683314,473546,16742744,52.77,47.23,51.41,10.2,D+10.2,30.46,1.18,-1.04,0.334,0.333,0.333,house+statewide+senate
2018,2010s,Minnesota,MN,MN-01,,False,True,117,senate; governor; attorney general; state house,2,2,113,6736503,5259748,462553,12458804,56.16,43.84,51.41,3.69,D+3.7,,2.7,4.69,0.0,0.5,0.5,statewide+senate
2018,2010s,Minnesota,MN,MN-02,,False,True,117,senate; governor; attorney general; state house,2,2,113,6736503,5259748,462553,12458804,56.16,43.84,51.41,3.69,D+3.7,,2.7,4.69,0.0,0.5,0.5,statewide+senate
2018,2010s,Minnesota,MN,MN-03,,False,True,117,senate; governor; attorney general; state house,2,2,113,6736503,5259748,462553,12458804,56.16,43.84,51.41,3.69,D+3.7,,2.7,4.69,0.0,0.5,0.5,statewide+senate
2018,2010s,Minnesota,MN,MN-04,,False,True,117,senate; governor; attorney general; state house,2,2,113,6736503,5259748,462553,12458804,56.16,43.84,51.41,3.69,D+3.7,,2.7,4.69,0.0,0.5,0.5,statewide+senate
2018,2010s,Minnesota,MN,MN-05,,False,True,117,senate; governor; attorney general; state house,2,2,113,6736503,5259748,462553,12458804,56.16,43.84,51.41,3.69,D+3.7,,2.7,4.69,0.0,0.5,0.5,statewide+senate
2018,2010s,Minnesota,MN,MN-06,,False,True,117,senate; governor; attorney general; state house,2,2,113,6736503,5259748,462553,12458804,56.16,43.84,51.41,3.69,D+3.7,,2.7,4.69,0.0,0.5,0.5,statewide+senate
2018,2010s,Minnesota,MN,MN-07,,False,True,117,senate; governor; attorney general; state house,2,2,113,6736503,5259748,462553,12458804,56.16,43.84,51.41,3.69,D+3.7,,2.7,4.69,0.0,0.5,0.5,statewide+senate
2018,2010s,Minnesota,MN,MN-08,,False,True,117,senate; governor; attorney general; state house,2,2,113,6736503,5259748,462553,12458804,56.16,43.84,51.41,3.69,D+3.7,,2.7,4.69,0.0,0.5,0.5,statewide+senate
2018,2010s,Missouri,MO,MO-01,,False,False,17,senate; state senate,1,0,16,1556085,1965867,81820,3603772,44.18,55.82,51.41,3.49,D+3.5,30.83,-13.01,-7.36,0.334,0.333,0.333,house+statewide+senate
2018,2010s,Missouri,MO,MO-02,,False,False,17,senate; state senate,1,0,16,1556085,1965867,81820,3603772,44.18,55.82,51.41,-8.09,R+8.1,-3.91,-13.01,-7.36,0.334,0.333,0.333,house+statewide+senate
2018,2010s,Missouri,MO,MO-03,,False,False,17,senate; state senate,1,0,16,1556085,1965867,81820,3603772,44.18,55.82,51.41,-12.91,R+12.9,-18.37,-13.01,-7.36,0.334,0.333,0.333,house+statewide+senate
2018,2010s,Missouri,MO,MO-04,,False,False,17,senate; state senate,1,0,16,1556085,1965867,81820,3603772,44.18,55.82,51.41,-12.91,R+12.9,-18.36,-13.01,-7.36,0.334,0.333,0.333,house+statewide+senate
2018,2010s,Missouri,MO,MO-05,,False,False,17,senate; state senate,1,0,16,1556085,1965867,81820,3603772,44.18,55.82,51.41,-2.96,R+3.0,11.49,-13.01,-7.36,0.334,0.333,0.333,house+statewide+senate
2018,2010s,Missouri,MO,MO-06,,False,False,17,senate; state senate,1,0,16,1556085,1965867,81820,3603772,44.18,55.82,51.41,-13.15,R+13.1,-19.07,-13.01,-7.36,0.334,0.333,0.333,house+statewide+senate
2018,2010s,Missouri,MO,MO-07,,False,False,17,senate; state senate,1,0,16,1556085,1965867,81820,3603772,44.18,55.82,51.41,-13.68,R+13.7,-20.67,-13.01,-7.36,0.334,0.333,0.333,house+statewide+senate
2018,2010s,Missouri,MO,MO-08,,False,False,17,senate; state senate,1,0,16,1556085,1965867,81820,3603772,44.18,55.82,51.41,-15.62,R+15.6,-26.48,-13.01,-7.36,0.334,0.333,0.333,house+statewide+senate
2018,2010s,Mississippi,MS,MS-01,,False,False,1,senate,1,0,0,369567,547619,19029,936215,40.29,59.71,51.41,-16.68,R+16.7,-19.29,,-14.07,0.5,0.0,0.5,house+senate
2018,2010s,Mississippi,MS,MS-02,,False,True,1,senate,1,0,0,369567,547619,19029,936215,40.29,59.71,51.41,-14.07,R+14.1,,,-14.07,0.0,0.0,1.0,senate
2018,2010s,Mississippi,MS,MS-03,,False,False,1,senate,1,0,0,369567,547619,19029,936215,40.29,59.71,51.41,-14.45,R+14.4,-14.83,,-14.07,0.5,0.0,0.5,house+senate
2018,2010s,Mississippi,MS,MS-04,,False,False,1,senate,1,0,0,369567,547619,19029,936215,40.29,59.71,51.41,-17.45,R+17.5,-20.84,,-14.07,0.5,0.0,0.5,house+senate
2018,2010s,Montana,MT,MT-AL,,True,False,86,senate; state senate; state house,1,0,85,477729,515968,16905,1010602,48.08,51.92,51.41,-4.6,R+4.6,-4.29,-6.98,-2.53,0.334,0.333,0.333,house+statewide+senate
2018,2010s,North Carolina,NC,NC-01,,False,False,167,state senate; state house,0,0,167,3684755,3573827,58656,7317238,50.76,49.24,51.41,8.65,D+8.6,17.94,-0.64,,0.5,0.5,0.0,house+statewide
2018,2010s,North Carolina,NC,NC-02,,False,False,167,state senate; state house,0,0,167,3684755,3573827,58656,7317238,50.76,49.24,51.41,-2.68,R+2.7,-4.72,-0.64,,0.5,0.5,0.0,house+statewide
2018,2010s,North Carolina,NC,NC-03,,False,True,167,state senate; state house,0,0,167,3684755,3573827,58656,7317238,50.76,49.24,51.41,-0.64,R+0.6,,-0.64,,0.0,1.0,0.0,statewide
2018,2010s,North Carolina,NC,NC-04,,False,False,167,state senate; state house,0,0,167,3684755,3573827,58656,7317238,50.76,49.24,51.41,11.27,D+11.3,23.19,-0.64,,0.5,0.5,0.0,house+statewide
2018,2010s,North Carolina,NC,NC-05,,False,False,167,state senate; state house,0,0,167,3684755,3573827,58656,7317238,50.76,49.24,51.41,-4.78,R+4.8,-8.92,-0.64,,0.5,0.5,0.0,house+statewide
2018,2010s,North Carolina,NC,NC-06,,False,False,167,state senate; state house,0,0,167,3684755,3573827,58656,7317238,50.76,49.24,51.41,-4.53,R+4.5,-8.42,-0.64,,0.5,0.5,0.0,house+statewide
2018,2010s,North Carolina,NC,NC-07,,False,False,167,state senate; state house,0,0,167,3684755,3573827,58656,7317238,50.76,49.24,51.41,-4.51,R+4.5,-8.38,-0.64,,0.5,0.5,0.0,house+statewide
2018,2010s,North Carolina,NC,NC-08,,False,False,167,state senate; state house,0,0,167,3684755,3573827,58656,7317238,50.76,49.24,51.41,-3.94,R+3.9,-7.24,-0.64,,0.5,0.5,0.0,house+statewide
2018,2010s,North Carolina,NC,NC-09,,False,False,167,state senate; state house,0,0,167,3684755,3573827,58656,7317238,50.76,49.24,51.41,-1.36,R+1.4,-2.07,-0.64,,0.5,0.5,0.0,house+statewide
2018,2010s,North Carolina,NC,NC-10,,False,False,167,state senate; state house,0,0,167,3684755,3573827,58656,7317238,50.76,49.24,51.41,-5.92,R+5.9,-11.2,-0.64,,0.5,0.5,0.0,house+statewide
2018,2010s,North Carolina,NC,NC-11,,False,False,167,state senate; state house,0,0,167,3684755,3573827,58656,7317238,50.76,49.24,51.41,-6.49,R+6.5,-12.35,-0.64,,0.5,0.5,0.0,house+statewide
2018,2010s,North Carolina,NC,NC-12,,False,False,167,state senate; state house,0,0,167,3684755,3573827,58656,7317238,50.76,49.24,51.41,10.26,D+10.3,21.17,-0.64,,0.5,0.5,0.0,house+statewide
2018,2010s,North Carolina,NC,NC-13,,False,False,167,state senate; state house,0,0,167,3684755,3573827,58656,7317238,50.76,49.24,51.41,-2.82,R+2.8,-4.99,-0.64,,0.5,0.5,0.0,house+statewide
2018,2010s,North Dakota,ND,ND-AL,,True,False,21,senate; state senate,1,0,20,197923,257008,3434,458365,43.51,56.49,51.41,-11.69,R+11.7,-14.76,-10.48,-9.81,0.334,0.333,0.333,house+statewide+senate
2018,2010s,Nebraska,NE,NE-01,,False,False,2,senate; governor,1,1,0,556086,814963,25815,1396864,40.56,59.44,51.41,-12.31,R+12.3,-12.27,-10.41,-14.26,0.334,0.333,0.333,house+statewide+senate
2018,2010s,Nebraska,NE,NE-02,,False,False,2,senate; governor,1,1,0,556086,814963,25815,1396864,40.56,59.44,51.41,-9.19,R+9.2,-2.9,-10.41,-14.26,0.334,0.333,0.333,house+statewide+senate
2018,2010s,Nebraska,NE,NE-03,,False,False,2,senate; governor,1,1,0,556086,814963,25815,1396864,40.56,59.44,51.41,-17.76,R+17.8,-28.63,-10.41,-14.26,0.334,0.333,0.333,house+statewide+senate
2018,2010s,New Hampshire,NH,NH-01,,False,False,194,governor; state senate; state house,0,1,193,1443137,1374030,19792,2836959,51.23,48.77,51.41,1.13,D+1.1,2.43,-0.18,,0.5,0.5,0.0,house+statewide
2018,2010s,New Hampshire,NH,NH-02,,False,False,194,governor; state senate; state house,0,1,193,1443137,1374030,19792,2836959,51.23,48.77,51.41,2.39,D+2.4,4.95,-0.18,,0.5,0.5,0.0,house+statewide
2018,2010s,New Jersey,NJ,NJ-01,,False,False,1,senate,1,0,0,1711654,1357355,100301,3169310,55.77,44.23,51.41,7.71,D+7.7,14.01,,1.41,0.5,0.0,0.5,house+senate
2018,2010s,New Jersey,NJ,NJ-02,,False,False,1,senate,1,0,0,1711654,1357355,100301,3169310,55.77,44.23,51.41,1.71,D+1.7,2.0,,1.41,0.5,0.0,0.5,house+senate
2018,2010s,New Jersey,NJ,NJ-03,,False,False,1,senate,1,0,0,1711654,1357355,100301,3169310,55.77,44.23,51.41,0.08,D+0.1,-1.25,,1.41,0.5,0.0,0.5,house+senate
2018,2010s,New Jersey,NJ,NJ-04,,False,False,1,senate,1,0,0,1711654,1357355,100301,3169310,55.77,44.23,51.41,-3.37,R+3.4,-8.15,,1.41,0.5,0.0,0.5,house+senate
2018,2010s,New Jersey,NJ,NJ-05,,False,False,1,senate,1,0,0,1711654,1357355,100301,3169310,55.77,44.23,51.41,3.22,D+3.2,5.02,,1.41,0.5,0.0,0.5,house+senate
2018,2010s,New Jersey,NJ,NJ-06,,False,False,1,senate,1,0,0,1711654,1357355,100301,3169310,55.77,44.23,51.41,6.55,D+6.6,11.69,,1.41,0.5,0.0,0.5,house+senate
2018,2010s,New Jersey,NJ,NJ-07,,False,False,1,senate,1,0,0,1711654,1357355,100301,3169310,55.77,44.23,51.41,1.03,D+1.0,0.64,,1.41,0.5,0.0,0.5,house+senate
2018,2010s,New Jersey,NJ,NJ-08,,False,False,1,senate,1,0,0,1711654,1357355,100301,3169310,55.77,44.23,51.41,15.1,D+15.1,28.78,,1.41,0.5,0.0,0.5,house+senate
2018,2010s,New Jersey,NJ,NJ-09,,False,False,1,senate,1,0,0,1711654,1357355,100301,3169310,55.77,44.23,51.41,10.19,D+10.2,18.96,,1.41,0.5,0.0,0.5,house+senate
2018,2010s,New Jersey,NJ,NJ-10,,False,False,1,senate,1,0,0,1711654,1357355,100301,3169310,55.77,44.23,51.41,19.59,D+19.6,37.77,,1.41,0.5,0.0,0.5,house+senate
2018,2010s,New Jersey,NJ,NJ-11,,False,False,1,senate,1,0,0,1711654,1357355,100301,3169310,55.77,44.23,51.41,3.45,D+3.5,5.49,,1.41,0.5,0.0,0.5,house+senate
2018,2010s,New Jersey,NJ,NJ-12,,False,False,1,senate,1,0,0,1711654,1357355,100301,3169310,55.77,44.23,51.41,9.09,D+9.1,16.78,,1.41,0.5,0.0,0.5,house+senate
2018,2010s,New Mexico,NM,NM-01,,False,False,34,senate; governor; state house,1,1,32,955587,669932,107201,1732720,58.79,41.21,51.41,8.02,D+8.0,10.04,4.46,9.56,0.334,0.333,0.333,house+statewide+senate
2018,2010s,New Mexico,NM,NM-02,,False,False,34,senate; governor; state house,1,1,32,955587,669932,107201,1732720,58.79,41.21,51.41,4.35,D+4.3,-0.97,4.46,9.56,0.334,0.333,0.333,house+statewide+senate
2018,2010s,New Mexico,NM,NM-03,,False,False,34,senate; governor; state house,1,1,32,955587,669932,107201,1732720,58.79,41.21,51.41,9.7,D+9.7,15.1,4.46,9.56,0.334,0.333,0.333,house+statewide+senate
2018,2010s,Nevada,NV,NV-01,,False,False,39,senate; governor; attorney general; state senate; state house,1,2,36,1971243,1892303,119111,3982657,51.02,48.98,51.41,4.55,D+4.6,16.28,-0.89,-1.74,0.334,0.333,0.333,house+statewide+senate
2018,2010s,Nevada,NV,NV-02,,False,False,39,senate; governor; attorney general; state senate; state house,1,2,36,1971243,1892303,119111,3982657,51.02,48.98,51.41,-4.26,R+4.3,-10.14,-0.89,-1.74,0.334,0.333,0.333,house+statewide+senate
2018,2010s,Nevada,NV,NV-03,,False,False,39,senate; governor; attorney general; state senate; state house,1,2,36,1971243,1892303,119111,3982657,51.02,48.98,51.41,0.08,D+0.1,2.88,-0.89,-1.74,0.334,0.333,0.333,house+statewide+senate
2018,2010s,Nevada,NV,NV-04,,False,False,39,senate; governor; attorney general; state senate; state house,1,2,36,1971243,1892303,119111,3982657,51.02,48.98,51.41,-0.09,R+0.1,2.37,-0.89,-1.74,0.334,0.333,0.333,house+statewide+senate
2018,2010s,New York,NY,NY-01,,False,False,43,senate; governor; attorney general; state senate,1,2,40,12921133,7233918,4656376,24811427,64.11,35.89,51.41,7.07,D+7.1,-3.97,11.08,14.1,0.334,0.333,0.333,house+statewide+senate
2018,2010s,New York,NY,NY-02,,False,False,43,senate; governor; attorney general; state senate,1,2,40,12921133,7233918,4656376,24811427,64.11,35.89,51.41,6.72,D+6.7,-5.01,11.08,14.1,0.334,0.333,0.333,house+statewide+senate
2018,2010s,New York,NY,NY-03,,False,False,43,senate; governor; attorney general; state senate,1,2,40,12921133,7233918,4656376,24811427,64.11,35.89,51.41,10.75,D+10.8,7.08,11.08,14.1,0.334,0.333,0.333,house+statewide+senate
2018,2010s,New York,NY,NY-04,,False,False,43,senate; governor; attorney general; state senate,1,2,40,12921133,7233918,4656376,24811427,64.11,35.89,51.41,11.53,D+11.5,9.43,11.08,14.1,0.334,0.333,0.333,house+statewide+senate
2018,2010s,New York,NY,NY-05,,False,True,43,senate; governor; attorney general; state senate,1,2,40,12921133,7233918,4656376,24811427,64.11,35.89,51.41,12.59,D+12.6,,11.08,14.1,0.0,0.5,0.5,statewide+senate
2018,2010s,New York,NY,NY-06,,False,True,43,senate; governor; attorney general; state senate,1,2,40,12921133,7233918,4656376,24811427,64.11,35.89,51.41,12.59,D+12.6,,11.08,14.1,0.0,0.5,0.5,statewide+senate
2018,2010s,New York,NY,NY-07,,False,True,43,senate; governor; attorney general; state senate,1,2,40,12921133,7233918,4656376,24811427,64.11,35.89,51.41,12.59,D+12.6,,11.08,14.1,0.0,0.5,0.5,statewide+senate
2018,2010s,New York,NY,NY-08,,False,True,43,senate; governor; attorney general; state senate,1,2,40,12921133,7233918,4656376,24811427,64.11,35.89,51.41,12.59,D+12.6,,11.08,14.1,0.0,0.5,0.5,statewide+senate
2018,2010s,New York,NY,NY-09,,False,False,43,senate; governor; attorney general; state senate,1,2,40,12921133,7233918,4656376,24811427,64.11,35.89,51.41,20.98,D+21.0,37.77,11.08,14.1,0.334,0.333,0.333,house+statewide+senate
2018,2010s,New York,NY,NY-10,,False,False,43,senate; governor; attorney general; state senate,1,2,40,12921133,7233918,4656376,24811427,64.11,35.89,51.41,18.47,D+18.5,30.23,11.08,14.1,0.334,0.333,0.333,house+statewide+senate
2018,2010s,New York,NY,NY-11,,False,False,43,senate; governor; attorney general; state senate,1,2,40,12921133,7233918,4656376,24811427,64.11,35.89,51.41,8.83,D+8.8,1.33,11.08,14.1,0.334,0.333,0.333,house+statewide+senate
2018,2010s,New York,NY,NY-12,,False,False,43,senate; governor; attorney general; state senate,1,2,40,12921133,7233918,4656376,24811427,64.11,35.89,51.41,20.33,D+20.3,35.81,11.08,14.1,0.334,0.333,0.333,house+statewide+senate
2018,2010s,New York,NY,NY-13,,False,False,43,senate; governor; attorney general; state senate,1,2,40,12921133,7233918,4656376,24811427,64.11,35.89,51.41,22.62,D+22.6,42.7,11.08,14.1,0.334,0.333,0.333,house+statewide+senate
2018,2010s,New York,NY,NY-14,,False,False,43,senate; governor; attorney general; state senate,1,2,40,12921133,7233918,4656376,24811427,64.11,35.89,51.41,19.48,D+19.5,33.27,11.08,14.1,0.334,0.333,0.333,house+statewide+senate
2018,2010s,New York,NY,NY-15,,False,False,43,senate; governor; attorney general; state senate,1,2,40,12921133,7233918,4656376,24811427,64.11,35.89,51.41,23.08,D+23.1,44.08,11.08,14.1,0.334,0.333,0.333,house+statewide+senate
2018,2010s,New York,NY,NY-16,,False,True,43,senate; governor; attorney general; state senate,1,2,40,12921133,7233918,4656376,24811427,64.11,35.89,51.41,12.59,D+12.6,,11.08,14.1,0.0,0.5,0.5,statewide+senate
2018,2010s,New York,NY,NY-17,,False,True,43,senate; governor; attorney general; state senate,1,2,40,12921133,7233918,4656376,24811427,64.11,35.89,51.41,12.59,D+12.6,,11.08,14.1,0.0,0.5,0.5,statewide+senate
2018,2010s,New York,NY,NY-18,,False,False,43,senate; governor; attorney general; state senate,1,2,40,12921133,7233918,4656376,24811427,64.11,35.89,51.41,9.58,D+9.6,3.56,11.08,14.1,0.334,0.333,0.333,house+statewide+senate
2018,2010s,New York,NY,NY-19,,False,False,43,senate; governor; attorney general; state senate,1,2,40,12921133,7233918,4656376,24811427,64.11,35.89,51.41,8.65,D+8.6,0.77,11.08,14.1,0.334,0.333,0.333,house+statewide+senate
2018,2010s,New York,NY,NY-20,,False,False,43,senate; governor; attorney general; state senate,1,2,40,12921133,7233918,4656376,24811427,64.11,35.89,51.41,13.26,D+13.3,14.6,11.08,14.1,0.334,0.333,0.333,house+statewide+senate
2018,2010s,New York,NY,NY-21,,False,False,43,senate; governor; attorney general; state senate,1,2,40,12921133,7233918,4656376,24811427,64.11,35.89,51.41,5.44,D+5.4,-8.85,11.08,14.1,0.334,0.333,0.333,house+statewide+senate
2018,2010s,New York,NY,NY-22,,False,False,43,senate; governor; attorney general; state senate,1,2,40,12921133,7233918,4656376,24811427,64.11,35.89,51.41,8.05,D+8.1,-1.01,11.08,14.1,0.334,0.333,0.333,house+statewide+senate
2018,2010s,New York,NY,NY-23,,False,False,43,senate; governor; attorney general; state senate,1,2,40,12921133,7233918,4656376,24811427,64.11,35.89,51.41,6.34,D+6.3,-6.15,11.08,14.1,0.334,0.333,0.333,house+statewide+senate
2018,2010s,New York,NY,NY-24,,False,False,43,senate; governor; attorney general; state senate,1,2,40,12921133,7233918,4656376,24811427,64.11,35.89,51.41,6.88,D+6.9,-4.54,11.08,14.1,0.334,0.333,0.333,house+statewide+senate
2018,2010s,New York,NY,NY-25,,False,False,43,senate; governor; attorney general; state senate,1,2,40,12921133,7233918,4656376,24811427,64.11,35.89,51.41,10.75,D+10.7,7.08,11.08,14.1,0.334,0.333,0.333,house+statewide+senate
2018,2010s,New York,NY,NY-26,,False,False,43,senate; governor; attorney general; state senate,1,2,40,12921133,7233918,4656376,24811427,64.11,35.89,51.41,15.54,D+15.5,21.44,11.08,14.1,0.334,0.333,0.333,house+statewide+senate
2018,2010s,New York,NY,NY-27,,False,False,43,senate; governor; attorney general; state senate,1,2,40,12921133,7233918,4656376,24811427,64.11,35.89,51.41,7.69,D+7.7,-2.1,11.08,14.1,0.334,0.333,0.333,house+statewide+senate
2018,2010s,Ohio,OH,OH-01,,False,False,20,senate; governor; attorney general; state senate,1,2,17,7658596,7598577,138044,15395217,50.2,49.8,51.41,-2.54,R+2.5,-4.15,-2.52,-0.95,0.334,0.333,0.333,house+statewide+senate
2018,2010s,Ohio,OH,OH-02,,False,False,20,senate; governor; attorney general; state senate,1,2,17,7658596,7598577,138044,15395217,50.2,49.8,51.41,-4.55,R+4.6,-10.19,-2.52,-0.95,0.334,0.333,0.333,house+statewide+senate
2018,2010s,Ohio,OH,OH-03,,False,False,20,senate; governor; attorney general; state senate,1,2,17,7658596,7598577,138044,15395217,50.2,49.8,51.41,6.08,D+6.1,21.7,-2.52,-0.95,0.334,0.333,0.333,house+statewide+senate
2018,2010s,Ohio,OH,OH-04,,False,False,20,senate; governor; attorney general; state senate,1,2,17,7658596,7598577,138044,15395217,50.2,49.8,51.41,-6.89,R+6.9,-17.19,-2.52,-0.95,0.334,0.333,0.333,house+statewide+senate
2018,2010s,Ohio,OH,OH-05,,False,False,20,senate; governor; attorney general; state senate,1,2,17,7658596,7598577,138044,15395217,50.2,49.8,51.41,-6.44,R+6.4,-15.85,-2.52,-0.95,0.334,0.333,0.333,house+statewide+senate
2018,2010s,Ohio,OH,OH-06,,False,False,20,senate; governor; attorney general; state senate,1,2,17,7658596,7598577,138044,15395217,50.2,49.8,51.41,-8.21,R+8.2,-21.16,-2.52,-0.95,0.334,0.333,0.333,house+statewide+senate
2018,2010s,Ohio,OH,OH-07,,False,False,20,senate; governor; attorney general; state senate,1,2,17,7658596,7598577,138044,15395217,50.2,49.8,51.41,-4.71,R+4.7,-10.65,-2.52,-0.95,0.334,0.333,0.333,house+statewide+senate
2018,2010s,Ohio,OH,OH-08,,False,False,20,senate; governor; attorney general; state senate,1,2,17,7658596,7598577,138044,15395217,50.2,49.8,51.41,-7.32,R+7.3,-18.48,-2.52,-0.95,0.334,0.333,0.333,house+statewide+senate
2018,2010s,Ohio,OH,OH-09,,False,False,20,senate; governor; attorney general; state senate,1,2,17,7658596,7598577,138044,15395217,50.2,49.8,51.41,4.14,D+4.1,15.89,-2.52,-0.95,0.334,0.333,0.333,house+statewide+senate
2018,2010s,Ohio,OH,OH-10,,False,False,20,senate; governor; attorney general; state senate,1,2,17,7658596,7598577,138044,15395217,50.2,49.8,51.41,-4.13,R+4.1,-8.92,-2.52,-0.95,0.334,0.333,0.333,house+statewide+senate
2018,2010s,Ohio,OH,OH-11,,False,False,20,senate; governor; attorney general; state senate,1,2,17,7658596,7598577,138044,15395217,50.2,49.8,51.41,8.94,D+8.9,30.3,-2.52,-0.95,0.334,0.333,0.333,house+statewide+senate
2018,2010s,Ohio,OH,OH-12,,False,False,20,senate; governor; attorney general; state senate,1,2,17,7658596,7598577,138044,15395217,50.2,49.8,51.41,-2.51,R+2.5,-4.05,-2.52,-0.95,0.334,0.333,0.333,house+statewide+senate
2018,2010s,Ohio,OH,OH-13,,False,False,20,senate; governor; attorney general; state senate,1,2,17,7658596,7598577,138044,15395217,50.2,49.8,51.41,1.87,D+1.9,9.09,-2.52,-0.95,0.334,0.333,0.333,house+statewide+senate
2018,2010s,Ohio,OH,OH-14,,False,False,20,senate; governor; attorney general; state senate,1,2,17,7658596,7598577,138044,15395217,50.2,49.8,51.41,-3.54,R+3.5,-7.15,-2.52,-0.95,0.334,0.333,0.333,house+statewide+senate
2018,2010s,Ohio,OH,OH-15,,False,False,20,senate; governor; attorney general; state senate,1,2,17,7658596,7598577,138044,15395217,50.2,49.8,51.41,-4.96,R+5.0,-11.41,-2.52,-0.95,0.334,0.333,0.333,house+statewide+senate
2018,2010s,Ohio,OH,OH-16,,False,False,20,senate; governor; attorney general; state senate,1,2,17,7658596,7598577,138044,15395217,50.2,49.8,51.41,-4.04,R+4.0,-8.64,-2.52,-0.95,0.334,0.333,0.333,house+statewide+senate
2018,2010s,Oklahoma,OK,OK-01,,False,False,1,governor,0,1,0,500973,644579,40833,1186385,43.73,56.27,51.41,-9.44,R+9.4,-11.21,-7.67,,0.5,0.5,0.0,house+statewide
2018,2010s,Oklahoma,OK,OK-02,,False,False,1,governor,0,1,0,500973,644579,40833,1186385,43.73,56.27,51.41,-13.97,R+14.0,-20.26,-7.67,,0.5,0.5,0.0,house+statewide
2018,2010s,Oklahoma,OK,OK-03,,False,False,1,governor,0,1,0,500973,644579,40833,1186385,43.73,56.27,51.41,-16.73,R+16.7,-25.78,-7.67,,0.5,0.5,0.0,house+statewide
2018,2010s,Oklahoma,OK,OK-04,,False,False,1,governor,0,1,0,500973,644579,40833,1186385,43.73,56.27,51.41,-12.61,R+12.6,-17.55,-7.67,,0.5,0.5,0.0,house+statewide
2018,2010s,Oklahoma,OK,OK-05,,False,False,1,governor,0,1,0,500973,644579,40833,1186385,43.73,56.27,51.41,-4.44,R+4.4,-1.21,-7.67,,0.5,0.5,0.0,house+statewide
2018,2010s,Oregon,OR,OR-01,,False,False,1,governor,0,1,0,934498,814988,117511,1866997,53.42,46.58,51.41,8.3,D+8.3,14.6,2.01,,0.5,0.5,0.0,house+statewide
2018,2010s,Oregon,OR,OR-02,,False,False,1,governor,0,1,0,934498,814988,117511,1866997,53.42,46.58,51.41,-4.36,R+4.4,-10.73,2.01,,0.5,0.5,0.0,house+statewide
2018,2010s,Oregon,OR,OR-03,,False,False,1,governor,0,1,0,934498,814988,117511,1866997,53.42,46.58,51.41,14.33,D+14.3,26.65,2.01,,0.5,0.5,0.0,house+statewide
2018,2010s,Oregon,OR,OR-04,,False,False,1,governor,0,1,0,934498,814988,117511,1866997,53.42,46.58,51.41,3.95,D+3.9,5.89,2.01,,0.5,0.5,0.0,house+statewide
2018,2010s,Oregon,OR,OR-05,,False,False,1,governor,0,1,0,934498,814988,117511,1866997,53.42,46.58,51.41,3.46,D+3.5,4.91,2.01,,0.5,0.5,0.0,house+statewide
2018,2010s,Pennsylvania,PA,PA-01,,False,False,6,senate; governor; state house,1,1,4,5704669,4195579,163572,10063820,57.62,42.38,51.41,2.1,D+2.1,-3.17,7.15,2.31,0.334,0.333,0.333,house+statewide+senate
2018,2010s,Pennsylvania,PA,PA-02,,False,False,6,senate; governor; state house,1,1,4,5704669,4195579,163572,10063820,57.62,42.38,51.41,12.19,D+12.2,27.11,7.15,2.31,0.334,0.333,0.333,house+statewide+senate
2018,2010s,Pennsylvania,PA,PA-03,,False,False,6,senate; governor; state house,1,1,4,5704669,4195579,163572,10063820,57.62,42.38,51.41,16.99,D+17.0,41.49,7.15,2.31,0.334,0.333,0.333,house+statewide+senate
2018,2010s,Pennsylvania,PA,PA-04,,False,False,6,senate; governor; state house,1,1,4,5704669,4195579,163572,10063820,57.62,42.38,51.41,7.03,D+7.0,11.62,7.15,2.31,0.334,0.333,0.333,house+statewide+senate
2018,2010s,Pennsylvania,PA,PA-05,,False,False,6,senate; governor; state house,1,1,4,5704669,4195579,163572,10063820,57.62,42.38,51.41,7.58,D+7.6,13.28,7.15,2.31,0.334,0.333,0.333,house+statewide+senate
2018,2010s,Pennsylvania,PA,PA-06,,False,False,6,senate; governor; state house,1,1,4,5704669,4195579,163572,10063820,57.62,42.38,51.41,5.48,D+5.5,6.97,7.15,2.31,0.334,0.333,0.333,house+statewide+senate
2018,2010s,Pennsylvania,PA,PA-07,,False,False,6,senate; governor; state house,1,1,4,5704669,4195579,163572,10063820,57.62,42.38,51.41,4.24,D+4.2,3.26,7.15,2.31,0.334,0.333,0.333,house+statewide+senate
2018,2010s,Pennsylvania,PA,PA-08,,False,False,6,senate; governor; state house,1,1,4,5704669,4195579,163572,10063820,57.62,42.38,51.41,4.07,D+4.1,2.74,7.15,2.31,0.334,0.333,0.333,house+statewide+senate
2018,2010s,Pennsylvania,PA,PA-09,,False,False,6,senate; governor; state house,1,1,4,5704669,4195579,163572,10063820,57.62,42.38,51.41,-0.73,R+0.7,-11.65,7.15,2.31,0.334,0.333,0.333,house+statewide+senate
2018,2010s,Pennsylvania,PA,PA-10,,False,False,6,senate; governor; state house,1,1,4,5704669,4195579,163572,10063820,57.62,42.38,51.41,2.08,D+2.1,-3.23,7.15,2.31,0.334,0.333,0.333,house+statewide+senate
2018,2010s,Pennsylvania,PA,PA-11,,False,False,6,senate; governor; state house,1,1,4,5704669,4195579,163572,10063820,57.62,42.38,51.41,-0.47,R+0.5,-10.88,7.15,2.31,0.334,0.333,0.333,house+statewide+senate
2018,2010s,Pennsylvania,PA,PA-12,,False,False,6,senate; governor; state house,1,1,4,5704669,4195579,163572,10063820,57.62,42.38,51.41,-2.82,R+2.8,-17.92,7.15,2.31,0.334,0.333,0.333,house+statewide+senate
2018,2010s,Pennsylvania,PA,PA-13,,False,False,6,senate; governor; state house,1,1,4,5704669,4195579,163572,10063820,57.62,42.38,51.41,-4.31,R+4.3,-22.4,7.15,2.31,0.334,0.333,0.333,house+statewide+senate
2018,2010s,Pennsylvania,PA,PA-14,,False,False,6,senate; governor; state house,1,1,4,5704669,4195579,163572,10063820,57.62,42.38,51.41,-0.11,R+0.1,-9.81,7.15,2.31,0.334,0.333,0.333,house+statewide+senate
2018,2010s,Pennsylvania,PA,PA-15,,False,False,6,senate; governor; state house,1,1,4,5704669,4195579,163572,10063820,57.62,42.38,51.41,-3.42,R+3.4,-19.73,7.15,2.31,0.334,0.333,0.333,house+statewide+senate
2018,2010s,Pennsylvania,PA,PA-16,,False,False,6,senate; governor; state house,1,1,4,5704669,4195579,163572,10063820,57.62,42.38,51.41,1.8,D+1.8,-4.06,7.15,2.31,0.334,0.333,0.333,house+statewide+senate
2018,2010s,Pennsylvania,PA,PA-17,,False,False,6,senate; governor; state house,1,1,4,5704669,4195579,163572,10063820,57.62,42.38,51.41,4.61,D+4.6,4.35,7.15,2.31,0.334,0.333,0.333,house+statewide+senate
2018,2010s,Pennsylvania,PA,PA-18,,False,True,6,senate; governor; state house,1,1,4,5704669,4195579,163572,10063820,57.62,42.38,51.41,4.73,D+4.7,,7.15,2.31,0.0,0.5,0.5,statewide+senate
2018,2010s,Rhode Island,RI,RI-01,,False,False,21,senate; governor; state senate,1,1,19,550325,368250,42945,961520,59.91,40.09,51.41,9.84,D+9.8,14.95,7.35,7.22,0.334,0.333,0.333,house+statewide+senate
2018,2010s,Rhode Island,RI,RI-02,,False,False,21,senate; governor; state senate,1,1,19,550325,368250,42945,961520,59.91,40.09,51.41,8.77,D+8.8,11.73,7.35,7.22,0.334,0.333,0.333,house+statewide+senate
2018,2010s,South Carolina,SC,SC-01,,False,False,46,governor; state house,0,1,45,1071115,1315604,3103,2389822,44.88,55.12,51.41,-3.87,R+3.9,-1.21,-6.53,,0.5,0.5,0.0,house+statewide
2018,2010s,South Carolina,SC,SC-02,,False,False,46,governor; state house,0,1,45,1071115,1315604,3103,2389822,44.88,55.12,51.41,-7.71,R+7.7,-8.89,-6.53,,0.5,0.5,0.0,house+statewide
2018,2010s,South Carolina,SC,SC-03,,False,False,46,governor; state house,0,1,45,1071115,1315604,3103,2389822,44.88,55.12,51.41,-13.54,R+13.5,-20.55,-6.53,,0.5,0.5,0.0,house+statewide
2018,2010s,South Carolina,SC,SC-04,,False,False,46,governor; state house,0,1,45,1071115,1315604,3103,2389822,44.88,55.12,51.41,-10.2,R+10.2,-13.88,-6.53,,0.5,0.5,0.0,house+statewide
2018,2010s,South Carolina,SC,SC-05,,False,False,46,governor; state house,0,1,45,1071115,1315604,3103,2389822,44.88,55.12,51.41,-8.16,R+8.2,-9.79,-6.53,,0.5,0.5,0.0,house+statewide
2018,2010s,South Carolina,SC,SC-06,,False,False,46,governor; state house,0,1,45,1071115,1315604,3103,2389822,44.88,55.12,51.41,6.43,D+6.4,19.39,-6.53,,0.5,0.5,0.0,house+statewide
2018,2010s,South Carolina,SC,SC-07,,False,False,46,governor; state house,0,1,45,1071115,1315604,3103,2389822,44.88,55.12,51.41,-9.01,R+9.0,-11.49,-6.53,,0.5,0.5,0.0,house+statewide
2018,2010s,South Dakota,SD,SD-AL,,True,False,32,governor; attorney general; state senate,0,2,30,412147,527103,6982,946232,43.88,56.12,51.41,-11.02,R+11.0,-14.52,-7.53,,0.5,0.5,0.0,house+statewide
2018,2010s,Tennessee,TN,TN-01,,False,False,14,senate; governor; state senate,1,1,12,2166551,3091769,74691,5333011,41.2,58.8,51.41,-17.64,R+17.6,-30.48,-12.62,-9.83,0.334,0.333,0.333,house+statewide+senate
2018,2010s,Tennessee,TN,TN-02,,False,False,14,senate; governor; state senate,1,1,12,2166551,3091769,74691,5333011,41.2,58.8,51.41,-13.65,R+13.7,-18.51,-12.62,-9.83,0.334,0.333,0.333,house+statewide+senate
2018,2010s,Tennessee,TN,TN-03,,False,False,14,senate; governor; state senate,1,1,12,2166551,3091769,74691,5333011,41.2,58.8,51.41,-13.08,R+13.1,-16.78,-12.62,-9.83,0.334,0.333,0.333,house+statewide+senate
2018,2010s,Tennessee,TN,TN-04,,False,False,14,senate; governor; state senate,1,1,12,2166551,3091769,74691,5333011,41.2,58.8,51.41,-13.24,R+13.2,-17.27,-12.62,-9.83,0.334,0.333,0.333,house+statewide+senate
2018,2010s,Tennessee,TN,TN-05,,False,False,14,senate; governor; state senate,1,1,12,2166551,3091769,74691,5333011,41.2,58.8,51.41,-2.17,R+2.2,15.94,-12.62,-9.83,0.334,0.333,0.333,house+statewide+senate
2018,2010s,Tennessee,TN,TN-06,,False,False,14,senate; governor; state senate,1,1,12,2166551,3091769,74691,5333011,41.2,58.8,51.41,-15.14,R+15.1,-22.97,-12.62,-9.83,0.334,0.333,0.333,house+statewide+senate
2018,2010s,Tennessee,TN,TN-07,,False,False,14,senate; governor; state senate,1,1,12,2166551,3091769,74691,5333011,41.2,58.8,51.41,-13.97,R+14.0,-19.47,-12.62,-9.83,0.334,0.333,0.333,house+statewide+senate
2018,2010s,Tennessee,TN,TN-08,,False,False,14,senate; governor; state senate,1,1,12,2166551,3091769,74691,5333011,41.2,58.8,51.41,-14.52,R+14.5,-21.12,-12.62,-9.83,0.334,0.333,0.333,house+statewide+senate
2018,2010s,Tennessee,TN,TN-09,,False,False,14,senate; governor; state senate,1,1,12,2166551,3091769,74691,5333011,41.2,58.8,51.41,2.09,D+2.1,28.71,-12.62,-9.83,0.334,0.333,0.333,house+statewide+senate
2018,2010s,Texas,TX,TX-01,,False,False,111,senate; governor; attorney general; state senate; state house,1,2,108,15792134,18488131,476971,34757236,46.07,53.93,51.41,-12.35,R+12.3,-25.2,-6.18,-5.65,0.334,0.333,0.333,house+statewide+senate
2018,2010s,Texas,TX,TX-02,,False,False,111,senate; governor; attorney general; state senate; state house,1,2,108,15792134,18488131,476971,34757236,46.07,53.93,51.41,-5.82,R+5.8,-5.61,-6.18,-5.65,0.334,0.333,0.333,house+statewide+senate
2018,2010s,Texas,TX,TX-03,,False,False,111,senate; governor; attorney general; state senate; state house,1,2,108,15792134,18488131,476971,34757236,46.07,53.93,51.41,-6.28,R+6.3,-6.99,-6.18,-5.65,0.334,0.333,0.333,house+statewide+senate
2018,2010s,Texas,TX,TX-04,,False,False,111,senate; governor; attorney general; state senate; state house,1,2,108,15792134,18488131,476971,34757236,46.07,53.93,51.41,-13.47,R+13.5,-28.58,-6.18,-5.65,0.334,0.333,0.333,house+statewide+senate
2018,2010s,Texas,TX,TX-05,,False,False,111,senate; governor; attorney general; state senate; state house,1,2,108,15792134,18488131,476971,34757236,46.07,53.93,51.41,-8.72,R+8.7,-14.32,-6.18,-5.65,0.334,0.333,0.333,house+statewide+senate
2018,2010s,Texas,TX,TX-06,,False,False,111,senate; governor; attorney general; state senate; state house,1,2,108,15792134,18488131,476971,34757236,46.07,53.93,51.41,-5.88,R+5.9,-5.79,-6.18,-5.65,0.334,0.333,0.333,house+statewide+senate
2018,2010s,Texas,TX,TX-07,,False,False,111,senate; governor; attorney general; state senate; state house,1,2,108,15792134,18488131,476971,34757236,46.07,53.93,51.41,-3.74,R+3.7,0.62,-6.18,-5.65,0.334,0.333,0.333,house+statewide+senate
2018,2010s,Texas,TX,TX-08,,False,False,111,senate; governor; attorney general; state senate; state house,1,2,108,15792134,18488131,476971,34757236,46.07,53.93,51.41,-12.82,R+12.8,-26.61,-6.18,-5.65,0.334,0.333,0.333,house+statewide+senate
2018,2010s,Texas,TX,TX-09,,False,True,111,senate; governor; attorney general; state senate; state house,1,2,108,15792134,18488131,476971,34757236,46.07,53.93,51.41,-5.92,R+5.9,,-6.18,-5.65,0.0,0.5,0.5,statewide+senate
2018,2010s,Texas,TX,TX-10,,False,False,111,senate; governor; attorney general; state senate; state house,1,2,108,15792134,18488131,476971,34757236,46.07,53.93,51.41,-5.31,R+5.3,-4.09,-6.18,-5.65,0.334,0.333,0.333,house+statewide+senate
2018,2010s,Texas,TX,TX-11,,False,False,111,senate; governor; attorney general; state senate; state house,1,2,108,15792134,18488131,476971,34757236,46.07,53.93,51.41,-15.01,R+15.0,-33.2,-6.18,-5.65,0.334,0.333,0.333,house+statewide+senate
2018,2010s,Texas,TX,TX-12,,False,False,111,senate; governor; attorney general; state senate; state house,1,2,108,15792134,18488131,476971,34757236,46.07,53.93,51.41,-9.74,R+9.7,-17.38,-6.18,-5.65,0.334,0.333,0.333,house+statewide+senate
2018,2010s,Texas,TX,TX-13,,False,False,111,senate; governor; attorney general; state senate; state house,1,2,108,15792134,18488131,476971,34757236,46.07,53.93,51.41,-15.52,R+15.5,-34.72,-6.18,-5.65,0.334,0.333,0.333,house+statewide+senate
2018,2010s,Texas,TX,TX-14,,False,False,111,senate; governor; attorney general; state senate; state house,1,2,108,15792134,18488131,476971,34757236,46.07,53.93,51.41,-7.95,R+8.0,-12.01,-6.18,-5.65,0.334,0.333,0.333,house+statewide+senate
2018,2010s,Texas,TX,TX-15,,False,False,111,senate; governor; attorney general; state senate; state house,1,2,108,15792134,18488131,476971,34757236,46.07,53.93,51.41,-1.03,R+1.0,8.73,-6.18,-5.65,0.334,0.333,0.333,house+statewide+senate
2018,2010s,Texas,TX,TX-16,,False,False,111,senate; governor; attorney general; state senate; state house,1,2,108,15792134,18488131,476971,34757236,46.07,53.93,51.41,2.65,D+2.7,19.79,-6.18,-5.65,0.334,0.333,0.333,house+statewide+senate
2018,2010s,Texas,TX,TX-17,,False,False,111,senate; governor; attorney general; state senate; state house,1,2,108,15792134,18488131,476971,34757236,46.07,53.93,51.41,-7.21,R+7.2,-9.8,-6.18,-5.65,0.334,0.333,0.333,house+statewide+senate
2018,2010s,Texas,TX,TX-18,,False,False,111,senate; governor; attorney general; state senate; state house,1,2,108,15792134,18488131,476971,34757236,46.07,53.93,51.41,4.87,D+4.9,26.44,-6.18,-5.65,0.334,0.333,0.333,house+statewide+senate
2018,2010s,Texas,TX,TX-19,,False,False,111,senate; governor; attorney general; state senate; state house,1,2,108,15792134,18488131,476971,34757236,46.07,53.93,51.41,-12.99,R+13.0,-27.13,-6.18,-5.65,0.334,0.333,0.333,house+statewide+senate
2018,2010s,Texas,TX,TX-20,,False,True,111,senate; governor; attorney general; state senate; state house,1,2,108,15792134,18488131,476971,34757236,46.07,53.93,51.41,-5.92,R+5.9,,-6.18,-5.65,0.0,0.5,0.5,statewide+senate
2018,2010s,Texas,TX,TX-21,,False,False,111,senate; governor; attorney general; state senate; state house,1,2,108,15792134,18488131,476971,34757236,46.07,53.93,51.41,-5.03,R+5.0,-3.24,-6.18,-5.65,0.334,0.333,0.333,house+statewide+senate
2018,2010s,Texas,TX,TX-22,,False,False,111,senate; governor; attorney general; state senate; state house,1,2,108,15792134,18488131,476971,34757236,46.07,53.93,51.41,-5.42,R+5.4,-4.42,-6.18,-5.65,0.334,0.333,0.333,house+statewide+senate
2018,2010s,Texas,TX,TX-23,,False,False,111,senate; governor; attorney general; state senate; state house,1,2,108,15792134,18488131,476971,34757236,46.07,53.93,51.41,-4.66,R+4.7,-2.13,-6.18,-5.65,0.334,0.333,0.333,house+statewide+senate
2018,2010s,Texas,TX,TX-24,,False,False,111,senate; governor; attorney general; state senate; state house,1,2,108,15792134,18488131,476971,34757236,46.07,53.93,51.41,-5.1,R+5.1,-3.47,-6.18,-5.65,0.334,0.333,0.333,house+statewide+senate
2018,2010s,Texas,TX,TX-25,,False,False,111,senate; governor; attorney general; state senate; state house,1,2,108,15792134,18488131,476971,34757236,46.07,53.93,51.41,-6.06,R+6.1,-6.35,-6.18,-5.65,0.334,0.333,0.333,house+statewide+senate
2018,2010s,Texas,TX,TX-26,,False,False,111,senate; governor; attorney general; state senate; state house,1,2,108,15792134,18488131,476971,34757236,46.07,53.93,51.41,-8.03,R+8.0,-12.25,-6.18,-5.65,0.334,0.333,0.333,house+statewide+senate
2018,2010s,Texas,TX,TX-27,,False,False,111,senate; governor; attorney general; state senate; state house,1,2,108,15792134,18488131,476971,34757236,46.07,53.93,51.41,-8.66,R+8.7,-14.14,-6.18,-5.65,0.334,0.333,0.333,house+statewide+senate
2018,2010s,Texas,TX,TX-28,,False,True,111,senate; governor; attorney general; state senate; state house,1,2,108,15792134,18488131,476971,34757236,46.07,53.93,51.41,-5.92,R+5.9,,-6.18,-5.65,0.0,0.5,0.5,statewide+senate
2018,2010s,Texas,TX,TX-29,,False,False,111,senate; governor; attorney general; state senate; state house,1,2,108,15792134,18488131,476971,34757236,46.07,53.93,51.41,4.03,D+4.0,23.93,-6.18,-5.65,0.334,0.333,0.333,house+statewide+senate
2018,2010s,Texas,TX,TX-30,,False,True,111,senate; governor; attorney general; state senate; state house,1,2,108,15792134,18488131,476971,34757236,46.07,53.93,51.41,-5.92,R+5.9,,-6.18,-5.65,0.0,0.5,0.5,statewide+senate
2018,2010s,Texas,TX,TX-31,,False,False,111,senate; governor; attorney general; state senate; state house,1,2,108,15792134,18488131,476971,34757236,46.07,53.93,51.41,-5.07,R+5.1,-3.37,-6.18,-5.65,0.334,0.333,0.333,house+statewide+senate
2018,2010s,Texas,TX,TX-32,,False,False,111,senate; governor; attorney general; state senate; state house,1,2,108,15792134,18488131,476971,34757236,46.07,53.93,51.41,-3.47,R+3.5,1.42,-6.18,-5.65,0.334,0.333,0.333,house+statewide+senate
2018,2010s,Texas,TX,TX-33,,False,False,111,senate; governor; attorney general; state senate; state house,1,2,108,15792134,18488131,476971,34757236,46.07,53.93,51.41,4.64,D+4.6,25.75,-6.18,-5.65,0.334,0.333,0.333,house+statewide+senate
2018,2010s,Texas,TX,TX-34,,False,False,111,senate; governor; attorney general; state senate; state house,1,2,108,15792134,18488131,476971,34757236,46.07,53.93,51.41,-1.25,R+1.3,8.08,-6.18,-5.65,0.334,0.333,0.333,house+statewide+senate
2018,2010s,Texas,TX,TX-35,,False,False,111,senate; governor; attorney general; state senate; state house,1,2,108,15792134,18488131,476971,34757236,46.07,53.93,51.41,3.16,D+3.2,21.32,-6.18,-5.65,0.334,0.333,0.333,house+statewide+senate
2018,2010s,Texas,TX,TX-36,,False,False,111,senate; governor; attorney general; state senate; state house,1,2,108,15792134,18488131,476971,34757236,46.07,53.93,51.41,-12.1,R+12.1,-24.46,-6.18,-5.65,0.334,0.333,0.333,house+statewide+senate
2018,2010s,Utah,UT,UT-01,,False,False,60,senate; state house,1,0,59,641411,1146823,86013,1874247,35.87,64.13,51.41,-18.82,R+18.8,-23.13,-12.03,-21.3,0.334,0.333,0.333,house+statewide+senate
2018,2010s,Utah,UT,UT-02,,False,False,60,senate; state house,1,0,59,641411,1146823,86013,1874247,35.87,64.13,51.41,-14.76,R+14.8,-10.96,-12.03,-21.3,0.334,0.333,0.333,house+statewide+senate
2018,2010s,Utah,UT,UT-03,,False,False,60,senate; state house,1,0,59,641411,1146823,86013,1874247,35.87,64.13,51.41,-18.81,R+18.8,-23.12,-12.03,-21.3,0.334,0.333,0.333,house+statewide+senate
2018,2010s,Utah,UT,UT-04,,False,False,60,senate; state house,1,0,59,641411,1146823,86013,1874247,35.87,64.13,51.41,-11.7,R+11.7,-1.78,-12.03,-21.3,0.334,0.333,0.333,house+statewide+senate
2018,2010s,Virginia,VA,VA-01,,False,False,1,senate,1,0,0,1910370,1374313,67074,3351757,58.16,41.84,51.41,-1.67,R+1.7,-7.15,,3.8,0.5,0.0,0.5,house+senate
2018,2010s,Virginia,VA,VA-02,,False,False,1,senate,1,0,0,1910370,1374313,67074,3351757,58.16,41.84,51.41,1.51,D+1.5,-0.79,,3.8,0.5,0.0,0.5,house+senate
2018,2010s,Virginia,VA,VA-03,,False,True,1,senate,1,0,0,1910370,1374313,67074,3351757,58.16,41.84,51.41,3.8,D+3.8,,,3.8,0.0,0.0,1.0,senate
2018,2010s,Virginia,VA,VA-04,,False,False,1,senate,1,0,0,1910370,1374313,67074,3351757,58.16,41.84,51.41,7.71,D+7.7,11.63,,3.8,0.5,0.0,0.5,house+senate
2018,2010s,Virginia,VA,VA-05,,False,False,1,senate,1,0,0,1910370,1374313,67074,3351757,58.16,41.84,51.41,-0.69,R+0.7,-5.18,,3.8,0.5,0.0,0.5,house+senate
2018,2010s,Virginia,VA,VA-06,,False,False,1,senate,1,0,0,1910370,1374313,67074,3351757,58.16,41.84,51.41,-3.93,R+3.9,-11.66,,3.8,0.5,0.0,0.5,house+senate
2018,2010s,Virginia,VA,VA-07,,False,False,1,senate,1,0,0,1910370,1374313,67074,3351757,58.16,41.84,51.41,1.44,D+1.4,-0.92,,3.8,0.5,0.0,0.5,house+senate
2018,2010s,Virginia,VA,VA-08,,False,False,1,senate,1,0,0,1910370,1374313,67074,3351757,58.16,41.84,51.41,14.08,D+14.1,24.36,,3.8,0.5,0.0,0.5,house+senate
2018,2010s,Virginia,VA,VA-09,,False,False,1,senate,1,0,0,1910370,1374313,67074,3351757,58.16,41.84,51.41,-6.66,R+6.7,-17.12,,3.8,0.5,0.0,0.5,house+senate
2018,2010s,Virginia,VA,VA-10,,False,False,1,senate,1,0,0,1910370,1374313,67074,3351757,58.16,41.84,51.41,4.05,D+4.0,4.29,,3.8,0.5,0.0,0.5,house+senate
2018,2010s,Virginia,VA,VA-11,,False,False,1,senate,1,0,0,1910370,1374313,67074,3351757,58.16,41.84,51.41,12.21,D+12.2,20.62,,3.8,0.5,0.0,0.5,house+senate
2018,2010s,Vermont,VT,VT-AL,,True,False,22,governor; state senate; state house,0,1,21,507263,339635,105855,952753,59.9,40.1,51.41,14.66,D+14.7,20.82,8.49,,0.5,0.5,0.0,house+statewide
2018,2010s,Washington,WA,WA-01,,False,False,1,senate,1,0,0,1803364,1282804,0,3086168,58.43,41.57,51.41,5.72,D+5.7,7.36,,4.07,0.5,0.0,0.5,house+senate
2018,2010s,Washington,WA,WA-02,,False,True,1,senate,1,0,0,1803364,1282804,0,3086168,58.43,41.57,51.41,4.07,D+4.1,,,4.07,0.0,0.0,1.0,senate
2018,2010s,Washington,WA,WA-03,,False,False,1,senate,1,0,0,1803364,1282804,0,3086168,58.43,41.57,51.41,-0.25,R+0.3,-4.58,,4.07,0.5,0.0,0.5,house+senate
2018,2010s,Washington,WA,WA-04,,False,False,1,senate,1,0,0,1803364,1282804,0,3086168,58.43,41.57,51.41,-5.33,R+5.3,-14.72,,4.07,0.5,0.0,0.5,house+senate
2018,2010s,Washington,WA,WA-05,,False,False,1,senate,1,0,0,1803364,1282804,0,3086168,58.43,41.57,51.41,-1.3,R+1.3,-6.67,,4.07,0.5,0.0,0.5,house+senate
2018,2010s,Washington,WA,WA-06,,False,False,1,senate,1,0,0,1803364,1282804,0,3086168,58.43,41.57,51.41,8.03,D+8.0,11.98,,4.07,0.5,0.0,0.5,house+senate
2018,2010s,Washington,WA,WA-07,,False,False,1,senate,1,0,0,1803364,1282804,0,3086168,58.43,41.57,51.41,17.86,D+17.9,31.66,,4.07,0.5,0.0,0.5,house+senate
2018,2010s,Washington,WA,WA-08,,False,False,1,senate,1,0,0,1803364,1282804,0,3086168,58.43,41.57,51.41,2.29,D+2.3,0.51,,4.07,0.5,0.0,0.5,house+senate
2018,2010s,Washington,WA,WA-09,,False,True,1,senate,1,0,0,1803364,1282804,0,3086168,58.43,41.57,51.41,4.07,D+4.1,,,4.07,0.0,0.0,1.0,senate
2018,2010s,Washington,WA,WA-10,,False,False,1,senate,1,0,0,1803364,1282804,0,3086168,58.43,41.57,51.41,6.86,D+6.9,9.64,,4.07,0.5,0.0,0.5,house+senate
2018,2010s,Wisconsin,WI,WI-01,,False,False,3,senate; governor; attorney general,1,2,0,4103123,3768677,105122,7976922,52.12,47.88,51.41,-2.72,R+2.7,-8.25,-0.96,1.06,0.334,0.333,0.333,house+statewide+senate
2018,2010s,Wisconsin,WI,WI-02,,False,True,3,senate; governor; attorney general,1,2,0,4103123,3768677,105122,7976922,52.12,47.88,51.41,0.05,EVEN,,-0.96,1.06,0.0,0.5,0.5,statewide+senate
2018,2010s,Wisconsin,WI,WI-03,,False,False,3,senate; governor; attorney general,1,2,0,4103123,3768677,105122,7976922,52.12,47.88,51.41,2.62,D+2.6,7.77,-0.96,1.06,0.334,0.333,0.333,house+statewide+senate
2018,2010s,Wisconsin,WI,WI-04,,False,False,3,senate; governor; attorney general,1,2,0,4103123,3768677,105122,7976922,52.12,47.88,51.41,8.65,D+8.6,25.84,-0.96,1.06,0.334,0.333,0.333,house+statewide+senate
2018,2010s,Wisconsin,WI,WI-05,,False,False,3,senate; governor; attorney general,1,2,0,4103123,3768677,105122,7976922,52.12,47.88,51.41,-4.6,R+4.6,-13.89,-0.96,1.06,0.334,0.333,0.333,house+statewide+senate
2018,2010s,Wisconsin,WI,WI-06,,False,False,3,senate; governor; attorney general,1,2,0,4103123,3768677,105122,7976922,52.12,47.88,51.41,-2.44,R+2.4,-7.41,-0.96,1.06,0.334,0.333,0.333,house+statewide+senate
2018,2010s,Wisconsin,WI,WI-07,,False,False,3,senate; governor; attorney general,1,2,0,4103123,3768677,105122,7976922,52.12,47.88,51.41,-4.25,R+4.3,-12.86,-0.96,1.06,0.334,0.333,0.333,house+statewide+senate
2018,2010s,Wisconsin,WI,WI-08,,False,False,3,senate; governor; attorney general,1,2,0,4103123,3768677,105122,7976922,52.12,47.88,51.41,-5.17,R+5.2,-15.62,-0.96,1.06,0.334,0.333,0.333,house+statewide+senate
2018,2010s,West Virginia,WV,WV-01,,False,False,17,senate; state senate,1,0,16,543074,551358,28416,1122848,49.62,50.38,51.41,-7.71,R+7.7,-16.48,-4.0,-2.63,0.334,0.333,0.333,house+statewide+senate
2018,2010s,West Virginia,WV,WV-02,,False,False,17,senate; state senate,1,0,16,543074,551358,28416,1122848,49.62,50.38,51.41,-4.74,R+4.7,-7.57,-4.0,-2.63,0.334,0.333,0.333,house+statewide+senate
2018,2010s,West Virginia,WV,WV-03,,False,False,17,senate; state senate,1,0,16,543074,551358,28416,1122848,49.62,50.38,51.41,-4.97,R+5.0,-8.28,-4.0,-2.63,0.334,0.333,0.333,house+statewide+senate
2018,2010s,Wyoming,WY,WY-AL,,True,False,30,senate; governor; state senate; state house,1,1,28,165042,340073,17733,522848,32.67,67.33,51.41,-20.34,R+20.3,-20.02,-17.66,-23.35,0.334,0.333,0.333,house+statewide+senate
