Year,State,State_Code,Office,Primary_Type,Poll_Source,Date,Date_Start,Date_End,Sample,MoE,Candidate,Party,Pct,Incumbent,Date_Original
1993,New Jersey,NJ,governor,General,''The Record'',1991-08-26 to 1991-08-29,1991-08-26,1991-08-29,526 LV,4.5,Jim Florio,D,27%,False,"August 26–29, 1991"
1993,New Jersey,NJ,governor,General,''The Record'',1993-01,1993-01-01,1993-01-31,672 A,4.4,Jim Florio,D,30%,False,January 1993
1993,New Jersey,NJ,governor,General,''The Record'',1993-03-09 to 1993-03-19,1993-03-09,1993-03-19,610 LV,4.0,Jim Florio,D,39%,False,"March 9–19, 1993"
1993,New Jersey,NJ,governor,General,''The Record'',1993-04-02 to 1993-04-04,1993-04-02,1993-04-04,630 A,3.9,Jim Florio,D,36%,False,"April 2–4, 1993"
1993,New Jersey,NJ,governor,General,''The Record'',1993-04-25 to 1993-05-03,1993-04-25,1993-05-03,802 LV,3.5,Jim Florio,D,38%,False,"April 25–May 3, 1993"
1993,New Jersey,NJ,governor,General,KYW-TV,1993-05-28 to 1993-06-01,1993-05-28,1993-06-01,811 RV,3.5,Jim Florio,D,37%,False,"May 28–June 1, 1993"
1993,New Jersey,NJ,governor,General,Rutgers-Eagleton,1993-06-10 to 1993-06-16,1993-06-10,1993-06-16,642 RV,3.5,Jim Florio,D,48%,False,"June 10–16, 1993"
1993,New Jersey,NJ,governor,General,Rutgers-Eagleton,1993-06-27 to 1993-07-01,1993-06-27,1993-07-01,889 LV,3.5,Jim Florio,D,39%,False,"June 27–July 1, 1993"
1993,New Jersey,NJ,governor,General,Rutgers-Eagleton,1993-08-12 to 1993-08-14,1993-08-12,1993-08-14,683 LV,3.8,Jim Florio,D,37%,False,"August 12–14, 1993"
1993,New Jersey,NJ,governor,General,Rutgers-Eagleton,1993-09-07 to 1993-09-12,1993-09-07,1993-09-12,606 LV,4.5,Jim Florio,D,43%,False,"September 7–12, 1993"
1993,New Jersey,NJ,governor,General,Rutgers-Eagleton,1993-09-09 to 1993-09-12,1993-09-09,1993-09-12,652 LV,3.8,Jim Florio,D,42%,False,"September 9–12, 1993"
1993,New Jersey,NJ,governor,General,Rutgers-Eagleton,1993-09-10 to 1993-09-15,1993-09-10,1993-09-15,584 LV,4.0,Jim Florio,D,47%,False,"September 10–15, 1993"
1993,New Jersey,NJ,governor,General,The New York Times,1993-09-20 to 1993-09-26,1993-09-20,1993-09-26,804 RV,4.0,Jim Florio,D,51%,False,"September 20–26, 1993"
1993,New Jersey,NJ,governor,General,The New York Times,1993-10-09 to 1993-10-11,1993-10-09,1993-10-11,925 RV,3.0,Jim Florio,D,49%,False,"October 9–11, 1993"
1993,New Jersey,NJ,governor,General,g-Eagleton,1993-10-11 to 1993-10-14,1993-10-11,1993-10-14,577 LV,4.0,Jim Florio,D,52%,False,"October 11–14, 1993"
1993,New Jersey,NJ,governor,General,g-Eagleton,1993-10-21 to 1993-10-23,1993-10-21,1993-10-23,810 RV,3.8,Jim Florio,D,45%,False,"October 21–23, 1993"
1993,New Jersey,NJ,governor,General,g-Eagleton,1993-10-24 to 1993-10-27,1993-10-24,1993-10-27,703 LV,4.0,Jim Florio,D,51%,False,"October 24–27, 1993"
1993,New Jersey,NJ,governor,General,Rutgers-Eagleton,1993-10-27 to 1993-10-29,1993-10-27,1993-10-29,601 LV,3.5,Jim Florio,D,48%,False,"October 27–29, 1993"
1993,New Jersey,NJ,governor,General,Rutgers-Eagleton,1993-10-28 to 1993-10-30,1993-10-28,1993-10-30,"1,072 RV",3.0,Jim Florio,D,38%,False,"October 28–30, 1993"
1993,New Jersey,NJ,governor,General,''Asbury Park Press''/''Courier-Post'',1993-01,1993-01-01,1993-01-31,672 A,4.4,Jim Florio,D,31%,False,January 1993
1993,New Jersey,NJ,governor,General,''Asbury Park Press''/''Courier-Post'',1993-03-09 to 1993-03-19,1993-03-09,1993-03-19,610 LV,4.0,Jim Florio,D,40%,False,"March 9–19, 1993"
1993,New Jersey,NJ,governor,General,''Asbury Park Press''/''Courier-Post'',1993-04-02 to 1993-04-04,1993-04-02,1993-04-04,630 A,3.9,Jim Florio,D,31%,False,"April 2–4, 1993"
1993,New Jersey,NJ,governor,General,KYW-TV,1993-05-28 to 1993-06-01,1993-05-28,1993-06-01,811 RV,3.5,Jim Florio,D,34%,False,"May 28–June 1, 1993"
1993,New Jersey,NJ,governor,General,''Asbury Park Press'',1993-04-02 to 1993-04-04,1993-04-02,1993-04-04,630 A,3.9,Jim Florio,D,33%,False,"April 2–4, 1993"
1993,New Jersey,NJ,governor,General,KYW-TV,1993-05-28 to 1993-06-01,1993-05-28,1993-06-01,811 RV,3.5,Jim Florio,D,35%,False,"May 28–June 1, 1993"
1993,New Jersey,NJ,governor,General,''The Record'',1991-08-26 to 1991-08-29,1991-08-26,1991-08-29,526 LV,4.5,Christine Todd Whitman,R,52%,False,"August 26–29, 1991"
1993,New Jersey,NJ,governor,General,''The Record'',1993-01,1993-01-01,1993-01-31,672 A,4.4,Christine Todd Whitman,R,36%,False,January 1993
1993,New Jersey,NJ,governor,General,''The Record'',1993-03-09 to 1993-03-19,1993-03-09,1993-03-19,610 LV,4.0,Christine Todd Whitman,R,30%,False,"March 9–19, 1993"
1993,New Jersey,NJ,governor,General,''The Record'',1993-04-02 to 1993-04-04,1993-04-02,1993-04-04,630 A,3.9,Christine Todd Whitman,R,45%,False,"April 2–4, 1993"
1993,New Jersey,NJ,governor,General,''The Record'',1993-04-25 to 1993-05-03,1993-04-25,1993-05-03,802 LV,3.5,Christine Todd Whitman,R,34%,False,"April 25–May 3, 1993"
1993,New Jersey,NJ,governor,General,KYW-TV,1993-05-28 to 1993-06-01,1993-05-28,1993-06-01,811 RV,3.5,Christine Todd Whitman,R,43%,False,"May 28–June 1, 1993"
1993,New Jersey,NJ,governor,General,Rutgers-Eagleton,1993-06-10 to 1993-06-16,1993-06-10,1993-06-16,642 RV,3.5,Christine Todd Whitman,R,43%,False,"June 10–16, 1993"
1993,New Jersey,NJ,governor,General,Rutgers-Eagleton,1993-06-27 to 1993-07-01,1993-06-27,1993-07-01,889 LV,3.5,Christine Todd Whitman,R,38%,False,"June 27–July 1, 1993"
1993,New Jersey,NJ,governor,General,Rutgers-Eagleton,1993-08-12 to 1993-08-14,1993-08-12,1993-08-14,683 LV,3.8,Christine Todd Whitman,R,38%,False,"August 12–14, 1993"
1993,New Jersey,NJ,governor,General,Rutgers-Eagleton,1993-09-07 to 1993-09-12,1993-09-07,1993-09-12,606 LV,4.5,Christine Todd Whitman,R,43%,False,"September 7–12, 1993"
1993,New Jersey,NJ,governor,General,Rutgers-Eagleton,1993-09-09 to 1993-09-12,1993-09-09,1993-09-12,652 LV,3.8,Christine Todd Whitman,R,36%,False,"September 9–12, 1993"
1993,New Jersey,NJ,governor,General,Rutgers-Eagleton,1993-09-10 to 1993-09-15,1993-09-10,1993-09-15,584 LV,4.0,Christine Todd Whitman,R,38%,False,"September 10–15, 1993"
1993,New Jersey,NJ,governor,General,The New York Times,1993-09-20 to 1993-09-26,1993-09-20,1993-09-26,804 RV,4.0,Christine Todd Whitman,R,30%,False,"September 20–26, 1993"
1993,New Jersey,NJ,governor,General,The New York Times,1993-10-09 to 1993-10-11,1993-10-09,1993-10-11,925 RV,3.0,Christine Todd Whitman,R,34%,False,"October 9–11, 1993"
1993,New Jersey,NJ,governor,General,g-Eagleton,1993-10-11 to 1993-10-14,1993-10-11,1993-10-14,577 LV,4.0,Christine Todd Whitman,R,40%,False,"October 11–14, 1993"
1993,New Jersey,NJ,governor,General,g-Eagleton,1993-10-21 to 1993-10-23,1993-10-21,1993-10-23,810 RV,3.8,Christine Todd Whitman,R,40%,False,"October 21–23, 1993"
1993,New Jersey,NJ,governor,General,g-Eagleton,1993-10-24 to 1993-10-27,1993-10-24,1993-10-27,703 LV,4.0,Christine Todd Whitman,R,41%,False,"October 24–27, 1993"
1993,New Jersey,NJ,governor,General,Rutgers-Eagleton,1993-10-27 to 1993-10-29,1993-10-27,1993-10-29,601 LV,3.5,Christine Todd Whitman,R,39%,False,"October 27–29, 1993"
1993,New Jersey,NJ,governor,General,Rutgers-Eagleton,1993-10-28 to 1993-10-30,1993-10-28,1993-10-30,"1,072 RV",3.0,Christine Todd Whitman,R,38%,False,"October 28–30, 1993"
1993,New Jersey,NJ,governor,General,''Asbury Park Press''/''Courier-Post'',1993-01,1993-01-01,1993-01-31,672 A,4.4,W. Cary Edwards,R,32%,False,January 1993
1993,New Jersey,NJ,governor,General,''Asbury Park Press''/''Courier-Post'',1993-03-09 to 1993-03-19,1993-03-09,1993-03-19,610 LV,4.0,W. Cary Edwards,R,25%,False,"March 9–19, 1993"
1993,New Jersey,NJ,governor,General,''Asbury Park Press''/''Courier-Post'',1993-04-02 to 1993-04-04,1993-04-02,1993-04-04,630 A,3.9,W. Cary Edwards,R,40%,False,"April 2–4, 1993"
1993,New Jersey,NJ,governor,General,KYW-TV,1993-05-28 to 1993-06-01,1993-05-28,1993-06-01,811 RV,3.5,W. Cary Edwards,R,38%,False,"May 28–June 1, 1993"
1993,New Jersey,NJ,governor,General,''Asbury Park Press'',1993-04-02 to 1993-04-04,1993-04-02,1993-04-04,630 A,3.9,James Wallwork,R,36%,False,"April 2–4, 1993"
1993,New Jersey,NJ,governor,General,KYW-TV,1993-05-28 to 1993-06-01,1993-05-28,1993-06-01,811 RV,3.5,James Wallwork,R,37%,False,"May 28–June 1, 1993"
