year,state,state_code,chamber,district,race,candidate,party,votes,percentage,winner,incumbent
2026,Alabama,AL,State Senate,1,general,Tim Melson,Republican,,,True,True
2026,Alabama,AL,State Senate,2,general,John Roberts,Republican,,,True,False
2026,Alabama,AL,State Senate,2,general,Rudolph Valentino Drake,Democratic,,,False,False
2026,Alabama,AL,State Senate,3,general,Arthur Orr,Republican,,,True,True
2026,Alabama,AL,State Senate,3,general,John Dickey,Democratic,,,False,False
2026,Alabama,AL,State Senate,4,general,Garlan Gudger,Republican,,,True,True
2026,Alabama,AL,State Senate,5,general,Matt Woods,Republican,,,True,False
2026,Alabama,AL,State Senate,6,general,Larry Stutts,Republican,,,True,True
2026,Alabama,AL,State Senate,6,general,Bobby Martin,Democratic,,,False,False
2026,Alabama,AL,State Senate,7,general,Sam Givhan,Republican,,,True,True
2026,Alabama,AL,State Senate,7,general,Jared Sluss,Democratic,,,False,False
2026,Alabama,AL,State Senate,8,general,Steve Livingston,Republican,,,True,True
2026,Alabama,AL,State Senate,8,general,Katie Kramer,Democratic,,,False,False
2026,Alabama,AL,State Senate,9,general,Wes Kitchens,Republican,,,True,False
2026,Alabama,AL,State Senate,10,general,Andrew Jones,Republican,,,True,True
2026,Alabama,AL,State Senate,10,general,Jesse Battles,Independent,,,False,False
2026,Alabama,AL,State Senate,11,general,Lance Bell,Republican,,,True,True
2026,Alabama,AL,State Senate,11,general,Donald Mottern,Democratic,,,False,False
2026,Alabama,AL,State Senate,12,general,Keith Kelley,Republican,,,True,True
2026,Alabama,AL,State Senate,13,general,Randy Price,Republican,,,True,True
2026,Alabama,AL,State Senate,13,general,Jamie Forsyth,Democratic,,,False,False
2026,Alabama,AL,State Senate,14,general,April Weaver,Republican,,,True,True
2026,Alabama,AL,State Senate,14,general,Mandie Ledkins,Democratic,,,False,False
2026,Alabama,AL,State Senate,15,general,Scott Ortis,Republican,,,True,False
2026,Alabama,AL,State Senate,16,general,J. T. Waggoner,Republican,,,True,False
2026,Alabama,AL,State Senate,16,general,Spencer Stone,Democratic,,,False,False
2026,Alabama,AL,State Senate,17,general,Shay Shelnutt,Republican,,,True,False
2026,Alabama,AL,State Senate,18,general,Rodger Smitherman,Democratic,,,True,True
2026,Alabama,AL,State Senate,19,general,Merika Coleman,Democratic,,,True,True
2026,Alabama,AL,State Senate,20,general,Linda Coleman-Madison,Democratic,,,True,True
2026,Alabama,AL,State Senate,21,general,Gerald Allen,Republican,,,True,True
2026,Alabama,AL,State Senate,21,general,Jolie Woodrow Minor Jr.,Independent,,,False,False
2026,Alabama,AL,State Senate,22,general,Terry Waters,Republican,,,True,False
2026,Alabama,AL,State Senate,22,general,Ashley Sharpe,Democratic,,,False,False
2026,Alabama,AL,State Senate,23,general,Robert Stewart,Democratic,,,True,True
2026,Alabama,AL,State Senate,23,general,Thayer Spencer,Republican,,,False,False
2026,Alabama,AL,State Senate,24,general,Bobby Singleton,Democratic,,,True,True
2026,Alabama,AL,State Senate,25,general,Will Barfoot,Republican,,,True,True
2026,Alabama,AL,State Senate,25,general,Phadra Carson Foster,Democratic,,,False,False
2026,Alabama,AL,State Senate,26,general,Kirk Hatcher,Democratic,,,True,True
2026,Alabama,AL,State Senate,27,general,Jay Hovey,Republican,,,True,True
2026,Alabama,AL,State Senate,28,general,Billy Beasley,Democratic,,,True,True
2026,Alabama,AL,State Senate,28,general,Brent Comer,Republican,,,False,False
2026,Alabama,AL,State Senate,29,general,Donnie Chesteen,Republican,,,True,True
2026,Alabama,AL,State Senate,29,general,Jimmy McCray,Democratic,,,False,False
2026,Alabama,AL,State Senate,30,general,Clyde Chambliss,Republican,,,True,True
2026,Alabama,AL,State Senate,31,general,Josh Carnley,Republican,,,True,True
2026,Alabama,AL,State Senate,32,general,Chris Elliott,Republican,,,True,True
2026,Alabama,AL,State Senate,32,general,Janet Appleby,Democratic,,,False,False
2026,Alabama,AL,State Senate,33,general,Vivian Davis Figures,Democratic,,,True,True
2026,Alabama,AL,State Senate,34,general,Rusty Glover,Republican,,,True,False
2026,Alabama,AL,State Senate,35,general,David Sessions,Republican,,,True,True
2026,Arkansas,AR,State Senate,2,general,Matt Stone,Republican,,,True,True
2026,Arkansas,AR,State Senate,7,general,Alan Clark,Republican,,,True,True
2026,Arkansas,AR,State Senate,9,general,Jessie McGruder,Democratic,,,True,False
2026,Arkansas,AR,State Senate,9,general,Kenny Phillips,Republican,,,False,False
2026,Arkansas,AR,State Senate,10,general,Ron Caldwell,Republican,,,True,True
2026,Arkansas,AR,State Senate,11,general,Ricky Hill,Republican,,,True,True
2026,Arkansas,AR,State Senate,13,general,Brandon Achor,Republican,,,True,False
2026,Arkansas,AR,State Senate,13,general,Allison Sweatman,Democratic,,,False,False
2026,Arkansas,AR,State Senate,14,general,Clarke Tucker,Democratic,,,True,True
2026,Arkansas,AR,State Senate,15,general,Tara Shephard,Democratic,1821.0,58.69,True,False
2026,Arkansas,AR,State Senate,15,general,Charity Smith-Allen,Democratic,1282.0,41.31,False,False
2026,Arkansas,AR,State Senate,16,general,Rodney Wright,Republican,,,True,False
2026,Arkansas,AR,State Senate,16,general,Joshua Irby,Democratic,,,False,False
2026,Arkansas,AR,State Senate,21,general,Jeremy Wooldridge,Republican,,,True,False
2026,Arkansas,AR,State Senate,24,general,Missy Irvin,Republican,,,True,True
2026,Arkansas,AR,State Senate,27,general,Justin Boyd,Republican,,,True,True
2026,Arkansas,AR,State Senate,27,general,Eduardo Guzman,Democratic,,,False,False
2026,Arkansas,AR,State Senate,28,general,Bryan King,Republican,,,True,True
2026,Arkansas,AR,State Senate,30,general,Denise Garner,Democratic,,,True,False
2026,Arkansas,AR,State Senate,31,general,Clint Penzo,Republican,,,True,True
2026,Arkansas,AR,State Senate,32,general,Joshua P. Bryant,Republican,,,True,True
2026,Arkansas,AR,State Senate,35,general,Tyler Dees,Republican,,,True,True
2026,Connecticut,CT,State Senate,1,general,John Fonfara,Democratic,,,True,True
2026,Connecticut,CT,State Senate,2,general,Maryam Khan,Democratic,,,True,False
2026,Connecticut,CT,State Senate,2,general,Tim Knotts,Republican,,,False,False
2026,Connecticut,CT,State Senate,3,general,Saud Anwar,Democratic,,,True,True
2026,Connecticut,CT,State Senate,3,general,Elliot Hughes,Republican,,,False,False
2026,Connecticut,CT,State Senate,4,general,MD Rahman,Democratic,,,True,True
2026,Connecticut,CT,State Senate,4,general,Jenn Jennings,Republican,,,False,False
2026,Connecticut,CT,State Senate,5,general,Derek Slap,Democratic,,,True,True
2026,Connecticut,CT,State Senate,6,general,Rick Lopes,Democratic,,,True,True
2026,Connecticut,CT,State Senate,6,general,Tremell Collins,Republican,,,False,False
2026,Connecticut,CT,State Senate,7,general,John Kissel,Republican,,,True,True
2026,Connecticut,CT,State Senate,7,general,David Kiner,Democratic,,,False,False
2026,Connecticut,CT,State Senate,8,general,Paul Honig,Democratic,,,True,True
2026,Connecticut,CT,State Senate,8,general,Mike Criss,Republican,,,False,False
2026,Connecticut,CT,State Senate,9,general,Matt Lesser,Democratic,,,True,True
2026,Connecticut,CT,State Senate,9,general,Grant Polomsky,Republican,,,False,False
2026,Connecticut,CT,State Senate,10,general,Gary Winfield,Democratic,,,True,True
2026,Connecticut,CT,State Senate,11,general,Al Paolillo,Democratic,,,True,False
2026,Connecticut,CT,State Senate,11,general,Rosa Pepper-Macias,Workers' Voice,,,False,False
2026,Connecticut,CT,State Senate,12,general,Christine Cohen,Democratic,,,True,True
2026,Connecticut,CT,State Senate,12,general,Lisa Deane,Republican,,,False,False
2026,Connecticut,CT,State Senate,13,general,Jack Fazzino,Democratic,,,True,False
2026,Connecticut,CT,State Senate,14,general,James Maroney,Democratic,,,True,True
2026,Connecticut,CT,State Senate,14,general,Owen Weaver,Republican,,,False,False
2026,Connecticut,CT,State Senate,15,general,Joan Hartley,Democratic,,,True,True
2026,Connecticut,CT,State Senate,15,general,Ruben Rodriguez,Republican,,,False,False
2026,Connecticut,CT,State Senate,16,general,Robert Sampson,Republican,,,True,True
2026,Connecticut,CT,State Senate,16,general,Jack Perry,Democratic,,,False,False
2026,Connecticut,CT,State Senate,17,general,Jorge Cabrera,Democratic,,,True,True
2026,Connecticut,CT,State Senate,17,general,John-Paul Dorais,Republican,,,False,False
2026,Connecticut,CT,State Senate,18,general,Heather Somers,Republican,,,True,True
2026,Connecticut,CT,State Senate,18,general,Joe de la Cruz,Democratic,,,False,False
2026,Connecticut,CT,State Senate,19,general,Catherine Osten,Democratic,,,True,True
2026,Connecticut,CT,State Senate,19,general,Jason Guidone,Republican,,,False,False
2026,Connecticut,CT,State Senate,20,general,Martha Marx,Democratic,,,True,True
2026,Connecticut,CT,State Senate,20,general,Lee Elci,Republican,,,False,False
2026,Connecticut,CT,State Senate,21,general,Jason Perillo,Republican,,,True,True
2026,Connecticut,CT,State Senate,21,general,Carolann Reid,Democratic,,,False,False
2026,Connecticut,CT,State Senate,22,general,Sujata Gadkar-Wilcox,Democratic,,,True,True
2026,Connecticut,CT,State Senate,22,general,Scott Modlin,Republican,,,False,False
2026,Connecticut,CT,State Senate,23,general,Herron Gaston,Democratic,,,True,True
2026,Connecticut,CT,State Senate,24,general,Julie Kushner,Democratic,,,True,True
2026,Connecticut,CT,State Senate,24,general,Melissa Lindsey,Republican,,,False,False
2026,Connecticut,CT,State Senate,25,general,Bob Duff,Democratic,,,True,True
2026,Connecticut,CT,State Senate,25,general,Justin Perry,Republican,,,False,False
2026,Connecticut,CT,State Senate,26,general,Samantha Nestor,Democratic,,,True,False
2026,Connecticut,CT,State Senate,26,general,Alma Sarelli,Republican,,,False,False
2026,Connecticut,CT,State Senate,27,general,Patricia Billie Miller,Democratic,,,True,True
2026,Connecticut,CT,State Senate,28,general,Amybeth Laroche,Republican,,,True,False
2026,Connecticut,CT,State Senate,28,general,Rob Blanchard,Democratic,,,False,False
2026,Connecticut,CT,State Senate,29,general,Mae Flexer,Democratic,,,True,True
2026,Connecticut,CT,State Senate,29,general,Christopher Reddy,Republican,,,False,False
2026,Connecticut,CT,State Senate,30,general,Stephen Harding,Republican,,,True,True
2026,Connecticut,CT,State Senate,30,general,Aaron Zimmer,Democratic,,,False,False
2026,Connecticut,CT,State Senate,31,general,Henri Martin,Republican,,,True,True
2026,Connecticut,CT,State Senate,31,general,Laurel LaPorte-Grimes,Democratic,,,False,False
2026,Connecticut,CT,State Senate,32,general,Eric Berthel,Republican,,,True,True
2026,Connecticut,CT,State Senate,32,general,Matt Knickerbocker,Democratic,,,False,False
2026,Connecticut,CT,State Senate,33,general,Norman Needleman,Democratic,,,True,True
2026,Connecticut,CT,State Senate,33,general,Charles Ferraro,Republican,,,False,False
2026,Connecticut,CT,State Senate,34,general,Paul Cicarella,Republican,,,True,True
2026,Connecticut,CT,State Senate,34,general,Brandi Mandato,Democratic,,,False,False
2026,Connecticut,CT,State Senate,35,general,Jeff Gordon,Republican,,,True,True
2026,Connecticut,CT,State Senate,35,general,Ethan Werstler,Democratic,,,False,False
2026,Connecticut,CT,State Senate,36,general,Joseph Kelly,Republican,,,True,False
2026,Connecticut,CT,State Senate,36,general,Jill Oberlander,Democratic,,,False,False
2026,Florida,FL,State Senate,11,special general,Ralph Massullo,Republican,49088.0,59.22,True,False
2026,Florida,FL,State Senate,11,special general,Ash Marwah,Democratic,33803.0,40.78,False,False
2026,Florida,FL,State Senate,14,special general,Brian Nathan,Democratic,40212.0,50.25,True,False
2026,Florida,FL,State Senate,14,special general,Josie Tomkow,Republican,39804.0,49.75,False,False
2026,Florida,FL,State Senate,15,special general,LaVon Bracy Davis,Democratic,17771.0,72.58,True,False
2026,Florida,FL,State Senate,15,special general,Willie Montague,Republican,6713.0,27.42,False,False
2026,Florida,FL,State Senate,19,special general,Debbie Mayfield,Republican,37546.0,54.44,True,False
2026,Florida,FL,State Senate,19,special general,Vance Ahrens,Democratic,31419.0,45.56,False,False
2026,Florida,FL,State Senate,2,general,Jay Trumbull,Republican,,,True,False
2026,Florida,FL,State Senate,2,general,Lauren Donahoo,Democratic,,,False,False
2026,Florida,FL,State Senate,4,general,Clay Yarborough,Republican,,,True,True
2026,Florida,FL,State Senate,6,general,Jennifer Bradley,Republican,,,True,False
2026,Florida,FL,State Senate,6,general,Jason Bellamy-Fults,Democratic,,,False,False
2026,Florida,FL,State Senate,6,general,Joseph Thorton,Solidarity,,,False,False
2026,Florida,FL,State Senate,8,general,Jake Johansson,Republican,,,True,False
2026,Florida,FL,State Senate,8,general,Judy Ngying,Democratic,,,False,False
2026,Florida,FL,State Senate,8,general,Gabe Wozniak,Libertarian,,,False,False
2026,Florida,FL,State Senate,10,general,Jason Brodeur,Republican,,,True,False
2026,Florida,FL,State Senate,10,general,John Lowndes,Democratic,,,False,False
2026,Florida,FL,State Senate,12,general,Colleen Burton,Republican,,,True,False
2026,Florida,FL,State Senate,12,general,Alfred Reynolds,Democratic,,,False,False
2026,Florida,FL,State Senate,14,general,Brian Nathan,Democratic,,,True,False
2026,Florida,FL,State Senate,14,general,Josie Tomkow,Republican,,,False,False
2026,Florida,FL,State Senate,16,general,Fentrice Driskell,Democratic,,,True,False
2026,Florida,FL,State Senate,18,general,Nick DiCeglie,Republican,,,True,False
2026,Florida,FL,State Senate,18,general,Karla Kemp,Democratic,,,False,False
2026,Florida,FL,State Senate,20,general,Jim Boyd,Republican,,,True,False
2026,Florida,FL,State Senate,20,general,Gerald Baldi,Democratic,,,False,False
2026,Florida,FL,State Senate,22,general,James Buchanan,Republican,,,True,False
2026,Florida,FL,State Senate,22,general,Lew Wasserman,Democratic,,,False,False
2026,Florida,FL,State Senate,22,general,Martin Hyde,Independent,,,False,False
2026,Florida,FL,State Senate,24,general,Mack Bernard,Democratic,,,True,False
2026,Florida,FL,State Senate,24,general,Jackie Green,Republican,,,False,False
2026,Florida,FL,State Senate,26,general,David Silvers,Democratic,,,True,False
2026,Florida,FL,State Senate,26,general,Rick Roth,Republican,,,False,False
2026,Florida,FL,State Senate,28,general,Lauren Melo,Republican,,,True,False
2026,Florida,FL,State Senate,28,general,David Silverberg,Democratic,,,False,False
2026,Florida,FL,State Senate,30,general,Lauren Book,Democratic,,,True,False
2026,Florida,FL,State Senate,30,general,Hector Rivera,Republican,,,False,False
2026,Florida,FL,State Senate,32,general,Rosalind Osgood,Democratic,,,True,False
2026,Florida,FL,State Senate,32,general,Crescente Furnaguera,Independent,,,False,False
2026,Florida,FL,State Senate,34,general,Ashley Gantt,Democratic,,,True,False
2026,Florida,FL,State Senate,34,general,Elizabeth Jeanty,Republican,,,False,False
2026,Florida,FL,State Senate,36,general,Ileana Garcia,Republican,,,True,False
2026,Florida,FL,State Senate,36,general,George Lavin,Democratic,,,False,False
2026,Florida,FL,State Senate,38,general,Alexis Calatayud,Republican,,,True,False
2026,Florida,FL,State Senate,38,general,Richard Lamondin,Democratic,,,False,False
2026,Florida,FL,State Senate,38,general,Jeffrey Solomon,Independent,,,False,False
2026,Florida,FL,State Senate,40,general,Ana Maria Rodriguez,Republican,,,True,False
2026,Florida,FL,State Senate,40,general,Jose Antonion Stoute,Democratic,,,False,False
2026,Florida,FL,State Senate,40,general,Ramiro Orta,Independent,,,False,False
2026,Georgia,GA,State Senate,SENATE DISTRICT 21,special general,Debra Shigley,Democratic,20399.0,38.54,True,False
2026,Georgia,GA,State Senate,SENATE DISTRICT 21,special general,Jason T. Dickerson,Republican,22774.0,61.46,True,False
2026,Georgia,GA,State Senate,SENATE DISTRICT 21,special general,Steve West,Republican,3642.0,17.04,False,False
2026,Georgia,GA,State Senate,SENATE DISTRICT 21,special general,Brian Will,Republican,2192.0,10.26,False,False
2026,Georgia,GA,State Senate,SENATE DISTRICT 21,special general,Brice Futch,Republican,1749.0,8.19,False,False
2026,Georgia,GA,State Senate,SENATE DISTRICT 21,special general,Lance Calvert,Republican,1424.0,6.66,False,False
2026,Georgia,GA,State Senate,SENATE DISTRICT 21,special general,Stephanie Donegan,Republican,207.0,0.97,False,False
2026,Georgia,GA,State Senate,SENATE DISTRICT 35,special general,Jaha V. Howard,Democratic,8367.0,32.63,True,False
2026,Georgia,GA,State Senate,SENATE DISTRICT 35,special general,Roger Bruce,Democratic,6985.0,25.37,True,False
2026,Georgia,GA,State Senate,SENATE DISTRICT 35,special general,Josh Tolbert,Republican,2765.0,17.57,False,False
2026,Georgia,GA,State Senate,SENATE DISTRICT 35,special general,Erica-Denise Solomon,Democratic,2721.0,17.29,False,False
2026,Georgia,GA,State Senate,SENATE DISTRICT 35,special general,John D. Williams,Democratic,832.0,5.29,False,False
2026,Georgia,GA,State Senate,SENATE DISTRICT 35,special general,Corenza Morris,Independent,290.0,1.84,False,False
2026,Georgia,GA,State Senate,SENATE DISTRICT 18,special general,LeMario Nicholas Brown,Democratic,18194.0,40.59,True,False
2026,Georgia,GA,State Senate,SENATE DISTRICT 18,special general,Steven McNeel,Republican,19579.0,59.41,True,False
2026,Georgia,GA,State Senate,SENATE DISTRICT 18,special general,Eric S. Wilson,Republican,4357.0,20.25,False,False
2026,Georgia,GA,State Senate,SENATE DISTRICT 18,special general,Lauren Daniel,Republican,4052.0,18.83,False,False
2026,Georgia,GA,State Senate,SENATE DISTRICT 18,special general,Nathan Warnock,Republican,310.0,1.44,False,False
2026,Georgia,GA,State Senate,SENATE DISTRICT 18,special general,Eugene Allison,Republican,271.0,1.26,False,False
2026,Georgia,GA,State Senate,SENATE DISTRICT 53,special general,Lanny Thomas,Republican,33932.0,68.66,True,False
2026,Georgia,GA,State Senate,SENATE DISTRICT 53,special general,"John Bentley ""Jack"" Zibluk",Democratic,18330.0,31.34,True,False
2026,Georgia,GA,State Senate,SENATE DISTRICT 53,special general,Denise Pierce Burns,Republican,6372.0,20.9,False,False
2026,Georgia,GA,State Senate,SENATE DISTRICT 53,special general,Blake Elsberry,Republican,4087.0,13.41,False,False
2026,Georgia,GA,State Senate,SENATE DISTRICT 7,special general,Aizaz Shahbaz Shaikh,Republican,18026.0,33.7,True,False
2026,Georgia,GA,State Senate,SENATE DISTRICT 7,special general,Adrienne White,Democratic,18302.0,33.37,True,False
2026,Georgia,GA,State Senate,SENATE DISTRICT 7,special general,Astrid S. Ross,Democratic,9671.0,32.93,False,False
2026,Georgia,GA,State Senate,1,general,Ben Watson,Republican,,,True,True
2026,Georgia,GA,State Senate,1,general,Corey Foreman,Democratic,,,False,False
2026,Illinois,IL,State Senate,2,general,Omar Aquino,Democratic,,,True,True
2026,Illinois,IL,State Senate,3,general,Mattie Hunter,Democratic,,,True,True
2026,Illinois,IL,State Senate,5,general,Lakesia Collins,Democratic,,,True,True
2026,Illinois,IL,State Senate,6,general,Sara Feigenholtz,Democratic,,,True,True
2026,Illinois,IL,State Senate,6,general,Frank Rowder,Republican,,,False,False
2026,Illinois,IL,State Senate,8,general,Ram Villivalam,Democratic,,,True,True
2026,Illinois,IL,State Senate,8,general,Vince Romano,Republican,,,False,False
2026,Illinois,IL,State Senate,11,general,Mike Porfirio,Democratic,,,True,True
2026,Illinois,IL,State Senate,56,general,Erica Harriss,Republican,,,True,True
2026,Illinois,IL,State Senate,56,general,Marsia Geldert-Murphey,Democratic,,,False,False
2026,Illinois,IL,State Senate,57,general,Christopher Belt,Democratic,,,True,True
2026,Illinois,IL,State Senate,57,general,Daniel Rhyne,Republican,,,False,False
2026,Illinois,IL,State Senate,59,general,Paul Jacobs,Republican,,,True,False
2026,Illinois,IL,State Senate,59,general,"Tamiko ""T.C."" Mueller",Democratic,,,False,False
2026,Indiana,IN,State Senate,1,general,Trevor De Vries,Republican,,,True,False
2026,Indiana,IN,State Senate,1,general,Scott Houldieson,Democratic,,,False,False
2026,Indiana,IN,State Senate,4,general,Rodney Pol Jr.,Democratic,,,True,True
2026,Indiana,IN,State Senate,4,general,Nate Uldricks,Republican,,,False,False
2026,Indiana,IN,State Senate,6,general,Jay Starkey,Republican,,,True,False
2026,Indiana,IN,State Senate,6,general,Kate-Lynn Holley,Democratic,,,False,False
2026,Indiana,IN,State Senate,11,general,Brian Schmutzler,Republican,,,True,False
2026,Indiana,IN,State Senate,11,general,Gabrianna Gratzol,Democratic,,,False,False
2026,Indiana,IN,State Senate,14,general,Tyler Johnson,Republican,,,True,True
2026,Indiana,IN,State Senate,14,general,Blaine Sefton,Democratic,,,False,False
2026,Indiana,IN,State Senate,15,general,Liz Brown,Republican,,,True,True
2026,Indiana,IN,State Senate,15,general,Julie McGill,Democratic,,,False,False
2026,Indiana,IN,State Senate,17,general,Chris Parker,Republican,,,True,False
2026,Indiana,IN,State Senate,17,general,Cynthia Wehr,Democratic,,,False,False
2026,Indiana,IN,State Senate,19,general,Blake Fiechter,Republican,,,True,False
2026,Indiana,IN,State Senate,19,general,Timothy Murphy,Democratic,,,False,False
2026,Indiana,IN,State Senate,21,general,Tracey Powell,Republican,,,True,False
2026,Indiana,IN,State Senate,21,general,Kirsten Root,Democratic,,,False,False
2026,Indiana,IN,State Senate,22,general,Ron Alting,Republican,,,True,True
2026,Indiana,IN,State Senate,22,general,Natasha Baker,Democratic,,,False,False
2026,Indiana,IN,State Senate,23,general,Spencer Deery,Republican,,,True,False
2026,Indiana,IN,State Senate,23,general,David Sanders,Democratic,,,False,False
2026,Indiana,IN,State Senate,23,general,Joshua Brant,Independent,,,False,False
2026,Indiana,IN,State Senate,25,general,Mike Gaskill,Republican,,,True,True
2026,Indiana,IN,State Senate,25,general,Tamie Dixon-Tatum,Democratic,,,False,False
2026,Indiana,IN,State Senate,26,general,Scott Alexander,Republican,,,True,True
2026,Indiana,IN,State Senate,26,general,Andrew Dale,Democratic,,,False,False
2026,Indiana,IN,State Senate,26,general,Tanya Pearson,Socialist,,,False,False
2026,Indiana,IN,State Senate,27,general,Jeff Raatz,Republican,,,True,True
2026,Indiana,IN,State Senate,27,general,Ron Itnyre,Democratic,,,False,False
2026,Indiana,IN,State Senate,29,general,Kristina Moorhead,Democratic,,,True,False
2026,Indiana,IN,State Senate,29,general,John Ruckelshaus,Republican,,,False,False
2026,Indiana,IN,State Senate,31,general,Juanita Albright,Republican,,,True,False
2026,Indiana,IN,State Senate,31,general,Kerry Forestal,Democratic,,,False,False
2026,Indiana,IN,State Senate,38,general,Greg Goode,Republican,,,True,True
2026,Indiana,IN,State Senate,38,general,Kacey Blundell,Democratic,,,False,False
2026,Indiana,IN,State Senate,39,general,Jeff Ellington,Republican,,,True,False
2026,Indiana,IN,State Senate,41,general,Michelle Davis,Republican,,,True,False
2026,Indiana,IN,State Senate,41,general,Ross Thomas,Democratic,,,False,False
2026,Indiana,IN,State Senate,43,general,Randy Maxwell,Republican,,,True,True
2026,Indiana,IN,State Senate,43,general,Byron Holland,Democratic,,,False,False
2026,Indiana,IN,State Senate,45,general,Chris Garten,Republican,,,True,True
2026,Indiana,IN,State Senate,45,general,Nick Marshall,Democratic,,,False,False
2026,Indiana,IN,State Senate,45,general,Larry Mahaney,Libertarian,,,False,False
2026,Indiana,IN,State Senate,47,general,Gary Byrne,Republican,,,True,True
2026,Indiana,IN,State Senate,47,general,Ethan Sweetland-May,Democratic,,,False,False
2026,Indiana,IN,State Senate,48,general,Daryl Schmitt,Republican,,,True,True
2026,Indiana,IN,State Senate,48,general,Brad Hochgesang,Democratic,,,False,False
2026,Indiana,IN,State Senate,49,general,Jim Tomes,Republican,,,True,True
2026,Indiana,IN,State Senate,49,general,Cindi Clayton,Democratic,,,False,False
2026,Iowa,IA,State Senate,1,general,Catelin Drey,Democratic,,,True,True
2026,Iowa,IA,State Senate,1,general,Christopher Prosch,Republican,,,False,False
2026,Iowa,IA,State Senate,3,general,Lynn Evans,Republican,,,True,True
2026,Iowa,IA,State Senate,3,general,Mike Frantz,Democratic,,,False,False
2026,Iowa,IA,State Senate,5,general,Dave Rowley,Republican,,,True,True
2026,Iowa,IA,State Senate,7,general,Kevin Alons,Republican,,,True,True
2026,Iowa,IA,State Senate,9,general,Steve Baier,Republican,,,True,False
2026,Iowa,IA,State Senate,11,general,Sinikka Waugh,Democratic,,,True,False
2026,Iowa,IA,State Senate,11,general,Hollie Zajicek,Republican,,,False,False
2026,Iowa,IA,State Senate,13,general,Brenda Case,Democratic,,,True,False
2026,Iowa,IA,State Senate,13,general,Jeff Kulmatycki,Republican,,,False,False
2026,Iowa,IA,State Senate,15,general,Tony Bisignano,Democratic,,,True,True
2026,Iowa,IA,State Senate,17,general,Samy El-Baroudi,Democratic,,,True,False
2026,Iowa,IA,State Senate,17,general,Ronald Langston,Republican,,,False,False
2026,Iowa,IA,State Senate,19,general,Barb Kniff McCulla,Republican,,,True,False
2026,Iowa,IA,State Senate,19,general,Zachary Mecham,Democratic,,,False,False
2026,Iowa,IA,State Senate,21,general,John Hollinrake,Republican,,,True,False
2026,Iowa,IA,State Senate,21,general,Heather Matson,Democratic,,,False,False
2026,Iowa,IA,State Senate,23,general,Wes Eros,Republican,,,True,False
2026,Iowa,IA,State Senate,23,general,Tony Thompson,Democratic,,,False,False
2026,Iowa,IA,State Senate,25,general,Herman Quirmbach,Democratic,,,True,True
2026,Iowa,IA,State Senate,27,general,Annette Sweeney,Republican,,,True,True
2026,Iowa,IA,State Senate,29,general,Sandy Salmon,Republican,,,True,True
2026,Iowa,IA,State Senate,29,general,Jim Vowels,Democratic,,,False,False
2026,Iowa,IA,State Senate,31,general,Timi Brown-Powers,Democratic,,,True,False
2026,Iowa,IA,State Senate,33,general,Carrie Koelker,Republican,,,True,True
2026,Iowa,IA,State Senate,35,general,Joe Stutting,Republican,,,True,False
2026,Iowa,IA,State Senate,35,general,Mike Zimmer,Democratic,,,False,True
2026,Iowa,IA,State Senate,37,general,Molly Donahue,Democratic,,,True,True
2026,Iowa,IA,State Senate,37,general,Randy Marzen,Republican,,,False,False
2026,Iowa,IA,State Senate,39,general,Liz Bennett,Democratic,,,True,True
2026,Iowa,IA,State Senate,41,general,Kerry Gruenhagen,Republican,,,True,True
2026,Iowa,IA,State Senate,41,general,Tom Wieck,Democratic,,,False,False
2026,Iowa,IA,State Senate,43,general,Meghann Foster,Democratic,,,True,False
2026,Iowa,IA,State Senate,45,general,Janice Weiner,Democratic,,,True,True
2026,Iowa,IA,State Senate,47,general,Nikhil Wagle,Democratic,,,True,False
2026,Iowa,IA,State Senate,47,general,Scott Webster,Republican,,,False,True
2026,Iowa,IA,State Senate,49,general,Cynthia Mensendick,Republican,,,True,False
2026,Iowa,IA,State Senate,49,general,Cindy Winckler,Democratic,,,False,True
2026,Kentucky,KY,State Senate,37,special general,Gary Clemons,Democratic,3752.0,72.6,True,False
2026,Kentucky,KY,State Senate,37,special general,Calvin Leach,Republican,1297.0,25.1,False,False
2026,Kentucky,KY,State Senate,37,special general,Wendy Higdon,Libertarian,121.0,2.3,False,False
2026,Kentucky,KY,State Senate,2,general,Danny Carroll,Republican,,,True,True
2026,Kentucky,KY,State Senate,4,general,"Robert M. ""Robby"" Mills",Republican,,,True,True
2026,Kentucky,KY,State Senate,4,general,Janyna Lynn Russelburg,Write-in,,,False,False
2026,Kentucky,KY,State Senate,6,general,Lindsey Tichenor,Republican,,,True,True
2026,Kentucky,KY,State Senate,6,general,Christian Furman,Democratic,,,False,False
2026,Kentucky,KY,State Senate,8,general,Gary M. Boswell,Republican,,,True,True
2026,Kentucky,KY,State Senate,8,general,Vicki Quisenberry,Democratic,,,False,False
2026,Kentucky,KY,State Senate,10,general,Matt Deneen,Republican,,,True,True
2026,Kentucky,KY,State Senate,10,general,Christopher Gatrost,Democratic,,,False,False
2026,Kentucky,KY,State Senate,12,general,Amanda Mays Bledsoe,Republican,,,True,True
2026,Kentucky,KY,State Senate,14,general,Ben Mudd,Republican,,,True,False
2026,Kentucky,KY,State Senate,14,general,Carrie Gribbins Truitt,Democratic,,,False,False
2026,Kentucky,KY,State Senate,16,general,"George Maxwell ""Max"" Wise",Republican,,,True,True
2026,Kentucky,KY,State Senate,18,general,Robin L. Webb,Republican,,,True,True
2026,Kentucky,KY,State Senate,20,general,"Gex ""jay"" Williams",Republican,,,True,True
2026,Kentucky,KY,State Senate,20,general,Stella R. Pollard,Democratic,,,False,False
2026,Kentucky,KY,State Senate,22,general,Donald R. Douglas,Republican,,,True,True
2026,Kentucky,KY,State Senate,22,general,Michael Wieland French,Write-in,,,False,False
2026,Kentucky,KY,State Senate,24,general,"Shelley ""Funke"" Frommeyer",Republican,,,True,True
2026,Kentucky,KY,State Senate,24,general,Joshua Baker,Democratic,,,False,False
2026,Kentucky,KY,State Senate,26,general,Karen A. Berg,Democratic,,,True,True
2026,Kentucky,KY,State Senate,26,general,Everett C. Corley,Republican,,,False,False
2026,Kentucky,KY,State Senate,28,general,Greg Elkins,Republican,,,True,True
2026,Kentucky,KY,State Senate,30,general,Brandon D. Smith,Republican,,,True,True
2026,Kentucky,KY,State Senate,32,general,Mike Wilson,Republican,,,True,True
2026,Kentucky,KY,State Senate,34,general,Jared K. Carpenter,Republican,,,True,True
2026,Kentucky,KY,State Senate,34,general,Jessica D. McIntosh,Democratic,,,False,False
2026,Kentucky,KY,State Senate,36,general,Julie Raque Adams,Republican,,,True,True
2026,Kentucky,KY,State Senate,36,general,Sarah Cole McIntosh,Democratic,,,False,False
2026,Kentucky,KY,State Senate,38,general,Mike Nemes,Republican,,,True,True
2026,Maryland,MD,State Senate,1,general,Mike McKay,Republican,,,True,True
2026,Maryland,MD,State Senate,1,general,Ashley Emerick,Democratic,,,False,False
2026,Maryland,MD,State Senate,2,general,Paul Corderman,Republican,,,True,True
2026,Maryland,MD,State Senate,2,general,Eric Van Buren,Democratic,,,False,False
2026,Maryland,MD,State Senate,3,general,Karen Lewis Young,Democratic,,,True,True
2026,Maryland,MD,State Senate,3,general,Shelley Aloi,Republican,,,False,False
2026,Maryland,MD,State Senate,4,general,William Folden,Republican,,,True,True
2026,Maryland,MD,State Senate,4,general,Lara Westdorp,Democratic,,,False,False
2026,Maryland,MD,State Senate,5,general,Justin Ready,Republican,,,True,True
2026,Maryland,MD,State Senate,5,general,Gary Foote,Democratic,,,False,False
2026,Maryland,MD,State Senate,6,general,Johnny Ray Salling,Republican,,,True,True
2026,Maryland,MD,State Senate,6,general,Justin Holliday,Democratic,,,False,False
2026,Maryland,MD,State Senate,7,general,J. B. Jennings,Republican,,,True,True
2026,Maryland,MD,State Senate,7,general,Bill Geibler,Democratic,,,False,False
2026,Maryland,MD,State Senate,8,general,Carl W. Jackson,Democratic,,,True,True
2026,Maryland,MD,State Senate,8,general,Yahu Blackwell,Republican,,,False,False
2026,Maryland,MD,State Senate,9,general,Katie Fry Hester,Democratic,,,True,True
2026,Maryland,MD,State Senate,9,general,Ben Hightower,Republican,,,False,False
2026,Maryland,MD,State Senate,10,general,Benjamin Brooks,Democratic,,,True,True
2026,Maryland,MD,State Senate,11,general,Shelly Hettleman,Democratic,,,True,True
2026,Maryland,MD,State Senate,11,general,Jim Simpson,Republican,,,False,False
2026,Maryland,MD,State Senate,12,general,Clarence Lam,Democratic,,,True,True
2026,Maryland,MD,State Senate,13,general,Guy Guzzone,Democratic,,,True,True
2026,Maryland,MD,State Senate,14,general,Craig Zucker,Democratic,,,True,True
2026,Maryland,MD,State Senate,15,general,Brian Feldman,Democratic,,,True,True
2026,Maryland,MD,State Senate,16,general,Sara N. Love,Democratic,,,True,False
2026,Maryland,MD,State Senate,17,general,Cheryl Kagan,Democratic,,,True,True
2026,Maryland,MD,State Senate,17,general,Helene Meister,Republican,,,False,False
2026,Maryland,MD,State Senate,18,general,Jeff Waldstreicher,Democratic,,,True,True
2026,Maryland,MD,State Senate,19,general,Benjamin F. Kramer,Democratic,,,True,True
2026,Maryland,MD,State Senate,20,general,William C. Smith Jr.,Democratic,,,True,True
2026,Maryland,MD,State Senate,21,general,James Rosapepe,Democratic,,,True,True
2026,Maryland,MD,State Senate,21,general,Lee Havis,Republican,,,False,False
2026,Maryland,MD,State Senate,22,general,Alonzo T. Washington,Democratic,,,True,True
2026,Maryland,MD,State Senate,22,general,Jim Wass,Republican,,,False,False
2026,Maryland,MD,State Senate,23,general,Ron Watson,Democratic,,,True,False
2026,Maryland,MD,State Senate,23,general,James A. T. Amah,Republican,,,False,False
2026,Maryland,MD,State Senate,24,general,Tiffany T. Alston,Democratic,,,True,False
2026,Maryland,MD,State Senate,25,general,Nick Charles,Democratic,,,True,True
2026,Maryland,MD,State Senate,26,general,C. Anthony Muse,Democratic,,,True,True
2026,Maryland,MD,State Senate,27,general,Kevin Harris,Democratic,,,True,True
2026,Maryland,MD,State Senate,27,general,Al Larsen,Republican,,,False,False
2026,Maryland,MD,State Senate,28,general,C. T. Wilson,Democratic,,,True,False
2026,Maryland,MD,State Senate,29,general,Jack Bailey,Republican,,,True,True
2026,Maryland,MD,State Senate,29,general,Chuck Borges,Democratic,,,False,False
2026,Maryland,MD,State Senate,30,general,Shaneka Henson,Democratic,,,True,True
2026,Maryland,MD,State Senate,30,general,Jessica Haire,Republican,,,False,False
2026,Maryland,MD,State Senate,31,general,Nic Kipke,Republican,,,True,False
2026,Maryland,MD,State Senate,31,general,Brent Mulrooney,Democratic,,,False,False
2026,Maryland,MD,State Senate,32,general,Mark S. Chang,Democratic,,,True,False
2026,Maryland,MD,State Senate,32,general,Justin Gallucci,Republican,,,False,False
2026,Maryland,MD,State Senate,33,general,Dawn Gile,Democratic,,,True,True
2026,Maryland,MD,State Senate,33,general,Amy Leahy,Republican,,,False,False
2026,Maryland,MD,State Senate,34,general,Mary-Dulany James,Democratic,,,True,True
2026,Maryland,MD,State Senate,34,general,Raj Goel,Republican,,,False,False
2026,Maryland,MD,State Senate,35,general,Jason C. Gallion,Republican,,,True,True
2026,Maryland,MD,State Senate,35,general,Neil Jennings,Democratic,,,False,False
2026,Maryland,MD,State Senate,36,general,Steve Hershey,Republican,,,True,True
2026,Maryland,MD,State Senate,36,general,Nivek Johnson,Democratic,,,False,False
2026,Maryland,MD,State Senate,37,general,Johnny Mautz,Republican,,,True,False
2026,Maryland,MD,State Senate,37,general,Katie Clendaniel,Democratic,,,False,False
2026,Maryland,MD,State Senate,38,general,Mary Beth Carozza,Republican,,,True,True
2026,Maryland,MD,State Senate,38,general,Lino Cressotti,Democratic,,,False,False
2026,Maryland,MD,State Senate,39,general,Amar Mukunda,Democratic,,,True,False
2026,Maryland,MD,State Senate,40,general,Antonio Hayes,Democratic,,,True,True
2026,Maryland,MD,State Senate,40,general,Alan Rebar,Class,,,False,False
2026,Maryland,MD,State Senate,41,general,Malcolm Ruff,Democratic,,,True,False
2026,Maryland,MD,State Senate,42,general,Kevin Ford,Republican,,,True,False
2026,Maryland,MD,State Senate,42,general,Stephanie Popescu,Democratic,,,False,False
2026,Maryland,MD,State Senate,43,general,Mary L. Washington,Democratic,,,True,True
2026,Maryland,MD,State Senate,44,general,Charles E. Sydnor III,Democratic,,,True,True
2026,Maryland,MD,State Senate,45,general,Cory McCray,Democratic,,,True,True
2026,Maryland,MD,State Senate,46,general,Bill Ferguson,Democratic,,,True,True
2026,Maryland,MD,State Senate,46,general,Emmanuel Digman,Republican,,,False,False
2026,Maryland,MD,State Senate,47,general,Malcolm Augustine,Democratic,,,True,True
2026,Michigan,MI,State Senate,35,general,Chedrick Greene,Democratic,36583,58.88,True,False
2026,Michigan,MI,State Senate,35,general,Jason Tunney,Republican,24491,39.42,False,False
2026,Michigan,MI,State Senate,35,general,Ali Sledz,Libertarian,1058,1.7,False,False
2026,New York,NY,State Senate,22,special general,Sam Sutton,Democratic,8970,67.0,True,False
2026,New York,NY,State Senate,22,special general,Nachman Carl Caller,New York Republican,4272,27.9,False,False
2026,New York,NY,State Senate,47,special general,Erik Bottcher,Democratic,13325,76.2,False,False
2026,New York,NY,State Senate,47,special general,Charlotte Friedman,New York Republican,1117,7.7,False,False
2026,New York,NY,State Senate,61,special general,Jeremy Zellner,Democratic,19341,59.7,True,False
2026,New York,NY,State Senate,61,special general,Dan R. Gagliardo,New York Republican,12886,30.4,False,False
2026,North Carolina,NC,State Senate,1,general,Jerry Tillett,Republican,,,True,False
2026,North Carolina,NC,State Senate,1,general,Melissa Zehner,Democratic,,,False,False
2026,North Carolina,NC,State Senate,2,general,Norman Sanderson,Republican,,,True,True
2026,North Carolina,NC,State Senate,2,general,Roy Surrett,Democratic,,,False,False
2026,North Carolina,NC,State Senate,3,general,Bob Brinson,Republican,,,True,True
2026,North Carolina,NC,State Senate,3,general,Charles Dudley,Democratic,,,False,False
2026,North Carolina,NC,State Senate,4,general,Buck Newton,Republican,,,True,True
2026,North Carolina,NC,State Senate,4,general,Jessica (Jess) Rivera,Democratic,,,False,False
2026,North Carolina,NC,State Senate,5,general,Kandie Smith,Democratic,,,True,True
2026,North Carolina,NC,State Senate,5,general,Henry Hostetler,Republican,,,False,False
2026,North Carolina,NC,State Senate,6,general,Michael Lazzara,Republican,,,True,True
2026,North Carolina,NC,State Senate,6,general,Andi Morrow,Democratic,,,False,False
2026,North Carolina,NC,State Senate,7,general,Michael Lee,Republican,,,True,True
2026,North Carolina,NC,State Senate,7,general,Jessica Bichler,Democratic,,,False,False
2026,North Carolina,NC,State Senate,8,general,Bill Rabon,Republican,,,True,True
2026,North Carolina,NC,State Senate,8,general,Richard Combes,Democratic,,,False,False
2026,North Carolina,NC,State Senate,8,general,Tim White,Libertarian,,,False,False
2026,North Carolina,NC,State Senate,9,general,Brent Jackson,Republican,,,True,True
2026,North Carolina,NC,State Senate,9,general,Helen Bronson,Democratic,,,False,False
2026,North Carolina,NC,State Senate,10,general,Benton Sawrey,Republican,,,True,True
2026,North Carolina,NC,State Senate,10,general,Pat LeGrand,Democratic,,,False,False
2026,North Carolina,NC,State Senate,10,general,Kevin Terrett,Libertarian,,,False,False
2026,North Carolina,NC,State Senate,11,general,Lisa Stone Barnes,Republican,,,True,True
2026,North Carolina,NC,State Senate,11,general,James Gailliard,Democratic,,,False,False
2026,North Carolina,NC,State Senate,11,general,Gavin Bell,Libertarian,,,False,False
2026,North Carolina,NC,State Senate,12,general,Jim Burgin,Republican,,,True,True
2026,North Carolina,NC,State Senate,12,general,Tanya White Anderson,Democratic,,,False,False
2026,North Carolina,NC,State Senate,13,general,Lisa Grafstein,Democratic,,,True,True
2026,North Carolina,NC,State Senate,13,general,Robert van Brederode,Republican,,,False,False
2026,North Carolina,NC,State Senate,14,general,Dan Blue,Democratic,,,True,True
2026,North Carolina,NC,State Senate,14,general,Angela McCarty,Republican,,,False,False
2026,North Carolina,NC,State Senate,15,general,Jay Chaudhuri,Democratic,,,True,True
2026,North Carolina,NC,State Senate,15,general,David Bankert,Republican,,,False,False
2026,North Carolina,NC,State Senate,16,general,Gale Adcock,Democratic,,,True,True
2026,North Carolina,NC,State Senate,16,general,Philip Hensley,Republican,,,False,False
2026,North Carolina,NC,State Senate,16,general,Jonathan Miller,Libertarian,,,False,False
2026,North Carolina,NC,State Senate,17,general,Sydney Batch,Democratic,,,True,True
2026,North Carolina,NC,State Senate,17,general,Shirley Johnson,Republican,,,False,False
2026,North Carolina,NC,State Senate,17,general,Patrick Bowersox,Libertarian,,,False,False
2026,North Carolina,NC,State Senate,18,general,Haseeb Fatmi,Democratic,,,True,True
2026,North Carolina,NC,State Senate,18,general,Chris Stock,Republican,,,False,False
2026,North Carolina,NC,State Senate,18,general,Brad Hessel,Libertarian,,,False,False
2026,North Carolina,NC,State Senate,19,general,Val Applewhite,Democratic,,,True,True
2026,North Carolina,NC,State Senate,19,general,Venus de la Cruz,Republican,,,False,False
2026,North Carolina,NC,State Senate,20,general,Natalie Murdock,Democratic,,100.0,True,True
2026,North Carolina,NC,State Senate,21,general,Tom McInnis,Republican,,,True,True
2026,North Carolina,NC,State Senate,21,general,Paul Taylor,Democratic,,,False,False
2026,North Carolina,NC,State Senate,22,general,Sophia Chitlik,Democratic,,,True,True
2026,North Carolina,NC,State Senate,22,general,Lakeshia Alston,Republican,,,False,False
2026,North Carolina,NC,State Senate,23,general,Jonah Garson,Democratic,,,True,True
2026,North Carolina,NC,State Senate,23,general,Laura Pichardo,Republican,,,False,False
2026,North Carolina,NC,State Senate,24,general,Danny Britt,Republican,,,True,True
2026,North Carolina,NC,State Senate,24,general,Catina Hamm,Democratic,,,False,False
2026,North Carolina,NC,State Senate,25,general,Amy Galey,Republican,,,True,True
2026,North Carolina,NC,State Senate,25,general,Southey Blanton,Democratic,,,False,False
2026,North Carolina,NC,State Senate,26,general,Sam Page,Republican,,,True,False
2026,North Carolina,NC,State Senate,26,general,Steve Luking,Democratic,,,False,False
2026,North Carolina,NC,State Senate,27,general,Michael Garrett,Democratic,,100.0,True,True
2026,North Carolina,NC,State Senate,28,general,Gladys Robinson,Democratic,,100.0,True,True
2026,North Carolina,NC,State Senate,29,general,Dave Craven,Republican,,,True,True
2026,North Carolina,NC,State Senate,29,general,Bob Morrison,Democratic,,,False,False
2026,North Carolina,NC,State Senate,30,general,Steve Jarvis,Republican,,,True,True
2026,North Carolina,NC,State Senate,30,general,Pamela McAfee,Democratic,,,False,False
2026,North Carolina,NC,State Senate,31,general,Dana Caudill Jones,Republican,,,True,True
2026,North Carolina,NC,State Senate,31,general,Andy Bowline,Democratic,,,False,False
2026,North Carolina,NC,State Senate,32,general,Paul Lowe Jr.,Democratic,,,True,True
2026,North Carolina,NC,State Senate,32,general,Peter Antinozzi,Republican,,,False,False
2026,North Carolina,NC,State Senate,33,general,Carl Ford,Republican,,,True,True
2026,North Carolina,NC,State Senate,33,general,Gary Weart,Democratic,,,False,False
2026,North Carolina,NC,State Senate,34,general,Kevin Crutchfield,Republican,,,True,False
2026,North Carolina,NC,State Senate,34,general,April Cook,Democratic,,,False,False
2026,North Carolina,NC,State Senate,35,general,Todd Johnson,Republican,,,True,True
2026,North Carolina,NC,State Senate,35,general,Christine Winward,Democratic,,,False,False
2026,North Carolina,NC,State Senate,36,general,Eddie Settle,Republican,,,True,True
2026,North Carolina,NC,State Senate,36,general,Trevor Cole Hardwick,Democratic,,,False,False
2026,North Carolina,NC,State Senate,37,general,Vickie Sawyer,Republican,,,True,True
2026,North Carolina,NC,State Senate,37,general,Raygan Angel,Democratic,,,False,False
2026,North Carolina,NC,State Senate,38,general,Mujtaba Mohammed,Democratic,,100.0,True,True
2026,North Carolina,NC,State Senate,39,general,DeAndrea Salvador,Democratic,,100.0,True,True
2026,North Carolina,NC,State Senate,40,general,Joyce Waddell,Democratic,,,True,True
2026,North Carolina,NC,State Senate,40,general,Bobbie Shields,Republican,,,False,False
2026,North Carolina,NC,State Senate,41,general,Caleb Theodros,Democratic,,,True,True
2026,North Carolina,NC,State Senate,41,general,Kevin Gray,Republican,,,False,False
2026,North Carolina,NC,State Senate,42,general,Woodson Bradley,Democratic,,,True,True
2026,North Carolina,NC,State Senate,42,general,Stacie McGinn,Republican,,,False,False
2026,North Carolina,NC,State Senate,43,general,Brad Overcash,Republican,,,True,True
2026,North Carolina,NC,State Senate,43,general,Steve Rutherford,Democratic,,,False,False
2026,North Carolina,NC,State Senate,44,general,Ted Alexander,Republican,,,True,True
2026,North Carolina,NC,State Senate,44,general,Rod Powell,Democratic,,,False,False
2026,North Carolina,NC,State Senate,45,general,Mark Hollo,Republican,,,True,True
2026,North Carolina,NC,State Senate,45,general,Greg Cranford,Democratic,,,False,False
2026,North Carolina,NC,State Senate,46,general,Warren Daniel,Republican,,,True,True
2026,North Carolina,NC,State Senate,46,general,Kyle Whisnant,Democratic,,,False,False
2026,North Carolina,NC,State Senate,47,general,Ralph Hise,Republican,,,True,True
2026,North Carolina,NC,State Senate,47,general,Frank Patton Hughes III,Democratic,,,False,False
2026,North Carolina,NC,State Senate,48,general,Tim Moffitt,Republican,,,True,True
2026,North Carolina,NC,State Senate,48,general,Doyle Brown Jr.,Democratic,,,False,False
2026,North Carolina,NC,State Senate,49,general,Julie Mayfield,Democratic,,,True,True
2026,North Carolina,NC,State Senate,49,general,CJ Domingo,Republican,,,False,False
2026,North Carolina,NC,State Senate,50,general,Kevin Corbin,Republican,,,True,True
2026,North Carolina,NC,State Senate,50,general,Tom Downing,Democratic,,,False,False
2026,North Dakota,ND,State Senate,,general,1st,,2014.0,,True,False
2026,North Dakota,ND,State Senate,,general,3rd,,,,False,False
2026,North Dakota,ND,State Senate,,general,5th,,,,False,False
2026,North Dakota,ND,State Senate,,general,7th,,,,False,False
2026,North Dakota,ND,State Senate,,general,9th,,,,False,False
2026,North Dakota,ND,State Senate,,general,11th,,,,False,False
2026,North Dakota,ND,State Senate,,general,13th,,,,False,False
2026,North Dakota,ND,State Senate,,general,15th,,,,False,False
2026,North Dakota,ND,State Senate,,general,17th,,,,False,False
2026,North Dakota,ND,State Senate,,general,19th,,,,False,False
2026,North Dakota,ND,State Senate,,general,21st,,,,False,False
2026,North Dakota,ND,State Senate,,general,23rd,,,,False,False
2026,North Dakota,ND,State Senate,,general,25th,,,,False,False
2026,North Dakota,ND,State Senate,,general,27th,,,,False,False
2026,North Dakota,ND,State Senate,,general,29th,,,,False,False
2026,North Dakota,ND,State Senate,,general,31st,,,,False,False
2026,North Dakota,ND,State Senate,,general,33rd,,,,False,False
2026,North Dakota,ND,State Senate,,general,35th,,,,False,False
2026,North Dakota,ND,State Senate,,general,37th,,,,False,False
2026,North Dakota,ND,State Senate,,general,39th,,,,False,False
2026,North Dakota,ND,State Senate,,general,41st,,,,False,False
2026,North Dakota,ND,State Senate,,general,43rd,,,,False,False
2026,North Dakota,ND,State Senate,,general,45th,,,,False,False
2026,North Dakota,ND,State Senate,,general,47th,,,,False,False
2026,Oklahoma,OK,State Senate,17,general,Ed Bolt,Democratic,,,True,False
2026,Oklahoma,OK,State Senate,17,general,Justin Freeland Wood,Republican,,,False,False
2026,Oklahoma,OK,State Senate,2,general,Randy Cowling,Democratic,,,True,False
2026,Oklahoma,OK,State Senate,4,general,Ellen Cuff,Democratic,,,True,False
2026,Oklahoma,OK,State Senate,6,general,David Bullard,Republican,,,True,False
2026,Oklahoma,OK,State Senate,6,general,Patrick Southerland,Democratic,,,False,False
2026,Oklahoma,OK,State Senate,8,general,Nathan Brewer,Democratic,,,True,False
2026,Oklahoma,OK,State Senate,8,general,Bryan Logan,Republican,,,False,False
2026,Oklahoma,OK,State Senate,10,general,Bill Coleman,Republican,,,True,False
2026,Oklahoma,OK,State Senate,12,general,Todd Gollihare,Republican,,,True,False
2026,Oklahoma,OK,State Senate,14,general,Jerry Alvord,Republican,,,True,False
2026,Oklahoma,OK,State Senate,16,general,Mary B. Boren,Democratic,,,True,False
2026,Oklahoma,OK,State Senate,18,general,Tyler Herring,Republican,,,True,False
2026,Oklahoma,OK,State Senate,18,general,Meredith McGinnis Eliminated in runoff,Democratic,,,False,False
2026,Oklahoma,OK,State Senate,20,general,Chuck Hall,,2018.0,,True,False
2026,Oklahoma,OK,State Senate,22,general,Kenny Kemper,Democratic,,,True,False
2026,Oklahoma,OK,State Senate,22,general,Kristen Thompson,Republican,,,False,False
2026,Oklahoma,OK,State Senate,24,general,Melissa Elder,Independent,,,True,False
2026,Oklahoma,OK,State Senate,24,general,Jon Painter,Republican,,,False,False
2026,Oklahoma,OK,State Senate,24,general,Johnathan Morales Eliminated in runoff,Democratic,,,False,False
2026,Oklahoma,OK,State Senate,26,general,Jessica Winegeart,Republican,,,True,False
2026,Oklahoma,OK,State Senate,28,general,Kevin M. Connor,Democratic,,,True,False
2026,Oklahoma,OK,State Senate,30,general,Julia Kirt,Democratic,,,True,False
2026,Oklahoma,OK,State Senate,32,general,Curtis Erwin,Republican,,,True,False
2026,Oklahoma,OK,State Senate,32,general,Booker T. Newton,Democratic,,,False,False
2026,Oklahoma,OK,State Senate,32,general,Valentin Peña Eliminated in runoff,Independent,,,False,False
2026,Oklahoma,OK,State Senate,34,general,Aaron Forst,Republican,,,True,False
2026,Oklahoma,OK,State Senate,34,general,Amy Hossain Eliminated in runoff,Democratic,,,False,False
2026,Oklahoma,OK,State Senate,36,general,John Haste,Republican,,,True,False
2026,Oklahoma,OK,State Senate,38,general,Rick Vernon,Republican,,51.0,True,False
2026,Oklahoma,OK,State Senate,38,general,Joe B. Buchanan,Republican,,43.0,False,False
2026,Oklahoma,OK,State Senate,38,general,Barry Christian,Republican,,,False,False
2026,Oklahoma,OK,State Senate,40,general,Carri Hicks,Democratic,,,True,False
2026,Oklahoma,OK,State Senate,42,general,Chris Jones,Democratic,,,True,False
2026,Oklahoma,OK,State Senate,44,general,Michael Brooks-Jimenez,Democratic,,,True,False
2026,Oklahoma,OK,State Senate,46,general,Mark Mann,Democratic,,,True,False
2026,Oklahoma,OK,State Senate,48,general,Nikki Nice,Democratic,,,True,False
2026,Oregon,OR,State Senate,3,general,Denise Krause,Democratic,,,True,False
2026,Oregon,OR,State Senate,3,general,Brad Hicks,Republican,,,False,False
2026,Oregon,OR,State Senate,4,general,Floyd Prozanski,Democratic,,,True,True
2026,Oregon,OR,State Senate,4,general,TBD,Republican,,,False,False
2026,Oregon,OR,State Senate,6,general,Jack Tibbetts,Republican,,,True,False
2026,Oregon,OR,State Senate,6,general,Sierrah Williams,Democratic,,,False,False
2026,Oregon,OR,State Senate,7,general,James Manning Jr.,Democratic,,,True,True
2026,Oregon,OR,State Senate,7,general,Jack Huff,Republican,,,False,False
2026,Oregon,OR,State Senate,8,general,Sara Gelser Blouin,Democratic,,,True,True
2026,Oregon,OR,State Senate,8,general,Valerie Draper Woldeit,Republican,,,False,False
2026,Oregon,OR,State Senate,10,general,Deb Patterson,Democratic,,,True,True
2026,Oregon,OR,State Senate,10,general,Angela Plowhead,Republican,,,False,False
2026,Oregon,OR,State Senate,11,general,Virginia Stapleton,Democratic,,,True,False
2026,Oregon,OR,State Senate,11,general,Tracy Cramer,Republican,,,False,False
2026,Oregon,OR,State Senate,13,general,Courtney Neron Misslin,Democratic,,,True,True
2026,Oregon,OR,State Senate,13,general,Glenn Lancaster,Republican,,,False,False
2026,Oregon,OR,State Senate,15,general,Myrna Muñoz,Democratic,,,True,False
2026,Oregon,OR,State Senate,15,general,Harold Hutchinson,Republican,,,False,False
2026,Oregon,OR,State Senate,16,general,Courtney Bangs,Republican,,,True,False
2026,Oregon,OR,State Senate,16,general,Rachel Armitage,Democratic,,,False,False
2026,Oregon,OR,State Senate,17,general,Lisa Reynolds,Democratic,,,True,True
2026,Oregon,OR,State Senate,17,general,John Chee,Republican,,,False,False
2026,Oregon,OR,State Senate,19,general,Rob Wagner,Democratic,,,True,True
2026,Oregon,OR,State Senate,19,general,Mary Dirksen,Republican,,,False,False
2026,Oregon,OR,State Senate,20,general,Mark Meek,Democratic,,,True,True
2026,Oregon,OR,State Senate,20,general,Michelle Stroh,Republican,,,False,False
2026,Oregon,OR,State Senate,24,general,Kayse Jama,Democratic,,,True,True
2026,Oregon,OR,State Senate,24,general,TBD,Republican,,,False,False
2026,Oregon,OR,State Senate,26,general,Jeff Helfrich,Republican,,,True,False
2026,Oregon,OR,State Senate,26,general,Nicole Bassett,Democratic,,,False,False
2026,Pennsylvania,PA,State Senate,36,special general,James Andrew Malone,Democratic,27034.0,49.99,False,False
2026,Pennsylvania,PA,State Senate,36,special general,Josh Parsons,Republican,26508.0,49.02,False,False
2026,Pennsylvania,PA,State Senate,36,special general,Zachary Moore,Libertarian,483.0,0.89,False,False
2026,Pennsylvania,PA,State Senate,36,general,Christine Tartaglione,Democratic,,,True,False
2026,Pennsylvania,PA,State Senate,36,general,Art Haywood,Democratic,,,False,False
2026,Pennsylvania,PA,State Senate,36,general,Todd Johnson,Republican,,,False,False
2026,Pennsylvania,PA,State Senate,36,general,Frank Farry,Republican,,,False,False
2026,Pennsylvania,PA,State Senate,36,general,Eileen T. Hartnett Albillar,Democratic,,,False,False
2026,Pennsylvania,PA,State Senate,36,general,Anthony H. Williams,Democratic,,,False,False
2026,Pennsylvania,PA,State Senate,36,general,Steve Santarsiero,Democratic,,,False,False
2026,Pennsylvania,PA,State Senate,36,general,Gregory J. Bankos Jr.,Republican,,,False,False
2026,Pennsylvania,PA,State Senate,36,general,Maria Collett,Democratic,,,False,False
2026,Pennsylvania,PA,State Senate,36,general,Robert F. Costello III,Republican,,,False,False
2026,Pennsylvania,PA,State Senate,36,general,Nick Miller,Democratic,,,False,False
2026,Pennsylvania,PA,State Senate,36,general,Omy Juriel Maldonado,Republican,,,False,False
2026,Pennsylvania,PA,State Senate,36,general,Jarrett Coleman,Republican,,,False,False
2026,Pennsylvania,PA,State Senate,36,general,Mark Pinsley,Democratic,,,False,False
2026,Pennsylvania,PA,State Senate,36,general,Lisa Boscola,Democratic,,,False,False
2026,Pennsylvania,PA,State Senate,36,general,Scott Janney,Republican,,,False,False
2026,Pennsylvania,PA,State Senate,36,general,Lisa Baker,Republican,,,False,False
2026,Pennsylvania,PA,State Senate,36,general,Jackie Baker,Democratic,,,False,False
2026,Pennsylvania,PA,State Senate,36,general,Marty Flynn,Democratic,,,False,False
2026,Pennsylvania,PA,State Senate,36,general,Sharon Soltis,Republican,,,False,False
2026,Pennsylvania,PA,State Senate,36,general,Tracy Pennycuick,Republican,,,False,False
2026,Pennsylvania,PA,State Senate,36,general,Chris Thomas,Democratic,,,False,False
2026,Pennsylvania,PA,State Senate,36,general,Michael Schonewolf Jr,Green,,,False,False
2026,Pennsylvania,PA,State Senate,36,general,Tim Kearney,Democratic,,,False,False
2026,Pennsylvania,PA,State Senate,36,general,Gail Scott,Republican,,,False,False
2026,Pennsylvania,PA,State Senate,36,general,Kristin Phillips-Hill,Republican,,,False,False
2026,Pennsylvania,PA,State Senate,36,general,Thomas Johnson,Democratic,,,False,False
2026,Pennsylvania,PA,State Senate,36,general,Judy Ward,Republican,,,False,False
2026,Pennsylvania,PA,State Senate,36,general,Sean Steeg,Democratic,,,False,False
2026,Pennsylvania,PA,State Senate,36,general,Patrick J. Stefano,Republican,,,False,False
2026,Pennsylvania,PA,State Senate,36,general,Greg Rothman,Republican,,,False,False
2026,Pennsylvania,PA,State Senate,36,general,Nathan Wood,Democratic,,,False,False
2026,Pennsylvania,PA,State Senate,36,general,James Malone,Democratic,,,False,False
2026,Pennsylvania,PA,State Senate,36,general,Tom Jones,Republican,,,False,False
2026,Pennsylvania,PA,State Senate,36,general,Lindsey Williams,Democratic,,,False,False
2026,Pennsylvania,PA,State Senate,36,general,Thomas West,Republican,,,False,False
2026,Pennsylvania,PA,State Senate,36,general,Rosemary Brown,Republican,,,False,False
2026,Pennsylvania,PA,State Senate,36,general,Brian A. Wrightson,Democratic,,,False,False
2026,Pennsylvania,PA,State Senate,36,general,Wayne D. Fontana,Democratic,,,False,False
2026,Pennsylvania,PA,State Senate,36,general,Katie Muth,Democratic,,,False,False
2026,Pennsylvania,PA,State Senate,36,general,Melissa C. Dicranian,Republican,,,False,False
2026,Pennsylvania,PA,State Senate,36,general,Camera C. Bartolotta,Republican,,,False,False
2026,Pennsylvania,PA,State Senate,36,general,Jodie Borello,Independent,,,False,False
2026,Pennsylvania,PA,State Senate,36,general,Chris Gebhard,Republican,,,False,False
2026,Pennsylvania,PA,State Senate,36,general,Michele Brooks,Republican,,,False,False
2026,Rhode Island,RI,State Senate,4,general,Stefano Famiglietti,Democratic,1706,83.02,True,False
2026,Rhode Island,RI,State Senate,4,general,Alex Asermely,Republican,333,16.2,False,False
2026,Tennessee,TN,State Senate,23,general,David Lee Marcum,Independent,,,True,False
2026,Texas,TX,State Senate,9,special general,Taylor Rehmet,Democratic,111038.0,47.57,True,False
2026,Texas,TX,State Senate,9,special general,Leigh Wambsganss,Republican,83387.0,35.94,True,False
2026,Texas,TX,State Senate,9,special general,John Huffman,Republican,19608.0,16.49,False,False
2026,Texas,TX,State Senate,4,special general,Brett Ligon,Republican,52136.0,75.06,False,False
2026,Texas,TX,State Senate,4,special general,Ron Angeletti,Democratic,17324.0,24.94,False,False
2026,Texas,TX,State Senate,1,general,Bryan Hughes,Republican,,,True,True
2026,Texas,TX,State Senate,1,general,Laticia Ambroz,Democratic,,,False,False
2026,Texas,TX,State Senate,2,general,Bob Hall,Republican,,,True,True
2026,Texas,TX,State Senate,2,general,Keenen Colbert,Democratic,,,False,False
2026,Texas,TX,State Senate,3,general,Trent Ashby,Republican,,,True,False
2026,Texas,TX,State Senate,3,general,Bobby Tillman,Democratic,,,False,False
2026,Texas,TX,State Senate,5,general,Charles Schwertner,Republican,,,True,True
2026,Texas,TX,State Senate,5,general,Paul Thomasson,Democratic,,,False,False
2026,Texas,TX,State Senate,9,general,Taylor Rehmet,Democratic,,,True,True
2026,Texas,TX,State Senate,9,general,Leigh Wambsganss,Republican,,,False,False
2026,Texas,TX,State Senate,11,general,Dennis Paul,Republican,,,True,False
2026,Texas,TX,State Senate,11,general,Shannon Dicely,Democratic,,,False,False
2026,Texas,TX,State Senate,13,general,Borris Miles,Democratic,,,True,True
2026,Texas,TX,State Senate,18,general,Lois Kolkhorst,Republican,,,True,True
2026,Texas,TX,State Senate,18,general,Erica Gillum,Democratic,,,False,False
2026,Texas,TX,State Senate,19,general,Roland Gutierrez,Democratic,,,True,True
2026,Texas,TX,State Senate,19,general,Marcus Cardenas,Republican,,,False,False
2026,Texas,TX,State Senate,21,general,Judith Zaffirini,Democratic,,,True,True
2026,Texas,TX,State Senate,22,special general,David Cook,Republican,,,False,False
2026,Texas,TX,State Senate,22,special general,Amy Martinez-Salas,Democratic,,,False,False
2026,Texas,TX,State Senate,22,general,David Cook,Republican,,,True,False
2026,Texas,TX,State Senate,22,general,Amy Martinez-Salas,Democratic,,,False,False
2026,Texas,TX,State Senate,24,general,Pete Flores,Republican,,,True,True
2026,Texas,TX,State Senate,24,general,Joe Herrera,Democratic,,,False,False
2026,Texas,TX,State Senate,26,general,José Menéndez,Democratic,,,True,True
2026,Texas,TX,State Senate,26,general,Julián Villarreal,Green,,,False,False
2026,Texas,TX,State Senate,28,general,Charles Perry,Republican,,,True,True
2026,Texas,TX,State Senate,28,general,Riley Rodriquez,Democratic,,,False,False
2026,Texas,TX,State Senate,31,general,Kevin Sparks,Republican,,,True,True
2026,Texas,TX,State Senate,31,general,John Betancourt,Democratic,,,False,False
2026,Utah,UT,State Senate,1,general,Scott Sandall,Republican,,,True,True
2026,Utah,UT,State Senate,1,general,Claudia Bigler,Democratic,,,False,False
2026,Utah,UT,State Senate,1,general,Julie Quinlan,Forward,,,False,False
2026,Utah,UT,State Senate,5,general,Christina Hernandez,Democratic,,,True,False
2026,Utah,UT,State Senate,5,general,Jill Koford,Republican,,,False,False
2026,Utah,UT,State Senate,6,general,Tami Tran,Republican,,,True,False
2026,Utah,UT,State Senate,6,general,Jared Neal,Democratic,,,False,False
2026,Utah,UT,State Senate,6,general,Josh Smith,Forward,,,False,False
2026,Utah,UT,State Senate,7,general,Stephanie Hollist,Republican,,,True,False
2026,Utah,UT,State Senate,7,general,Garret Rushforth,Democratic,,,False,False
2026,Utah,UT,State Senate,7,general,Jeffrey Ostler,Constitution,,,False,False
2026,Utah,UT,State Senate,9,general,Jen Plumb,Democratic,,,True,False
2026,Utah,UT,State Senate,9,general,Thaddeus A. Evans,Republican,,,False,False
2026,Utah,UT,State Senate,9,general,J. Lowry Snow,Forward,,,False,False
2026,Utah,UT,State Senate,11,general,Emily Buss,Forward,,,True,True
2026,Utah,UT,State Senate,11,general,Brooks Benson,Republican,,,False,False
2026,Utah,UT,State Senate,12,general,Karen Kwan,Democratic,,,True,False
2026,Utah,UT,State Senate,12,general,Deidre Tyler,Republican,,,False,False
2026,Utah,UT,State Senate,13,general,Silvia Catten,Democratic,,,True,False
2026,Utah,UT,State Senate,13,general,Ryan L. Mahoney,Republican,,,False,False
2026,Utah,UT,State Senate,13,general,Colin Smith,Forward,,,False,False
2026,Utah,UT,State Senate,14,general,Stephanie Pitcher,Democratic,,,True,True
2026,Utah,UT,State Senate,18,general,Doug Fiefia,Republican,,,True,False
2026,Utah,UT,State Senate,18,general,A. Dane Anderson,Democratic,,,False,False
2026,Utah,UT,State Senate,19,general,Kirk Cullimore Jr.,Republican,,,True,True
2026,Utah,UT,State Senate,19,general,Shana Anderson,Democratic,,,False,False
2026,Utah,UT,State Senate,20,general,Ronald Winterton,Republican,,,True,True
2026,Utah,UT,State Senate,20,general,Annette McRae,Forward,,,False,False
2026,Utah,UT,State Senate,21,general,Brady Brammer,Republican,,,True,True
2026,Utah,UT,State Senate,21,general,Kandee Myers,Democratic,,,False,False
2026,Utah,UT,State Senate,21,general,Wayne Woodfield,Forward,,,False,False
2026,Utah,UT,State Senate,23,general,Keith Grover,Republican,,,True,True
2026,Utah,UT,State Senate,23,general,Tucker Smith,Democratic,,,False,False
2026,Utah,UT,State Senate,28,general,Evan Vickers,Republican,,,True,True
2026,Utah,UT,State Senate,28,general,Richard S. Robillard,Democratic,,,False,False
2026,Vermont,VT,State Senate,ADDISON SENATE,general,Ruth Hardy,Democratic,,,True,True
2026,Vermont,VT,State Senate,ADDISON SENATE,general,Steven Heffernan,Republican,,,False,True
2026,Vermont,VT,State Senate,ADDISON SENATE,general,Andrew Klein,Republican,,,False,False
2026,Vermont,VT,State Senate,ADDISON SENATE,general,Hannah Sessions,Democratic,,,False,False
2026,Vermont,VT,State Senate,BENNINGTON SENATE,general,Seth Bongartz,Democratic,,,True,True
2026,Vermont,VT,State Senate,BENNINGTON SENATE,general,Rob Plunkett,Democratic,,,False,True
2026,Vermont,VT,State Senate,BENNINGTON SENATE,general,Rachel Shaw,Progressive,,,False,False
2026,Vermont,VT,State Senate,BENNINGTON SENATE,general,Lawrence Whitmire,Republican,,,False,False
2026,Vermont,VT,State Senate,BENNINGTON SENATE,general,Josh Williams,Republican,,,False,False
2026,Vermont,VT,State Senate,CALEDONIA SENATE,general,Scott Beck,Republican,,,True,True
2026,Vermont,VT,State Senate,CALEDONIA SENATE,general,David Roth,Democratic,,,False,False
2026,Vermont,VT,State Senate,CHITTENDEN CENTRAL SENATE,general,Nikhil Goyal,Democratic/progressive,,,True,False
2026,Vermont,VT,State Senate,CHITTENDEN CENTRAL SENATE,general,Martine Gulick,Democratic,,,False,True
2026,Vermont,VT,State Senate,CHITTENDEN CENTRAL SENATE,general,Louie Manno,Republican,,,False,False
2026,Vermont,VT,State Senate,CHITTENDEN CENTRAL SENATE,general,Tanya Vyhovsky,Progressive/democratic,,,False,True
2026,Vermont,VT,State Senate,CHITTENDEN NORTH SENATE,general,Ashley Bartley,Republican,,,True,False
2026,Vermont,VT,State Senate,CHITTENDEN NORTH SENATE,general,Irene Wrenner,Democratic,,,False,False
2026,Vermont,VT,State Senate,ESSEX SENATE,general,Russ Ingalls,Republican,,,True,True
2026,Vermont,VT,State Senate,FRANKLIN SENATE,general,Alexander Bobella,Democratic,,,True,False
2026,Vermont,VT,State Senate,FRANKLIN SENATE,general,Randy Brock,Republican,,,False,True
2026,Vermont,VT,State Senate,FRANKLIN SENATE,general,Robert Norris,Republican,,,False,True
2026,Vermont,VT,State Senate,FRANKLIN SENATE,general,Gregory Rainville,Democratic,,,False,False
2026,Vermont,VT,State Senate,GRAND ISLE SENATE,general,Patrick Brennan,Republican,,,True,True
2026,Vermont,VT,State Senate,GRAND ISLE SENATE,general,Kim Gleason,Democratic,,,False,False
2026,Vermont,VT,State Senate,LAMOILLE SENATE,general,Richard Westman,Republican,,,True,True
2026,Vermont,VT,State Senate,ORANGE SENATE,general,John Benson,Republican,,,True,True
2026,Vermont,VT,State Senate,ORANGE SENATE,general,Monique Priestley,Democratic,,,False,False
2026,Vermont,VT,State Senate,ORLEANS SENATE,general,John Morley,Republican,855.0,99.65,True,True
2026,Vermont,VT,State Senate,WASHINGTON SENATE,general,Ann Cummings,Democratic,,,True,True
2026,Vermont,VT,State Senate,WASHINGTON SENATE,general,Robert LaClair,Republican,,,False,False
2026,Vermont,VT,State Senate,WASHINGTON SENATE,general,Christopher Neddo,Republican,,,False,False
2026,Vermont,VT,State Senate,WASHINGTON SENATE,general,Andrew Perchlik,Democratic,,,False,True
2026,Vermont,VT,State Senate,WASHINGTON SENATE,general,Peter Schmeeckle,Republican,,,False,False
2026,Vermont,VT,State Senate,WASHINGTON SENATE,general,Anne Watson,Democratic,,,False,True
2026,Vermont,VT,State Senate,WINDHAM SENATE,general,Dale Gassett,Republican,,,True,False
2026,Vermont,VT,State Senate,WINDHAM SENATE,general,Wendy Harrison,Democratic,,,False,True
2026,Vermont,VT,State Senate,WINDHAM SENATE,general,Nader Hashim,Democratic,,,False,True
2026,Vermont,VT,State Senate,WINDHAM SENATE,general,Rusty Sage,Republican,,,False,False
2026,Vermont,VT,State Senate,WINDSOR SENATE,general,Elizabeth Burrows,Democratic,,,True,False
2026,Vermont,VT,State Senate,WINDSOR SENATE,general,Jonathan Gleason,Republican,,,False,False
2026,Vermont,VT,State Senate,WINDSOR SENATE,general,Joe Izzo,Independent,,,False,False
2026,Vermont,VT,State Senate,WINDSOR SENATE,general,Joe Major,Democratic,,,False,True
2026,Vermont,VT,State Senate,WINDSOR SENATE,general,Andrea Murray,Republican,,,False,False
2026,Vermont,VT,State Senate,WINDSOR SENATE,general,Rebecca White,Democratic,,,False,True
2026,Vermont,VT,State Senate,WINDSOR SENATE,general,Jack Williams,Republican,,,False,False
2026,West Virginia,WV,State Senate,1,general,Laura Chapman,Republican,,,True,True
2026,West Virginia,WV,State Senate,1,general,Shawn Fluharty,Democratic,,,False,False
2026,West Virginia,WV,State Senate,2,general,Toby Heaney,Republican,,,True,False
2026,West Virginia,WV,State Senate,2,general,Chris Claypole,Democratic,,,False,False
2026,West Virginia,WV,State Senate,3,general,Mike Azinger,Republican,,,True,True
2026,West Virginia,WV,State Senate,3,general,Caci Petrehn,Democratic,,,False,False
2026,West Virginia,WV,State Senate,4,general,Eric Tarr,Republican,,,True,True
2026,West Virginia,WV,State Senate,4,general,Zachary Abbott,Democratic,,,False,False
2026,West Virginia,WV,State Senate,5,general,DuRon Jackson,Democratic,,,True,False
2026,West Virginia,WV,State Senate,5,general,Chris Miller,Republican,,,False,False
2026,West Virginia,WV,State Senate,6,general,Mark Maynard,Republican,,,True,True
2026,West Virginia,WV,State Senate,6,general,Wyatt Lilly,Democratic,,,False,False
2026,West Virginia,WV,State Senate,7,general,Zack Maynard,Republican,,,True,True
2026,West Virginia,WV,State Senate,7,general,Cynthia Brake,Democratic,,,False,False
2026,West Virginia,WV,State Senate,7,general,Shawn M. Legg,Independent,,,False,False
2026,West Virginia,WV,State Senate,8,general,Lance V. Wheeler,Republican,,,True,False
2026,West Virginia,WV,State Senate,8,general,Kim Hundley,Democratic,,,False,False
2026,West Virginia,WV,State Senate,9,general,Rollan Roberts,Republican,,,True,True
2026,West Virginia,WV,State Senate,9,general,Christy Cardwell,Democratic,,,False,False
2026,West Virginia,WV,State Senate,10,general,Vince Deeds,Republican,,,True,True
2026,West Virginia,WV,State Senate,10,general,Kent Gilkerson,Democratic,,,False,False
2026,West Virginia,WV,State Senate,11,general,Bill Hamilton,Republican,,,True,True
2026,West Virginia,WV,State Senate,11,general,Kevin Leon Carpenter,Democratic,,,False,False
2026,West Virginia,WV,State Senate,12,general,Ben Queen,Republican,,,True,True
2026,West Virginia,WV,State Senate,12,general,Lynette Murray,Democratic,,,False,False
2026,West Virginia,WV,State Senate,13,general,Mike Oliverio,Republican,,,True,True
2026,West Virginia,WV,State Senate,13,general,John Williams,Democratic,,,False,False
2026,West Virginia,WV,State Senate,14,general,Jay Taylor,Republican,,,True,True
2026,West Virginia,WV,State Senate,14,general,Jason Armentrout,Democratic,,,False,False
2026,West Virginia,WV,State Senate,15,general,Darren Thorne,Republican,,,True,True
2026,West Virginia,WV,State Senate,15,general,Elizabeth Ferris,Democratic,,,False,False
2026,West Virginia,WV,State Senate,16,general,Jason Barrett,Republican,,,True,False
2026,West Virginia,WV,State Senate,17,general,Tom Takubo,Republican,,,True,True
2026,West Virginia,WV,State Senate,17,general,Wes Holden,Democratic,,,False,False
2026,West Virginia,WV,State Senate,17,special general,Anne Charnock,Republican,,,False,True
2026,West Virginia,WV,State Senate,17,special general,Richie Robb,Democratic,,,False,False
2026,Wisconsin,WI,State Senate,1,general,Nic Cravillion,Republican,,,True,False
2026,Wisconsin,WI,State Senate,1,general,Mark Becker,Independent,,,False,False
2026,Wisconsin,WI,State Senate,3,general,Tim Carpenter,Democratic,,,True,True
2026,Wisconsin,WI,State Senate,5,general,Mike Roberts,Republican,,,True,False
2026,Wisconsin,WI,State Senate,5,general,Robyn Vining,Democratic,,,False,False
2026,Wisconsin,WI,State Senate,7,general,Chris Larson,Democratic,,,True,True
2026,Wisconsin,WI,State Senate,7,general,Mike Moeller,Republican,,,False,False
2026,Wisconsin,WI,State Senate,9,general,Amy Binsfeld,Republican,,,True,False
2026,Wisconsin,WI,State Senate,9,general,Christian Ellis,Independent,,,False,False
2026,Wisconsin,WI,State Senate,11,general,Ellen Schutt,Republican,,,True,False
2026,Wisconsin,WI,State Senate,11,general,Adam Duda,Democratic,,,False,False
2026,Wisconsin,WI,State Senate,13,general,John Jagler,Republican,,,True,True
2026,Wisconsin,WI,State Senate,13,general,Sasha Ripley,Democratic,,,False,False
2026,Wisconsin,WI,State Senate,15,general,Mark Spreitzer,Democratic,,,True,True
2026,Wisconsin,WI,State Senate,15,general,Christopher Dean,Independent,,,False,False
2026,Wisconsin,WI,State Senate,15,general,Scott Fleming,Republican,,,False,False
2026,Wisconsin,WI,State Senate,17,general,Howard Marklein,Republican,,,True,True
2026,Wisconsin,WI,State Senate,17,general,Jenna Jacobson,Democratic,,,False,False
2026,Wisconsin,WI,State Senate,19,general,Rachael Cabral-Guevara,Republican,,,True,True
2026,Wisconsin,WI,State Senate,19,general,Emily Tseffos,Democratic,,,False,False
2026,Wisconsin,WI,State Senate,21,general,Jim Croft,Republican,,,True,False
2026,Wisconsin,WI,State Senate,21,general,Trevor Jung,Democratic,,,False,False
2026,Wisconsin,WI,State Senate,23,general,Romaine Quinn,Republican,,,True,False
2026,Wisconsin,WI,State Senate,23,general,Jeff Foster,Democratic,,,False,False
2026,Wisconsin,WI,State Senate,25,general,Erik Severson,Republican,,,True,False
2026,Wisconsin,WI,State Senate,25,general,Charly Ray,Democratic,,,False,False
2026,Wisconsin,WI,State Senate,27,general,Dianne Hesselbein,Democratic,,,True,True
2026,Wisconsin,WI,State Senate,29,general,Cory Tomczyk,Republican,,,True,True
2026,Wisconsin,WI,State Senate,29,general,Gillian Battino,Democratic,,,False,False
2026,Wisconsin,WI,State Senate,31,general,Jeff Smith,Democratic,,,True,True
2026,Wisconsin,WI,State Senate,31,general,Michele Magadance Skinner,Republican,,,False,False
2026,Wisconsin,WI,State Senate,33,general,Chris Kapenga,Republican,,,True,True
2026,Wisconsin,WI,State Senate,33,general,Mike Van Someran,Democratic,,,False,False
