Year,Scope,State,State_Code,Matchup,Poll_Type,Poll_Source,Date,Date_Start,Date_End,Sample,MoE,Candidate,Party,Pct,Incumbent,Date_Original
2020,State,Alabama,AL,,Aggregate,270 to Win,2020-09-01 to 2020-10-13,2020-09-01,2020-10-13,,,Joe Biden,D,38.0%,False,"September 1 – October 13, 2020"
2020,State,Alabama,AL,,Aggregate,FiveThirtyEight,2020-11-02,2020-11-02,2020-11-02,,,Joe Biden,D,37.8%,False,"until November 2, 2020"
2020,State,Alabama,AL,,Aggregate,270 to Win,2020-09-01 to 2020-10-13,2020-09-01,2020-10-13,,,Donald Trump,R,58.0%,False,"September 1 – October 13, 2020"
2020,State,Alabama,AL,,Aggregate,FiveThirtyEight,2020-11-02,2020-11-02,2020-11-02,,,Donald Trump,R,57.4%,False,"until November 2, 2020"
2020,State,Alabama,AL,,General,FM3 Research,2020-05-14 to 2020-05-18,2020-05-14,2020-05-18,601 (LV),4.0,Donald Trump,R,53%,False,"May 14–18, 2020"
2020,State,Alabama,AL,,General,FM3 Research,2020-05-14 to 2020-05-18,2020-05-14,2020-05-18,601 (LV),4.0,Joe Biden,D,39%,False,"May 14–18, 2020"
2020,State,Alaska,AK,,Aggregate,270 to Win,2020-10-06 to 2020-11-02,2020-10-06,2020-11-02,,,Joe Biden,D,43.8%,False,"October 6 – November 2, 2020"
2020,State,Alaska,AK,,Aggregate,FiveThirtyEight,2020-11-02,2020-11-02,2020-11-02,,,Joe Biden,D,43.6%,False,"until November 2, 2020"
2020,State,Alaska,AK,,Aggregate,270 to Win,2020-10-06 to 2020-11-02,2020-10-06,2020-11-02,,,Donald Trump,R,49.4%,False,"October 6 – November 2, 2020"
2020,State,Alaska,AK,,Aggregate,FiveThirtyEight,2020-11-02,2020-11-02,2020-11-02,,,Donald Trump,R,51.2%,False,"until November 2, 2020"
2020,State,Arizona,AZ,,Aggregate,270 to Win,2020-10-22 to 2020-11-02,2020-10-22,2020-11-02,,,Joe Biden,D,48.0%,False,"October 22 – November 2, 2020"
2020,State,Arizona,AZ,,Aggregate,Real Clear Politics,2020-10-25 to 2020-11-01,2020-10-25,2020-11-01,,,Joe Biden,D,47.9%,False,"October 25 – November 1, 2020"
2020,State,Arizona,AZ,,Aggregate,FiveThirtyEight,2020-11-02,2020-11-02,2020-11-02,,,Joe Biden,D,48.7%,False,"until November 2, 2020"
2020,State,Arizona,AZ,,Aggregate,270 to Win,2020-10-22 to 2020-11-02,2020-10-22,2020-11-02,,,Donald Trump,R,45.8%,False,"October 22 – November 2, 2020"
2020,State,Arizona,AZ,,Aggregate,Real Clear Politics,2020-10-25 to 2020-11-01,2020-10-25,2020-11-01,,,Donald Trump,R,47.0%,False,"October 25 – November 1, 2020"
2020,State,Arizona,AZ,,Aggregate,FiveThirtyEight,2020-11-02,2020-11-02,2020-11-02,,,Donald Trump,R,46.1%,False,"until November 2, 2020"
2020,State,Arizona,AZ,,General,Morning Consult,2020-05-27 to 2020-06-05,2020-05-27,2020-06-05,,,Donald Trump,R,47%,False,May 27 – Jun 5
2020,State,Arizona,AZ,,General,FOX News,2020-05-30 to 2020-06-02,2020-05-30,2020-06-02,"1,002 (RV)",3.0,Donald Trump,R,42%,False,May 30 – Jun 2
2020,State,Arizona,AZ,,General,Change Research,2020-05-29 to 2020-05-31,2020-05-29,2020-05-31,329 (LV),,Donald Trump,R,45%,False,May 29–31
2020,State,Arizona,AZ,,General,Morning Consult,2020-05-17 to 2020-05-26,2020-05-17,2020-05-26,784 (LV),,Donald Trump,R,47%,False,May 17–26
2020,State,Arizona,AZ,,General,Morning Consult,2020-05-16 to 2020-05-25,2020-05-16,2020-05-25,,,Donald Trump,R,46%,False,May 16–25
2020,State,Arizona,AZ,,General,HighGround Inc.,2020-05-18 to 2020-05-22,2020-05-18,2020-05-22,400 (LV),4.9,Donald Trump,R,45%,False,May 18–22
2020,State,Arizona,AZ,,General,Redfield & Wilton Strategies,2020-05-10 to 2020-05-14,2020-05-10,2020-05-14,946 (LV),3.2,Donald Trump,R,41%,False,May 10–14
2020,State,Arizona,AZ,,General,OH Predictive Insights,2020-05-09 to 2020-05-11,2020-05-09,2020-05-11,600 (LV),4.0,Donald Trump,R,43%,False,May 9–11
2020,State,Arizona,AZ,,General,Morning Consult,2020-05-06 to 2020-05-15,2020-05-06,2020-05-15,,,Donald Trump,R,47%,False,May 6–15
2020,State,Arizona,AZ,,General,Morning Consult,2020-05-27 to 2020-06-05,2020-05-27,2020-06-05,,,Joe Biden,D,45%,False,May 27 – Jun 5
2020,State,Arizona,AZ,,General,FOX News,2020-05-30 to 2020-06-02,2020-05-30,2020-06-02,"1,002 (RV)",3.0,Joe Biden,D,46%,False,May 30 – Jun 2
2020,State,Arizona,AZ,,General,Change Research,2020-05-29 to 2020-05-31,2020-05-29,2020-05-31,329 (LV),,Joe Biden,D,44%,False,May 29–31
2020,State,Arizona,AZ,,General,Morning Consult,2020-05-17 to 2020-05-26,2020-05-17,2020-05-26,784 (LV),,Joe Biden,D,45%,False,May 17–26
2020,State,Arizona,AZ,,General,Morning Consult,2020-05-16 to 2020-05-25,2020-05-16,2020-05-25,,,Joe Biden,D,46%,False,May 16–25
2020,State,Arizona,AZ,,General,HighGround Inc.,2020-05-18 to 2020-05-22,2020-05-18,2020-05-22,400 (LV),4.9,Joe Biden,D,47%,False,May 18–22
2020,State,Arizona,AZ,,General,Redfield & Wilton Strategies,2020-05-10 to 2020-05-14,2020-05-10,2020-05-14,946 (LV),3.2,Joe Biden,D,45%,False,May 10–14
2020,State,Arizona,AZ,,General,OH Predictive Insights,2020-05-09 to 2020-05-11,2020-05-09,2020-05-11,600 (LV),4.0,Joe Biden,D,50%,False,May 9–11
2020,State,Arizona,AZ,,General,Morning Consult,2020-05-06 to 2020-05-15,2020-05-06,2020-05-15,,,Joe Biden,D,45%,False,May 6–15
2020,State,Arizona,AZ,,General,OH Predictive Insights,2020-05-01 to 2020-05-02,2020-05-01,2020-05-02,600 (LV),4.0,Donald Trump,R,44%,False,May 1–2
2020,State,Arizona,AZ,,General,OH Predictive Insights,2020-05-01 to 2020-05-02,2020-05-01,2020-05-02,600 (LV),4.0,Joe Biden,D,49%,False,May 1–2
2020,State,Arizona,AZ,Donald Trump vs. Pete Buttigieg,General,OH Predictive Insights,2019-05-01 to 2019-05-02,2019-05-01,2019-05-02,600 (LV),4.0,Donald Trump,R,46%,False,"May 1–2, 2019"
2020,State,Arizona,AZ,Donald Trump vs. Pete Buttigieg,General,OH Predictive Insights,2019-05-01 to 2019-05-02,2019-05-01,2019-05-02,600 (LV),4.0,Pete Buttigieg,D,37%,False,"May 1–2, 2019"
2020,State,Arizona,AZ,Donald Trump vs. Kamala Harris,General,OH Predictive Insights,2019-05-01 to 2019-05-02,2019-05-01,2019-05-02,600 (LV),4.0,Donald Trump,R,48%,False,"May 1–2, 2019"
2020,State,Arizona,AZ,Donald Trump vs. Kamala Harris,General,OH Predictive Insights,2019-05-01 to 2019-05-02,2019-05-01,2019-05-02,600 (LV),4.0,Kamala Harris,D,39%,False,"May 1–2, 2019"
2020,State,Arizona,AZ,Donald Trump vs. Amy Klobuchar,General,OH Predictive Insights,2019-05-01 to 2019-05-02,2019-05-01,2019-05-02,600 (LV),4.0,Beto O'Rourke,D,40%,False,"May 1–2, 2019"
2020,State,Arizona,AZ,Donald Trump vs. Bernie Sanders,General,OH Predictive Insights,2019-05-01 to 2019-05-02,2019-05-01,2019-05-02,600 (LV),4.0,Bernie Sanders,D,37%,False,"May 1–2, 2019"
2020,State,Arizona,AZ,Donald Trump vs. Elizabeth Warren,General,OH Predictive Insights,2019-05-01 to 2019-05-02,2019-05-01,2019-05-02,600 (LV),4.0,Donald Trump,R,47%,False,"May 1–2, 2019"
2020,State,Arizona,AZ,Donald Trump vs. Elizabeth Warren,General,OH Predictive Insights,2019-05-01 to 2019-05-02,2019-05-01,2019-05-02,600 (LV),4.0,Elizabeth Warren,D,42%,False,"May 1–2, 2019"
2020,State,Arkansas,AR,,Aggregate,270 to Win,2020-10-17 to 2020-10-28,2020-10-17,2020-10-28,,,Joe Biden,D,35.0%,False,"October 17–28, 2020"
2020,State,Arkansas,AR,,Aggregate,FiveThirtyEight,2020-11-02,2020-11-02,2020-11-02,,,Joe Biden,D,36.2%,False,"until November 2, 2020"
2020,State,Arkansas,AR,,Aggregate,270 to Win,2020-10-17 to 2020-10-28,2020-10-17,2020-10-28,,,Donald Trump,R,60.3%,False,"October 17–28, 2020"
2020,State,Arkansas,AR,,Aggregate,FiveThirtyEight,2020-11-02,2020-11-02,2020-11-02,,,Donald Trump,R,58.9%,False,"until November 2, 2020"
2020,State,California,CA,,Aggregate,270 to Win,2020-10-17 to 2020-10-27,2020-10-17,2020-10-27,,,Joe Biden,D,61.7%,False,"October 17–27, 2020"
2020,State,California,CA,,Aggregate,Real Clear Politics,2020-09-26 to 2020-10-21,2020-09-26,2020-10-21,,,Joe Biden,D,60.7%,False,"September 26 – October 21, 2020"
2020,State,California,CA,,Aggregate,FiveThirtyEight,2020-11-02,2020-11-02,2020-11-02,,,Joe Biden,D,61.6%,False,"until November 2, 2020"
2020,State,California,CA,,Aggregate,270 to Win,2020-10-17 to 2020-10-27,2020-10-17,2020-10-27,,,Donald Trump,R,32.3%,False,"October 17–27, 2020"
2020,State,California,CA,,Aggregate,Real Clear Politics,2020-09-26 to 2020-10-21,2020-09-26,2020-10-21,,,Donald Trump,R,31.0%,False,"September 26 – October 21, 2020"
2020,State,California,CA,,Aggregate,FiveThirtyEight,2020-11-02,2020-11-02,2020-11-02,,,Donald Trump,R,32.4%,False,"until November 2, 2020"
2020,State,California,CA,,General,Public Policy Institute of California,2020-05-19 to 2020-05-26,2020-05-19,2020-05-26,"1,048 (LV)",4.6,Donald Trump,R,33%,False,"May 19–26, 2020"
2020,State,California,CA,,General,SurveyUSA,2020-05-18 to 2020-05-19,2020-05-18,2020-05-19,537 (LV),5.4,Donald Trump,R,30%,False,"May 18–19, 2020"
2020,State,California,CA,,General,Emerson College,2020-05-08 to 2020-05-10,2020-05-08,2020-05-10,800 (RV),3.4,Donald Trump,R,35%,False,"May 8–10, 2020"
2020,State,California,CA,,General,Public Policy Institute of California,2020-05-19 to 2020-05-26,2020-05-19,2020-05-26,"1,048 (LV)",4.6,Joe Biden,D,57%,False,"May 19–26, 2020"
2020,State,California,CA,,General,SurveyUSA,2020-05-18 to 2020-05-19,2020-05-18,2020-05-19,537 (LV),5.4,Joe Biden,D,58%,False,"May 18–19, 2020"
2020,State,California,CA,,General,Emerson College,2020-05-08 to 2020-05-10,2020-05-08,2020-05-10,800 (RV),3.4,Joe Biden,D,65%,False,"May 8–10, 2020"
2020,State,Colorado,CO,,Aggregate,270 to Win,2020-10-15 to 2020-11-02,2020-10-15,2020-11-02,,,Joe Biden,D,52.0%,False,"October 15 – November 2, 2020"
2020,State,Colorado,CO,,Aggregate,Real Clear Politics,2019-08-16 to 2019-08-19,2019-08-16,2019-08-19,,,Joe Biden,D,55.0%,False,"August 16–19, 2019"
2020,State,Colorado,CO,,Aggregate,FiveThirtyEight,2020-11-02,2020-11-02,2020-11-02,,,Joe Biden,D,53.6%,False,"until November 2, 2020"
2020,State,Colorado,CO,,Aggregate,270 to Win,2020-10-15 to 2020-11-02,2020-10-15,2020-11-02,,,Donald Trump,R,40.6%,False,"October 15 – November 2, 2020"
2020,State,Colorado,CO,,Aggregate,Real Clear Politics,2019-08-16 to 2019-08-19,2019-08-16,2019-08-19,,,Donald Trump,R,45.0%,False,"August 16–19, 2019"
2020,State,Colorado,CO,,Aggregate,FiveThirtyEight,2020-11-02,2020-11-02,2020-11-02,,,Donald Trump,R,41.1%,False,"until November 2, 2020"
2020,State,Colorado,CO,,General,Morning Consult,2020-05-17 to 2020-05-26,2020-05-17,2020-05-26,572 (LV),,Donald Trump,R,42%,False,"May 17–26, 2020"
2020,State,Colorado,CO,,General,Global Strategy Group (D),2020-05-07 to 2020-05-11,2020-05-07,2020-05-11,700 (RV),3.5,Donald Trump,R,40%,False,"May 7–11, 2020"
2020,State,Colorado,CO,,General,Keating Research,2020-05-01 to 2020-05-03,2020-05-01,2020-05-03,600 (LV),4.0,Donald Trump,R,36%,False,"May 1–3, 2020"
2020,State,Colorado,CO,,General,Morning Consult,2020-05-17 to 2020-05-26,2020-05-17,2020-05-26,572 (LV),,Joe Biden,D,50%,False,"May 17–26, 2020"
2020,State,Colorado,CO,,General,Global Strategy Group (D),2020-05-07 to 2020-05-11,2020-05-07,2020-05-11,700 (RV),3.5,Joe Biden,D,53%,False,"May 7–11, 2020"
2020,State,Colorado,CO,,General,Keating Research,2020-05-01 to 2020-05-03,2020-05-01,2020-05-03,600 (LV),4.0,Joe Biden,D,55%,False,"May 1–3, 2020"
2020,State,Connecticut,CT,,Aggregate,270 to Win,2020-05-06,2020-05-06,2020-05-06,,,Joe Biden,D,56.0%,False,"May 6, 2020"
2020,State,Connecticut,CT,,Aggregate,FiveThirtyEight,2020-11-02,2020-11-02,2020-11-02,,,Joe Biden,D,58.6%,False,"until November 2, 2020"
2020,State,Connecticut,CT,,Aggregate,270 to Win,2020-05-06,2020-05-06,2020-05-06,,,Donald Trump,R,33.0%,False,"May 6, 2020"
2020,State,Connecticut,CT,,Aggregate,FiveThirtyEight,2020-11-02,2020-11-02,2020-11-02,,,Donald Trump,R,32.4%,False,"until November 2, 2020"
2020,State,Connecticut,CT,,General,SurveyUSA,2020-05-19 to 2020-05-24,2020-05-19,2020-05-24,808 (RV),4.5,Donald Trump,R,33%,False,"May 19–24, 2020"
2020,State,Connecticut,CT,,General,Quinnipiac University,2020-04-30 to 2020-05-04,2020-04-30,2020-05-04,945 (RV),3.2,Donald Trump,R,33%,False,"Apr 30 – May 4, 2020"
2020,State,Connecticut,CT,,General,SurveyUSA,2020-05-19 to 2020-05-24,2020-05-19,2020-05-24,808 (RV),4.5,Joe Biden,D,52%,False,"May 19–24, 2020"
2020,State,Connecticut,CT,,General,Quinnipiac University,2020-04-30 to 2020-05-04,2020-04-30,2020-05-04,945 (RV),3.2,Joe Biden,D,56%,False,"Apr 30 – May 4, 2020"
2020,State,Delaware,DE,,Aggregate,270 to Win,2020-10-05 to 2020-11-01,2020-10-05,2020-11-01,,,Joe Biden,D,57.5%,False,"October 5 – November 1, 2020"
2020,State,Delaware,DE,,Aggregate,FiveThirtyEight,2020-11-02,2020-11-02,2020-11-02,,,Joe Biden,D,58.9%,False,"until November 2, 2020"
2020,State,Delaware,DE,,Aggregate,270 to Win,2020-10-05 to 2020-11-01,2020-10-05,2020-11-01,,,Donald Trump,R,35.5%,False,"October 5 – November 1, 2020"
2020,State,Delaware,DE,,Aggregate,FiveThirtyEight,2020-11-02,2020-11-02,2020-11-02,,,Donald Trump,R,34.6%,False,"until November 2, 2020"
2020,State,Florida,FL,,Aggregate,270 to Win,2020-10-24 to 2020-11-01,2020-10-24,2020-11-01,,,Joe Biden,D,48.7%,False,"October 24 – November 1, 2020"
2020,State,Florida,FL,,Aggregate,Real Clear Politics,2020-10-28 to 2020-11-02,2020-10-28,2020-11-02,,,Joe Biden,D,47.9%,False,"October 28 – November 2, 2020"
2020,State,Florida,FL,,Aggregate,FiveThirtyEight,2020-11-02,2020-11-02,2020-11-02,,,Joe Biden,D,49.1%,False,"until November 2, 2020"
2020,State,Florida,FL,,Aggregate,270 to Win,2020-10-24 to 2020-11-01,2020-10-24,2020-11-01,,,Donald Trump,R,46.0%,False,"October 24 – November 1, 2020"
2020,State,Florida,FL,,Aggregate,Real Clear Politics,2020-10-28 to 2020-11-02,2020-10-28,2020-11-02,,,Donald Trump,R,47.0%,False,"October 28 – November 2, 2020"
2020,State,Florida,FL,,Aggregate,FiveThirtyEight,2020-11-02,2020-11-02,2020-11-02,,,Donald Trump,R,46.6%,False,"until November 2, 2020"
2020,State,Florida,FL,,General,Morning Consult,2020-05-27 to 2020-06-05,2020-05-27,2020-06-05,,,Donald Trump,R,48%,False,"May 27 – Jun 5, 2020"
2020,State,Florida,FL,,General,Change Research,2020-05-29 to 2020-05-31,2020-05-29,2020-05-31,"1,186 (LV)",,Donald Trump,R,45%,False,"May 29–31, 2020"
2020,State,Florida,FL,,General,Cygnal,2020-05-18 to 2020-05-30,2020-05-18,2020-05-30,881 (LV),3.3,Donald Trump,R,43.8%,False,"May 18–30, 2020"
2020,State,Florida,FL,,General,St. Pete Polls,2020-05-26 to 2020-05-27,2020-05-26,2020-05-27,"4,763 (RV)",1.4,Donald Trump,R,46.7%,False,"May 26–27, 2020"
2020,State,Florida,FL,,General,Morning Consult,2020-05-17 to 2020-05-26,2020-05-17,2020-05-26,"3,593 (LV)",,Donald Trump,R,48%,False,"May 17–26, 2020"
2020,State,Florida,FL,,General,Morning Consult,2020-05-16 to 2020-05-25,2020-05-16,2020-05-25,,,Donald Trump,R,48%,False,"May 16–25, 2020"
2020,State,Florida,FL,,General,Point Blank Political,2020-05-14 to 2020-05-17,2020-05-14,2020-05-17,"2,149 (LV)",3.5,Donald Trump,R,44%,False,"May 14–17, 2020"
2020,State,Florida,FL,,General,Point Blank Political,2020-05-14 to 2020-05-17,2020-05-14,2020-05-17,"2,149 (LV)",3.5,Donald Trump,R,48%,False,"May 14–17, 2020"
2020,State,Florida,FL,,General,Morning Consult,2020-05-06 to 2020-05-15,2020-05-06,2020-05-15,,,Donald Trump,R,50%,False,"May 6–15, 2020"
2020,State,Florida,FL,,General,Redfield & Wilton Strategies,2020-05-10 to 2020-05-14,2020-05-10,2020-05-14,"1,014 (LV)",3.1,Donald Trump,R,43%,False,"May 10–14, 2020"
2020,State,Florida,FL,,General,Florida Atlantic University,2020-05-08 to 2020-05-12,2020-05-08,2020-05-12,928 (RV),3.1,Donald Trump,R,47%,False,"May 8–12, 2020"
2020,State,Florida,FL,,General,Florida Atlantic University,2019-05-16 to 2019-05-19,2019-05-16,2019-05-19,"1,007 (RV)",3.0,Donald Trump,R,50%,False,"May 16–19, 2019"
2020,State,Florida,FL,,General,Morning Consult,2020-05-27 to 2020-06-05,2020-05-27,2020-06-05,,,Joe Biden,D,47%,False,"May 27 – Jun 5, 2020"
2020,State,Florida,FL,,General,Change Research,2020-05-29 to 2020-05-31,2020-05-29,2020-05-31,"1,186 (LV)",,Joe Biden,D,48%,False,"May 29–31, 2020"
2020,State,Florida,FL,,General,Cygnal,2020-05-18 to 2020-05-30,2020-05-18,2020-05-30,881 (LV),3.3,Joe Biden,D,47%,False,"May 18–30, 2020"
2020,State,Florida,FL,,General,St. Pete Polls,2020-05-26 to 2020-05-27,2020-05-26,2020-05-27,"4,763 (RV)",1.4,Joe Biden,D,47.5%,False,"May 26–27, 2020"
2020,State,Florida,FL,,General,Morning Consult,2020-05-17 to 2020-05-26,2020-05-17,2020-05-26,"3,593 (LV)",,Joe Biden,D,47%,False,"May 17–26, 2020"
2020,State,Florida,FL,,General,Morning Consult,2020-05-16 to 2020-05-25,2020-05-16,2020-05-25,,,Joe Biden,D,47%,False,"May 16–25, 2020"
2020,State,Florida,FL,,General,Point Blank Political,2020-05-14 to 2020-05-17,2020-05-14,2020-05-17,"2,149 (LV)",3.5,Joe Biden,D,45%,False,"May 14–17, 2020"
2020,State,Florida,FL,,General,Point Blank Political,2020-05-14 to 2020-05-17,2020-05-14,2020-05-17,"2,149 (LV)",3.5,Joe Biden,D,52%,False,"May 14–17, 2020"
2020,State,Florida,FL,,General,Morning Consult,2020-05-06 to 2020-05-15,2020-05-06,2020-05-15,,,Joe Biden,D,45%,False,"May 6–15, 2020"
2020,State,Florida,FL,,General,Redfield & Wilton Strategies,2020-05-10 to 2020-05-14,2020-05-10,2020-05-14,"1,014 (LV)",3.1,Joe Biden,D,45%,False,"May 10–14, 2020"
2020,State,Florida,FL,,General,Florida Atlantic University,2020-05-08 to 2020-05-12,2020-05-08,2020-05-12,928 (RV),3.1,Joe Biden,D,53%,False,"May 8–12, 2020"
2020,State,Florida,FL,,General,Florida Atlantic University,2019-05-16 to 2019-05-19,2019-05-16,2019-05-19,"1,007 (RV)",3.0,Joe Biden,D,50%,False,"May 16–19, 2019"
2020,State,Florida,FL,,General,Point Blank Political,2020-05-14 to 2020-05-17,2020-05-14,2020-05-17,"2,149 (LV)",3.5,Jo Jorgensen,L,1%,False,"May 14–17, 2020"
2020,State,Florida,FL,,General,Point Blank Political,2020-05-14 to 2020-05-17,2020-05-14,2020-05-17,"2,149 (LV)",3.5,Howie Hawkins,G,<1%,False,"May 14–17, 2020"
2020,State,Florida,FL,Donald Trump vs. Pete Buttigieg,General,Florida Atlantic University,2019-05-16 to 2019-05-19,2019-05-16,2019-05-19,"1,007 (RV)",3.0,Donald Trump,R,52%,False,"May 16–19, 2019"
2020,State,Florida,FL,Donald Trump vs. Pete Buttigieg,General,Florida Atlantic University,2019-05-16 to 2019-05-19,2019-05-16,2019-05-19,"1,007 (RV)",3.0,Pete Buttigieg,D,48%,False,"May 16–19, 2019"
2020,State,Florida,FL,Donald Trump vs. Kamala Harris,General,Florida Atlantic University,2019-05-16 to 2019-05-19,2019-05-16,2019-05-19,"1,007 (RV)",3.0,Donald Trump,R,53%,False,"May 16–19, 2019"
2020,State,Florida,FL,Donald Trump vs. Kamala Harris,General,Florida Atlantic University,2019-05-16 to 2019-05-19,2019-05-16,2019-05-19,"1,007 (RV)",3.0,Kamala Harris,D,47%,False,"May 16–19, 2019"
2020,State,Florida,FL,Donald Trump vs. Bernie Sanders,General,Florida Atlantic University,2019-05-16 to 2019-05-19,2019-05-16,2019-05-19,"1,007 (RV)",3.0,Donald Trump,R,51%,False,"May 16–19, 2019"
2020,State,Florida,FL,Donald Trump vs. Bernie Sanders,General,Florida Atlantic University,2019-05-16 to 2019-05-19,2019-05-16,2019-05-19,"1,007 (RV)",3.0,Bernie Sanders,D,49%,False,"May 16–19, 2019"
2020,State,Florida,FL,Donald Trump vs. Elizabeth Warren,General,Florida Atlantic University,2019-05-16 to 2019-05-19,2019-05-16,2019-05-19,"1,007 (RV)",3.0,Elizabeth Warren,D,48%,False,"May 16–19, 2019"
2020,State,Georgia,GA,,Aggregate,FiveThirtyEight,2020-11-02,2020-11-02,2020-11-02,,,Joe Biden,D,48.5%,False,"until November 2, 2020"
2020,State,Georgia,GA,,Aggregate,FiveThirtyEight,2020-11-02,2020-11-02,2020-11-02,,,Donald Trump,R,47.4%,False,"until November 2, 2020"
2020,State,Georgia,GA,,General,TargetSmart,2020-05-21 to 2020-05-27,2020-05-21,2020-05-27,321 (RV),5.5,Donald Trump,R,44%,False,"May 21–27, 2020"
2020,State,Georgia,GA,,General,Morning Consult,2020-05-17 to 2020-05-26,2020-05-17,2020-05-26,"1,396 (LV)",,Donald Trump,R,49%,False,"May 17–26, 2020"
2020,State,Georgia,GA,,General,Civiqs,2020-05-16 to 2020-05-18,2020-05-16,2020-05-18,"1,339 (RV)",3.1,Donald Trump,R,47%,False,"May 16–18, 2020"
2020,State,Georgia,GA,,General,The Progress Campaign (D),2020-05-06 to 2020-05-15,2020-05-06,2020-05-15,"2,893 (LV)",2.0,Donald Trump,R,47%,False,"May 6–15, 2020"
2020,State,Georgia,GA,,General,BK Strategies,2020-05-11 to 2020-05-13,2020-05-11,2020-05-13,700 (LV),3.7,Donald Trump,R,48%,False,"May 11–13, 2020"
2020,State,Georgia,GA,,General,Public Opinion Strategies (R),2020-05-04 to 2020-05-07,2020-05-04,2020-05-07,500 (LV),4.38,Donald Trump,R,46%,False,"May 4–7, 2020"
2020,State,Georgia,GA,,General,TargetSmart,2020-05-21 to 2020-05-27,2020-05-21,2020-05-27,321 (RV),5.5,Joe Biden,D,40%,False,"May 21–27, 2020"
2020,State,Georgia,GA,,General,Morning Consult,2020-05-17 to 2020-05-26,2020-05-17,2020-05-26,"1,396 (LV)",,Joe Biden,D,47%,False,"May 17–26, 2020"
2020,State,Georgia,GA,,General,Civiqs,2020-05-16 to 2020-05-18,2020-05-16,2020-05-18,"1,339 (RV)",3.1,Joe Biden,D,48%,False,"May 16–18, 2020"
2020,State,Georgia,GA,,General,The Progress Campaign (D),2020-05-06 to 2020-05-15,2020-05-06,2020-05-15,"2,893 (LV)",2.0,Joe Biden,D,47%,False,"May 6–15, 2020"
2020,State,Georgia,GA,,General,BK Strategies,2020-05-11 to 2020-05-13,2020-05-11,2020-05-13,700 (LV),3.7,Joe Biden,D,46%,False,"May 11–13, 2020"
2020,State,Georgia,GA,,General,Public Opinion Strategies (R),2020-05-04 to 2020-05-07,2020-05-04,2020-05-07,500 (LV),4.38,Joe Biden,D,47%,False,"May 4–7, 2020"
2020,State,Hawaii,HI,,Aggregate,270 to Win,2020-10-01 to 2020-10-16,2020-10-01,2020-10-16,,,Joe Biden,D,63.5%,False,"October 1–16, 2020"
2020,State,Hawaii,HI,,Aggregate,FiveThirtyEight,2020-11-02,2020-11-02,2020-11-02,,,Joe Biden,D,64.3%,False,"until November 2, 2020"
2020,State,Hawaii,HI,,Aggregate,270 to Win,2020-10-01 to 2020-10-16,2020-10-01,2020-10-16,,,Donald Trump,R,30.5%,False,"October 1–16, 2020"
2020,State,Hawaii,HI,,Aggregate,FiveThirtyEight,2020-11-02,2020-11-02,2020-11-02,,,Donald Trump,R,30.0%,False,"until November 2, 2020"
2020,State,Idaho,ID,,Aggregate,FiveThirtyEight,2020-11-02,2020-11-02,2020-11-02,,,Joe Biden,D,38.5%,False,"until November 2, 2020"
2020,State,Idaho,ID,,Aggregate,FiveThirtyEight,2020-11-02,2020-11-02,2020-11-02,,,Donald Trump,R,56.6%,False,"until November 2, 2020"
2020,State,Illinois,IL,,Aggregate,270 to Win,2020-10-17 to 2020-11-02,2020-10-17,2020-11-02,,,Joe Biden,D,56.3%,False,"October 17 – November 2, 2020"
2020,State,Illinois,IL,,Aggregate,FiveThirtyEight,2020-11-02,2020-11-02,2020-11-02,,,Joe Biden,D,55.0%,False,"until November 2, 2020"
2020,State,Illinois,IL,,Aggregate,270 to Win,2020-10-17 to 2020-11-02,2020-10-17,2020-11-02,,,Donald Trump,R,37.7%,False,"October 17 – November 2, 2020"
2020,State,Illinois,IL,,Aggregate,FiveThirtyEight,2020-11-02,2020-11-02,2020-11-02,,,Donald Trump,R,39.0%,False,"until November 2, 2020"
2020,State,Indiana,IN,,Aggregate,270 to Win,2020-10-14 to 2020-11-02,2020-10-14,2020-11-02,,,Joe Biden,D,42.0%,False,"October 14 - November 2, 2020"
2020,State,Indiana,IN,,Aggregate,FiveThirtyEight,2020-11-02,2020-11-02,2020-11-02,,,Joe Biden,D,42.0%,False,"until November 2, 2020"
2020,State,Indiana,IN,,Aggregate,270 to Win,2020-10-14 to 2020-11-02,2020-10-14,2020-11-02,,,Donald Trump,R,51.0%,False,"October 14 - November 2, 2020"
2020,State,Indiana,IN,,Aggregate,FiveThirtyEight,2020-11-02,2020-11-02,2020-11-02,,,Donald Trump,R,52.9%,False,"until November 2, 2020"
2020,State,Indiana,IN,,General,Victoria Research,2020-05-21 to 2020-05-23,2020-05-21,2020-05-23,894 (LV),3.3,Donald Trump,R,49%,False,"May 21–23, 2020"
2020,State,Indiana,IN,,General,Victoria Research,2020-05-21 to 2020-05-23,2020-05-21,2020-05-23,894 (LV),3.3,Joe Biden,D,39%,False,"May 21–23, 2020"
2020,State,Iowa,IA,,Aggregate,270 to Win,2020-10-31 to 2020-11-02,2020-10-31,2020-11-02,,,Joe Biden,Unknown,46.2%,False,"October 31 – November 2, 2020"
2020,State,Iowa,IA,,Aggregate,Real Clear Politics,2020-10-23 to 2020-11-02,2020-10-23,2020-11-02,,,Joe Biden,Unknown,45.6%,False,"October 23 – November 2, 2020"
2020,State,Iowa,IA,,Aggregate,FiveThirtyEight,2020-11-02,2020-11-02,2020-11-02,,,Joe Biden,Unknown,46.3%,False,"until November 2, 2020"
2020,State,Iowa,IA,,Aggregate,270 to Win,2020-10-31 to 2020-11-02,2020-10-31,2020-11-02,,,Donald Trump,Unknown,47.8%,False,"October 31 – November 2, 2020"
2020,State,Iowa,IA,,Aggregate,Real Clear Politics,2020-10-23 to 2020-11-02,2020-10-23,2020-11-02,,,Donald Trump,Unknown,47.6%,False,"October 23 – November 2, 2020"
2020,State,Iowa,IA,,Aggregate,FiveThirtyEight,2020-11-02,2020-11-02,2020-11-02,,,Donald Trump,Unknown,47.6%,False,"until November 2, 2020"
2020,State,Iowa,IA,,General,InsiderAdvantage,2020-10-30,2020-10-30,2020-10-30,400 (LV),4.9,Donald Trump,Unknown,48%,False,"October 30, 2020"
2020,State,Iowa,IA,,General,InsiderAdvantage,2020-10-30,2020-10-30,2020-10-30,400 (LV),4.9,Joe Biden,Unknown,46%,False,"October 30, 2020"
2020,State,Iowa,IA,,General,InsiderAdvantage,2020-10-30,2020-10-30,2020-10-30,400 (LV),4.9,Jo Jorgensen,Unknown,1%,False,"October 30, 2020"
2020,State,Kansas,KS,,Aggregate,270 to Win,2020-10-17 to 2020-10-22,2020-10-17,2020-10-22,,,Joe Biden,D,43.0%,False,"October 17–22, 2020"
2020,State,Kansas,KS,,Aggregate,FiveThirtyEight,2020-11-02,2020-11-02,2020-11-02,,,Joe Biden,D,41.0%,False,"until November 2, 2020"
2020,State,Kansas,KS,,Aggregate,270 to Win,2020-10-17 to 2020-10-22,2020-10-17,2020-10-22,,,Donald Trump,R,51.7%,False,"October 17–22, 2020"
2020,State,Kansas,KS,,Aggregate,FiveThirtyEight,2020-11-02,2020-11-02,2020-11-02,,,Donald Trump,R,53.9%,False,"until November 2, 2020"
2020,State,Kansas,KS,,General,Civiqs,2020-05-30 to 2020-06-01,2020-05-30,2020-06-01,699 (RV),4.2,Donald Trump,R,52%,False,"May 30 – Jun 1, 2020"
2020,State,Kansas,KS,,General,Civiqs,2020-05-30 to 2020-06-01,2020-05-30,2020-06-01,699 (RV),4.2,Joe Biden,D,40%,False,"May 30 – Jun 1, 2020"
2020,State,Kentucky,KY,,Aggregate,270 to Win,2020-10-17 to 2020-10-20,2020-10-17,2020-10-20,,,Joe Biden,D,40.0%,False,"October 17–20, 2020"
2020,State,Kentucky,KY,,Aggregate,FiveThirtyEight,2020-11-02,2020-11-02,2020-11-02,,,Joe Biden,D,39.9%,False,"until November 2, 2020"
2020,State,Kentucky,KY,,Aggregate,270 to Win,2020-10-17 to 2020-10-20,2020-10-17,2020-10-20,,,Donald Trump,R,57.0%,False,"October 17–20, 2020"
2020,State,Kentucky,KY,,Aggregate,FiveThirtyEight,2020-11-02,2020-11-02,2020-11-02,,,Donald Trump,R,55.6%,False,"until November 2, 2020"
2020,State,Kentucky,KY,,General,Garin-Hart-Yang,2020-05,2020-05-01,2020-05-31,,,Donald Trump,R,57%,False,May 2020
2020,State,Kentucky,KY,,General,RMG Research,2020-05-21 to 2020-05-24,2020-05-21,2020-05-24,500 (RV),4.5,Donald Trump,R,53%,False,"May 21–24, 2020"
2020,State,Kentucky,KY,,General,Public Policy Polling,2020-05-14 to 2020-05-15,2020-05-14,2020-05-15,"1,104 (V)",,Donald Trump,R,55%,False,"May 14–15, 2020"
2020,State,Kentucky,KY,,General,Garin-Hart-Yang,2020-05,2020-05-01,2020-05-31,,,Joe Biden,D,36%,False,May 2020
2020,State,Kentucky,KY,,General,RMG Research,2020-05-21 to 2020-05-24,2020-05-21,2020-05-24,500 (RV),4.5,Joe Biden,D,36%,False,"May 21–24, 2020"
2020,State,Kentucky,KY,,General,Public Policy Polling,2020-05-14 to 2020-05-15,2020-05-14,2020-05-15,"1,104 (V)",,Joe Biden,D,39%,False,"May 14–15, 2020"
2020,State,Louisiana,LA,,Aggregate,270 to Win,2020-10-14 to 2020-10-27,2020-10-14,2020-10-27,,,Joe Biden,D,36.0%,False,"October 14–27, 2020"
2020,State,Louisiana,LA,,Aggregate,FiveThirtyEight,2020-11-02,2020-11-02,2020-11-02,,,Joe Biden,D,37.1%,False,"until November 2, 2020"
2020,State,Louisiana,LA,,Aggregate,270 to Win,2020-10-14 to 2020-10-27,2020-10-14,2020-10-27,,,Donald Trump,R,56.5%,False,"October 14–27, 2020"
2020,State,Louisiana,LA,,Aggregate,FiveThirtyEight,2020-11-02,2020-11-02,2020-11-02,,,Donald Trump,R,57.6%,False,"until November 2, 2020"
2020,State,Maine,ME,,Aggregate,270 to Win,2020-10-06 to 2020-11-01,2020-10-06,2020-11-01,,,Joe Biden,D,51.8%,False,"October 6 – November 1, 2020"
2020,State,Maine,ME,,Aggregate,Real Clear Politics,2020-09-17 to 2020-10-06,2020-09-17,2020-10-06,,,Joe Biden,D,50.5%,False,"September 17 – October 6, 2020"
2020,State,Maine,ME,,Aggregate,FiveThirtyEight,2020-11-02,2020-11-02,2020-11-02,,,Joe Biden,D,53.3%,False,"until November 2, 2020"
2020,State,Maine,ME,,Aggregate,270 to Win,2020-10-06 to 2020-11-01,2020-10-06,2020-11-01,,,Donald Trump,R,40.2%,False,"October 6 – November 1, 2020"
2020,State,Maine,ME,,Aggregate,Real Clear Politics,2020-09-17 to 2020-10-06,2020-09-17,2020-10-06,,,Donald Trump,R,39.5%,False,"September 17 – October 6, 2020"
2020,State,Maine,ME,,Aggregate,FiveThirtyEight,2020-11-02,2020-11-02,2020-11-02,,,Donald Trump,R,40.3%,False,"until November 2, 2020"
2020,State,Maine,ME,,Aggregate,270 to Win,2020-10-06 to 2020-11-01,2020-10-06,2020-11-01,,,Joe Biden,D,57.8%,False,"October 6 – November 1, 2020"
2020,State,Maine,ME,,Aggregate,Real Clear Politics,2020-09-17 to 2020-10-06,2020-09-17,2020-10-06,,,Joe Biden,D,56.7%,False,"September 17 – October 6, 2020"
2020,State,Maine,ME,,Aggregate,270 to Win,2020-10-06 to 2020-11-01,2020-10-06,2020-11-01,,,Donald Trump,R,35.0%,False,"October 6 – November 1, 2020"
2020,State,Maine,ME,,Aggregate,Real Clear Politics,2020-09-17 to 2020-10-06,2020-09-17,2020-10-06,,,Donald Trump,R,34.3%,False,"September 17 – October 6, 2020"
2020,State,Maine,ME,,Aggregate,270 to Win,2020-10-06 to 2020-11-01,2020-10-06,2020-11-01,,,Joe Biden,D,46.4%,False,"October 6 – November 1, 2020"
2020,State,Maine,ME,,Aggregate,Real Clear Politics,2020-09-17 to 2020-10-06,2020-09-17,2020-10-06,,,Joe Biden,D,44.7%,False,"September 17 – October 6, 2020"
2020,State,Maine,ME,,Aggregate,270 to Win,2020-10-06 to 2020-11-01,2020-10-06,2020-11-01,,,Donald Trump,R,45.2%,False,"October 6 – November 1, 2020"
2020,State,Maine,ME,,Aggregate,Real Clear Politics,2020-09-17 to 2020-10-06,2020-09-17,2020-10-06,,,Donald Trump,R,45.0%,False,"September 17 – October 6, 2020"
2020,State,Maryland,MD,,Aggregate,270 to Win,2020-10-07 to 2020-10-26,2020-10-07,2020-10-26,,,Joe Biden,D,60.0%,False,"October 7–26, 2020"
2020,State,Maryland,MD,,Aggregate,Real Clear Politics,2020-09-04 to 2020-10-24,2020-09-04,2020-10-24,,,Joe Biden,D,60.3%,False,"September 4 – October 24, 2020"
2020,State,Maryland,MD,,Aggregate,FiveThirtyEight,2020-11-02,2020-11-02,2020-11-02,,,Joe Biden,D,63.1%,False,"until November 2, 2020"
2020,State,Maryland,MD,,Aggregate,270 to Win,2020-10-07 to 2020-10-26,2020-10-07,2020-10-26,,,Donald Trump,R,31.7%,False,"October 7–26, 2020"
2020,State,Maryland,MD,,Aggregate,Real Clear Politics,2020-09-04 to 2020-10-24,2020-09-04,2020-10-24,,,Donald Trump,R,31.0%,False,"September 4 – October 24, 2020"
2020,State,Maryland,MD,,Aggregate,FiveThirtyEight,2020-11-02,2020-11-02,2020-11-02,,,Donald Trump,R,31.6%,False,"until November 2, 2020"
2020,State,Maryland,MD,,General,Gonzalez Maryland Poll,2020-05-19 to 2020-05-23,2020-05-19,2020-05-23,810 (LV),3.5,Donald Trump,R,31%,False,"May 19–23, 2020"
2020,State,Maryland,MD,,General,Gonzalez Maryland Poll,2020-05-19 to 2020-05-23,2020-05-19,2020-05-23,810 (LV),3.5,Joe Biden,D,59%,False,"May 19–23, 2020"
2020,State,Massachusetts,MA,,Aggregate,270 to Win,2020-10-17 to 2020-11-02,2020-10-17,2020-11-02,,,Joe Biden,D,65.0%,False,"October 17 – November 2, 2020"
2020,State,Massachusetts,MA,,Aggregate,RealClearPolitics,2020-07-31 to 2020-08-27,2020-07-31,2020-08-27,,,Joe Biden,D,64.0%,False,"July 31 – August 27, 2020"
2020,State,Massachusetts,MA,,Aggregate,FiveThirtyEight,2020-11-02,2020-11-02,2020-11-02,,,Joe Biden,D,64.6%,False,"until November 2, 2020"
2020,State,Massachusetts,MA,,Aggregate,270 to Win,2020-10-17 to 2020-11-02,2020-10-17,2020-11-02,,,Donald Trump,R,28.7%,False,"October 17 – November 2, 2020"
2020,State,Massachusetts,MA,,Aggregate,RealClearPolitics,2020-07-31 to 2020-08-27,2020-07-31,2020-08-27,,,Donald Trump,R,28.3%,False,"July 31 – August 27, 2020"
2020,State,Massachusetts,MA,,Aggregate,FiveThirtyEight,2020-11-02,2020-11-02,2020-11-02,,,Donald Trump,R,28.9%,False,"until November 2, 2020"
2020,State,Massachusetts,MA,,General,Emerson College,2020-05-04 to 2020-05-05,2020-05-04,2020-05-05,740 (RV),3.5,Donald Trump,R,33%,False,"May 4–5, 2020"
2020,State,Massachusetts,MA,,General,University of Massachusetts Lowell,2020-04-27 to 2020-05-01,2020-04-27,2020-05-01,"1,000 (RV)",3.6,Donald Trump,R,30%,False,"Apr 27 – May 1, 2020"
2020,State,Massachusetts,MA,,General,Emerson College,2020-05-04 to 2020-05-05,2020-05-04,2020-05-05,740 (RV),3.5,Joe Biden,D,67%,False,"May 4–5, 2020"
2020,State,Massachusetts,MA,,General,University of Massachusetts Lowell,2020-04-27 to 2020-05-01,2020-04-27,2020-05-01,"1,000 (RV)",3.6,Joe Biden,D,58%,False,"Apr 27 – May 1, 2020"
2020,State,Michigan,MI,,Aggregate,270 to Win,2020-10-22 to 2020-11-02,2020-10-22,2020-11-02,,,Joe Biden,D,49.9%,False,"October 22 – November 2, 2020"
2020,State,Michigan,MI,,Aggregate,Real Clear Politics,2020-10-29 to 2020-11-01,2020-10-29,2020-11-01,,,Joe Biden,D,50.0%,False,"October 29 – November 1, 2020"
2020,State,Michigan,MI,,Aggregate,FiveThirtyEight,2020-11-01,2020-11-01,2020-11-01,,,Joe Biden,D,51.2%,False,"until November 1, 2020"
2020,State,Michigan,MI,,Aggregate,270 to Win,2020-10-22 to 2020-11-02,2020-10-22,2020-11-02,,,Donald Trump,R,44.4%,False,"October 22 – November 2, 2020"
2020,State,Michigan,MI,,Aggregate,Real Clear Politics,2020-10-29 to 2020-11-01,2020-10-29,2020-11-01,,,Donald Trump,R,45.8%,False,"October 29 – November 1, 2020"
2020,State,Michigan,MI,,Aggregate,FiveThirtyEight,2020-11-01,2020-11-01,2020-11-01,,,Donald Trump,R,43.2%,False,"until November 1, 2020"
2020,State,Michigan,MI,,General,Kiaer Research,2020-05-31 to 2020-06-07,2020-05-31,2020-06-07,543 (LV),6.4,Donald Trump,R,35%,False,May 31 – Jun 7
2020,State,Michigan,MI,,General,EPIC-MRA,2020-05-31 to 2020-06-04,2020-05-31,2020-06-04,600 (LV),4.0,Donald Trump,R,39%,False,May 31 – Jun 4
2020,State,Michigan,MI,,General,EPIC-MRA,2020-05-30 to 2020-06-03,2020-05-30,2020-06-03,600 (LV),4.0,Donald Trump,R,41%,False,May 30 – Jun 3
2020,State,Michigan,MI,,General,Change Research,2020-05-29 to 2020-05-31,2020-05-29,2020-05-31,620 (LV),,Donald Trump,R,46%,False,May 29–31
2020,State,Michigan,MI,,General,Public Policy Polling,2020-05-29 to 2020-05-30,2020-05-29,2020-05-30,"1,582 (V)",2.5,Donald Trump,R,44%,False,May 29–30
2020,State,Michigan,MI,,General,Morning Consult,2020-05-17 to 2020-05-26,2020-05-17,2020-05-26,"1,325 (LV)",,Donald Trump,R,42%,False,May 17–26
2020,State,Michigan,MI,,General,Public Policy Polling,2020-05-18 to 2020-05-19,2020-05-18,2020-05-19,"1,234 (V)",2.8,Donald Trump,R,45%,False,May 18–19
2020,State,Michigan,MI,,General,Change Research,2020-05-11 to 2020-05-17,2020-05-11,2020-05-17,"3,070 (LV)",,Donald Trump,R,46%,False,May 11–17
2020,State,Michigan,MI,,General,Redfield & Wilton Strategies,2020-05-10 to 2020-05-14,2020-05-10,2020-05-14,970 (LV),3.2,Donald Trump,R,39%,False,May 10–14
2020,State,Michigan,MI,,General,Hodas & Associates,2020-05-01 to 2020-05-05,2020-05-01,2020-05-05,600 (LV),3.0,Donald Trump,R,42%,False,May 1–5
2020,State,Michigan,MI,,General,Kiaer Research,2020-05-31 to 2020-06-07,2020-05-31,2020-06-07,543 (LV),6.4,Joe Biden,D,50%,False,May 31 – Jun 7
2020,State,Michigan,MI,,General,EPIC-MRA,2020-05-31 to 2020-06-04,2020-05-31,2020-06-04,600 (LV),4.0,Joe Biden,D,55%,False,May 31 – Jun 4
2020,State,Michigan,MI,,General,EPIC-MRA,2020-05-30 to 2020-06-03,2020-05-30,2020-06-03,600 (LV),4.0,Joe Biden,D,53%,False,May 30 – Jun 3
2020,State,Michigan,MI,,General,Change Research,2020-05-29 to 2020-05-31,2020-05-29,2020-05-31,620 (LV),,Joe Biden,D,48%,False,May 29–31
2020,State,Michigan,MI,,General,Public Policy Polling,2020-05-29 to 2020-05-30,2020-05-29,2020-05-30,"1,582 (V)",2.5,Joe Biden,D,50%,False,May 29–30
2020,State,Michigan,MI,,General,Morning Consult,2020-05-17 to 2020-05-26,2020-05-17,2020-05-26,"1,325 (LV)",,Joe Biden,D,50%,False,May 17–26
2020,State,Michigan,MI,,General,Public Policy Polling,2020-05-18 to 2020-05-19,2020-05-18,2020-05-19,"1,234 (V)",2.8,Joe Biden,D,51%,False,May 18–19
2020,State,Michigan,MI,,General,Change Research,2020-05-11 to 2020-05-17,2020-05-11,2020-05-17,"3,070 (LV)",,Joe Biden,D,49%,False,May 11–17
2020,State,Michigan,MI,,General,Redfield & Wilton Strategies,2020-05-10 to 2020-05-14,2020-05-10,2020-05-14,970 (LV),3.2,Joe Biden,D,47%,False,May 10–14
2020,State,Michigan,MI,,General,Hodas & Associates,2020-05-01 to 2020-05-05,2020-05-01,2020-05-05,600 (LV),3.0,Joe Biden,D,50%,False,May 1–5
2020,State,Michigan,MI,,General,Glengariff Group,2019-05-28 to 2019-05-30,2019-05-28,2019-05-30,600 (LV),4.0,Donald Trump,R,41%,False,"May 28–30, 2019"
2020,State,Michigan,MI,,General,Glengariff Group,2019-05-28 to 2019-05-30,2019-05-28,2019-05-30,600 (LV),4.0,Joe Biden,D,53%,False,"May 28–30, 2019"
2020,State,Michigan,MI,Donald Trump vs. Pete Buttigieg,General,Glengariff Group,2019-05-28 to 2019-05-30,2019-05-28,2019-05-30,600 (LV),4.0,Pete Buttigieg,D,47%,False,"May 28–30, 2019"
2020,State,Michigan,MI,Donald Trump vs. Kamala Harris,General,Glengariff Group,2019-05-28 to 2019-05-30,2019-05-28,2019-05-30,600 (LV),4.0,Donald Trump,R,44%,False,"May 28–30, 2019"
2020,State,Michigan,MI,Donald Trump vs. Kamala Harris,General,Glengariff Group,2019-05-28 to 2019-05-30,2019-05-28,2019-05-30,600 (LV),4.0,Kamala Harris,D,47%,False,"May 28–30, 2019"
2020,State,Michigan,MI,Donald Trump vs. Bernie Sanders,General,Glengariff Group,2019-05-28 to 2019-05-30,2019-05-28,2019-05-30,600 (LV),4.0,Bernie Sanders,D,53%,False,"May 28–30, 2019"
2020,State,Michigan,MI,Donald Trump vs. Elizabeth Warren,General,Glengariff Group,2019-05-28 to 2019-05-30,2019-05-28,2019-05-30,600 (LV),4.0,Donald Trump,R,43%,False,"May 28–30, 2019"
2020,State,Michigan,MI,Donald Trump vs. Elizabeth Warren,General,Glengariff Group,2019-05-28 to 2019-05-30,2019-05-28,2019-05-30,600 (LV),4.0,Elizabeth Warren,D,47%,False,"May 28–30, 2019"
2020,State,Michigan,MI,Donald Trump vs. Elizabeth Warren,General,Glengariff Group,2019-05-28 to 2019-05-30,2019-05-28,2019-05-30,600 (LV),4.0,Donald Trump,R,39%,False,"May 28–30, 2019"
2020,State,Michigan,MI,Donald Trump vs. Elizabeth Warren,General,Glengariff Group,2019-05-28 to 2019-05-30,2019-05-28,2019-05-30,600 (LV),4.0,Joe Biden,D,45%,False,"May 28–30, 2019"
2020,State,Michigan,MI,Donald Trump vs. Elizabeth Warren,General,Glengariff Group,2019-05-28 to 2019-05-30,2019-05-28,2019-05-30,600 (LV),4.0,Justin Amash,L,10%,False,"May 28–30, 2019"
2020,State,Michigan,MI,Donald Trump vs. Elizabeth Warren,General,EPIC-MRA,2020-05-31 to 2020-06-04,2020-05-31,2020-06-04,600 (LV),4.0,Donald Trump,R,33%,False,"May 31 – Jun 4, 2020"
2020,State,Michigan,MI,Donald Trump vs. Elizabeth Warren,General,EPIC-MRA,2020-05-30 to 2020-06-03,2020-05-30,2020-06-03,600 (LV),4.0,Donald Trump,R,38%,False,"May 30 – Jun 3, 2020"
2020,State,Michigan,MI,Donald Trump vs. Elizabeth Warren,General,EPIC-MRA,2020-05-31 to 2020-06-04,2020-05-31,2020-06-04,600 (LV),4.0,Generic Opponent,Unknown,51%,False,"May 31 – Jun 4, 2020"
2020,State,Michigan,MI,Donald Trump vs. Elizabeth Warren,General,EPIC-MRA,2020-05-30 to 2020-06-03,2020-05-30,2020-06-03,600 (LV),4.0,Generic Opponent,Unknown,51%,False,"May 30 – Jun 3, 2020"
2020,State,Minnesota,MN,,Aggregate,270 to Win,2020-10-27 to 2020-11-02,2020-10-27,2020-11-02,,,Joe Biden DFL,Unknown,51.6%,False,"October 27 – November 2, 2020"
2020,State,Minnesota,MN,,Aggregate,Real Clear Politics,2020-10-12 to 2020-10-27,2020-10-12,2020-10-27,,,Joe Biden DFL,Unknown,48.0%,False,"October 12–27, 2020"
2020,State,Minnesota,MN,,Aggregate,FiveThirtyEight,2020-11-02,2020-11-02,2020-11-02,,,Joe Biden DFL,Unknown,51.8%,False,"until November 2, 2020"
2020,State,Minnesota,MN,,Aggregate,270 to Win,2020-10-27 to 2020-11-02,2020-10-27,2020-11-02,,,Donald Trump,R,41.8%,False,"October 27 – November 2, 2020"
2020,State,Minnesota,MN,,Aggregate,Real Clear Politics,2020-10-12 to 2020-10-27,2020-10-12,2020-10-27,,,Donald Trump,R,43.7%,False,"October 12–27, 2020"
2020,State,Minnesota,MN,,Aggregate,FiveThirtyEight,2020-11-02,2020-11-02,2020-11-02,,,Donald Trump,R,42.7%,False,"until November 2, 2020"
2020,State,Minnesota,MN,,Aggregate,Morning Consult,2020-05-27 to 2020-06-05,2020-05-27,2020-06-05,600 (LV),4.0,Donald Trump,R,45%,False,"May 27– Jun 5, 2020"
2020,State,Minnesota,MN,,Aggregate,Harper Polling,2020-05-26 to 2020-05-28,2020-05-26,2020-05-28,510 (LV),,Donald Trump,R,42%,False,"May 26–28, 2020"
2020,State,Minnesota,MN,,Aggregate,Morning Consult,2020-05-17 to 2020-05-26,2020-05-17,2020-05-26,647 (LV),,Donald Trump,R,42%,False,"May 17–26, 2020"
2020,State,Minnesota,MN,,Aggregate,Mason-Dixon,2020-05-18 to 2020-05-20,2020-05-18,2020-05-20,800 (RV),3.5,Donald Trump,R,44%,False,"May 18–20, 2020"
2020,State,Minnesota,MN,,Aggregate,Morning Consult,2020-05-07 to 2020-05-16,2020-05-07,2020-05-16,600 (LV),4.0,Donald Trump,R,38%,False,"May 7–16, 2020"
2020,State,Minnesota,MN,,Aggregate,Morning Consult,2020-05-27 to 2020-06-05,2020-05-27,2020-06-05,600 (LV),4.0,Joe Biden DFL,Unknown,48%,False,"May 27– Jun 5, 2020"
2020,State,Minnesota,MN,,Aggregate,Harper Polling,2020-05-26 to 2020-05-28,2020-05-26,2020-05-28,510 (LV),,Joe Biden DFL,Unknown,50%,False,"May 26–28, 2020"
2020,State,Minnesota,MN,,Aggregate,Morning Consult,2020-05-17 to 2020-05-26,2020-05-17,2020-05-26,647 (LV),,Joe Biden DFL,Unknown,49%,False,"May 17–26, 2020"
2020,State,Minnesota,MN,,Aggregate,Mason-Dixon,2020-05-18 to 2020-05-20,2020-05-18,2020-05-20,800 (RV),3.5,Joe Biden DFL,Unknown,49%,False,"May 18–20, 2020"
2020,State,Minnesota,MN,,Aggregate,Morning Consult,2020-05-07 to 2020-05-16,2020-05-07,2020-05-16,600 (LV),4.0,Joe Biden DFL,Unknown,55%,False,"May 7–16, 2020"
2020,State,Mississippi,MS,,Aggregate,270 to Win,2020-10-17 to 2020-10-27,2020-10-17,2020-10-27,,,Joe Biden,D,40.0%,False,"October 17–27, 2020"
2020,State,Mississippi,MS,,Aggregate,FiveThirtyEight,2020-11-02,2020-11-02,2020-11-02,,,Joe Biden,D,39.6%,False,"until November 2, 2020"
2020,State,Mississippi,MS,,Aggregate,270 to Win,2020-10-17 to 2020-10-27,2020-10-17,2020-10-27,,,Donald Trump,R,57.0%,False,"October 17–27, 2020"
2020,State,Mississippi,MS,,Aggregate,FiveThirtyEight,2020-11-02,2020-11-02,2020-11-02,,,Donald Trump,R,55.5%,False,"until November 2, 2020"
2020,State,Missouri,MO,,Aggregate,270 to Win,2020-10-13 to 2020-11-02,2020-10-13,2020-11-02,,,Joe Biden,D,43.7%,False,"October 13 – November 2, 2020"
2020,State,Missouri,MO,,Aggregate,Real Clear Politics,2020-08-26 to 2020-10-01,2020-08-26,2020-10-01,,,Joe Biden,D,43.7%,False,"August 26 – October 1, 2020"
2020,State,Missouri,MO,,Aggregate,FiveThirtyEight,2020-11-02,2020-11-02,2020-11-02,,,Joe Biden,D,43.6%,False,"until November 2, 2020"
2020,State,Missouri,MO,,Aggregate,270 to Win,2020-10-13 to 2020-11-02,2020-10-13,2020-11-02,,,Donald Trump,R,51.3%,False,"October 13 – November 2, 2020"
2020,State,Missouri,MO,,Aggregate,Real Clear Politics,2020-08-26 to 2020-10-01,2020-08-26,2020-10-01,,,Donald Trump,R,50.7%,False,"August 26 – October 1, 2020"
2020,State,Missouri,MO,,Aggregate,FiveThirtyEight,2020-11-02,2020-11-02,2020-11-02,,,Donald Trump,R,51.6%,False,"until November 2, 2020"
2020,State,Missouri,MO,,General,We Ask America,2020-05-26 to 2020-05-27,2020-05-26,2020-05-27,500 (LV),4.38,Donald Trump,R,48%,False,"May 26–27, 2020"
2020,State,Missouri,MO,,General,We Ask America,2020-05-26 to 2020-05-27,2020-05-26,2020-05-27,500 (LV),4.38,Joe Biden,D,44%,False,"May 26–27, 2020"
2020,State,Missouri,MO,Donald Trump vs. Elizabeth Warren,General,Remington Research Group,2019-03-06 to 2019-03-07,2019-03-06,2019-03-07,984(LV),3.3,Donald Trump,R,53%,False,"March 6–7, 2019"
2020,State,Missouri,MO,Donald Trump vs. Elizabeth Warren,General,Remington Research Group,2019-03-06 to 2019-03-07,2019-03-06,2019-03-07,984(LV),3.3,Generic Opponent,Unknown,46%,False,"March 6–7, 2019"
2020,State,Montana,MT,,Aggregate,270 to Win,2020-10-22 to 2020-10-28,2020-10-22,2020-10-28,,,Joe Biden,D,44.8%,False,"October 22–28, 2020"
2020,State,Montana,MT,,Aggregate,Real Clear Politics,2020-09-14 to 2020-10-10,2020-09-14,2020-10-10,,,Joe Biden,D,43.7%,False,"September 14 – October 10, 2020"
2020,State,Montana,MT,,Aggregate,FiveThirtyEight,2020-11-02,2020-11-02,2020-11-02,,,Joe Biden,D,45.4%,False,"until November 2, 2020"
2020,State,Montana,MT,,Aggregate,270 to Win,2020-10-22 to 2020-10-28,2020-10-22,2020-10-28,,,Donald Trump,R,50.2%,False,"October 22–28, 2020"
2020,State,Montana,MT,,Aggregate,Real Clear Politics,2020-09-14 to 2020-10-10,2020-09-14,2020-10-10,,,Donald Trump,R,52.3%,False,"September 14 – October 10, 2020"
2020,State,Montana,MT,,Aggregate,FiveThirtyEight,2020-11-02,2020-11-02,2020-11-02,,,Donald Trump,R,49.8%,False,"until November 2, 2020"
2020,State,Nebraska,NE,,Aggregate,FiveThirtyEight,2020-11-02,2020-11-02,2020-11-02,,,Joe Biden,D,42.5%,False,"until November 2, 2020"
2020,State,Nebraska,NE,,Aggregate,FiveThirtyEight,2020-11-02,2020-11-02,2020-11-02,,,Donald Trump,R,52.1%,False,"until November 2, 2020"
2020,State,Nebraska,NE,,General,DCCC Targeting and Analytics Department,2020-05-07 to 2020-05-10,2020-05-07,2020-05-10,448 (LV),4.6,Donald Trump,R,41%,False,"May 7–10, 2020"
2020,State,Nebraska,NE,,General,DCCC Targeting and Analytics Department,2020-05-07 to 2020-05-10,2020-05-07,2020-05-10,448 (LV),4.6,Joe Biden,D,52%,False,"May 7–10, 2020"
2020,State,Nevada,NV,,Aggregate,270 to Win,2020-10-16 to 2020-10-31,2020-10-16,2020-10-31,,,Joe Biden,D,49.4%,False,"October 16–31, 2020"
2020,State,Nevada,NV,,Aggregate,Real Clear Politics,2020-10-23 to 2020-11-02,2020-10-23,2020-11-02,,,Joe Biden,D,48.7%,False,"October 23 – November 2, 2020"
2020,State,Nevada,NV,,Aggregate,FiveThirtyEight,2020-11-02,2020-11-02,2020-11-02,,,Joe Biden,D,49.7%,False,"until November 2, 2020"
2020,State,Nevada,NV,,Aggregate,270 to Win,2020-10-16 to 2020-10-31,2020-10-16,2020-10-31,,,Donald Trump,R,44.4%,False,"October 16–31, 2020"
2020,State,Nevada,NV,,Aggregate,Real Clear Politics,2020-10-23 to 2020-11-02,2020-10-23,2020-11-02,,,Donald Trump,R,46.3%,False,"October 23 – November 2, 2020"
2020,State,Nevada,NV,,Aggregate,FiveThirtyEight,2020-11-02,2020-11-02,2020-11-02,,,Donald Trump,R,44.4%,False,"until November 2, 2020"
2020,State,New Hampshire,NH,,Aggregate,270 to Win,2020-10-14 to 2020-10-29,2020-10-14,2020-10-29,,,Joe Biden,D,53.4%,False,"October 14–29, 2020"
2020,State,New Hampshire,NH,,Aggregate,Real Clear Politics,2020-09-23 to 2020-10-12,2020-09-23,2020-10-12,,,Joe Biden,D,53.4%,False,"September 23 – October 12, 2020"
2020,State,New Hampshire,NH,,Aggregate,FiveThirtyEight,2020-11-02,2020-11-02,2020-11-02,,,Joe Biden,D,53.9%,False,"until November 2, 2020"
2020,State,New Hampshire,NH,,Aggregate,270 to Win,2020-10-14 to 2020-10-29,2020-10-14,2020-10-29,,,Donald Trump,R,42.4%,False,"October 14–29, 2020"
2020,State,New Hampshire,NH,,Aggregate,Real Clear Politics,2020-09-23 to 2020-10-12,2020-09-23,2020-10-12,,,Donald Trump,R,42.4%,False,"September 23 – October 12, 2020"
2020,State,New Hampshire,NH,,Aggregate,FiveThirtyEight,2020-11-02,2020-11-02,2020-11-02,,,Donald Trump,R,42.8%,False,"until November 2, 2020"
2020,State,New Hampshire,NH,,General,University of New Hampshire,2020-05-14 to 2020-05-18,2020-05-14,2020-05-18,790 (LV),,Donald Trump,R,46%,False,"May 14–18, 2020"
2020,State,New Hampshire,NH,,General,University of New Hampshire,2020-05-14 to 2020-05-18,2020-05-14,2020-05-18,790 (LV),,Joe Biden,D,44%,False,"May 14–18, 2020"
2020,State,New Hampshire,NH,Donald Trump vs. Andrew Yang,General,Emerson College,2019-11-23 to 2019-11-26,2019-11-23,2019-11-26,637 (RV),3.8,Donald Trump,R,51%,False,"November 23–26, 2019"
2020,State,New Hampshire,NH,Donald Trump vs. Andrew Yang,General,Emerson College,2019-11-23 to 2019-11-26,2019-11-23,2019-11-26,547 (RV),4.1,Donald Trump,R,42%,False,"November 23–26, 2019"
2020,State,New Hampshire,NH,Donald Trump vs. Andrew Yang,General,Emerson College,2019-09-06 to 2019-09-09,2019-09-06,2019-09-09,"1,041 (RV)",3.0,Donald Trump,R,46%,False,"September 6–9, 2019"
2020,State,New Hampshire,NH,Donald Trump vs. Andrew Yang,General,Emerson College,2019-11-23 to 2019-11-26,2019-11-23,2019-11-26,637 (RV),3.8,Andrew Yang,D,49%,False,"November 23–26, 2019"
2020,State,New Hampshire,NH,Donald Trump vs. Andrew Yang,General,Emerson College,2019-11-23 to 2019-11-26,2019-11-23,2019-11-26,547 (RV),4.1,Andrew Yang,D,46%,False,"November 23–26, 2019"
2020,State,New Hampshire,NH,Donald Trump vs. Andrew Yang,General,Emerson College,2019-09-06 to 2019-09-09,2019-09-06,2019-09-09,"1,041 (RV)",3.0,Andrew Yang,D,54%,False,"September 6–9, 2019"
2020,State,New Hampshire,NH,Donald Trump vs. Kamala Harris,General,Emerson College,2019-09-06 to 2019-09-09,2019-09-06,2019-09-09,"1,041 (RV)",3.0,Donald Trump,R,49%,False,"September 6–9, 2019"
2020,State,New Hampshire,NH,Donald Trump vs. Kamala Harris,General,Gravis Marketing,2019-08-02 to 2019-08-06,2019-08-02,2019-08-06,505 (RV),4.4,Donald Trump,R,44%,False,"August 2–6, 2019"
2020,State,New Hampshire,NH,Donald Trump vs. Kamala Harris,General,Emerson College,2019-09-06 to 2019-09-09,2019-09-06,2019-09-09,"1,041 (RV)",3.0,Kamala Harris,D,51%,False,"September 6–9, 2019"
2020,State,New Hampshire,NH,Donald Trump vs. Kamala Harris,General,Gravis Marketing,2019-08-02 to 2019-08-06,2019-08-02,2019-08-06,505 (RV),4.4,Kamala Harris,D,47%,False,"August 2–6, 2019"
2020,State,New Jersey,NJ,,Aggregate,270 to Win,2020-10-09 to 2020-11-02,2020-10-09,2020-11-02,,,Joe Biden,D,56.5%,False,"October 9 – November 2, 2020"
2020,State,New Jersey,NJ,,Aggregate,Real Clear Politics,2020-09-04 to 2020-10-13,2020-09-04,2020-10-13,,,Joe Biden,D,54.7%,False,"September 4 – October 13, 2020"
2020,State,New Jersey,NJ,,Aggregate,FiveThirtyEight,2020-11-02,2020-11-02,2020-11-02,,,Joe Biden,D,58.4%,False,"until November 2, 2020"
2020,State,New Jersey,NJ,,Aggregate,270 to Win,2020-10-09 to 2020-11-02,2020-10-09,2020-11-02,,,Donald Trump,R,37.3%,False,"October 9 – November 2, 2020"
2020,State,New Jersey,NJ,,Aggregate,Real Clear Politics,2020-09-04 to 2020-10-13,2020-09-04,2020-10-13,,,Donald Trump,R,37.3%,False,"September 4 – October 13, 2020"
2020,State,New Jersey,NJ,,Aggregate,FiveThirtyEight,2020-11-02,2020-11-02,2020-11-02,,,Donald Trump,R,37.9%,False,"until November 2, 2020"
2020,State,New Jersey,NJ,,Aggregate,Quinnipiac,2020-04-30 to 2020-05-04,2020-04-30,2020-05-04,941 (RV),3.2,Donald Trump,R,35%,False,"Apr 30 – May 4, 2020"
2020,State,New Jersey,NJ,,Aggregate,Rutgers-Eagleton,2020-04-22 to 2020-05-02,2020-04-22,2020-05-02,689 (RV),4.2,Donald Trump,R,33%,False,"Apr 22 – May 2, 2020"
2020,State,New Jersey,NJ,,Aggregate,Quinnipiac,2020-04-30 to 2020-05-04,2020-04-30,2020-05-04,941 (RV),3.2,Joe Biden,D,54%,False,"Apr 30 – May 4, 2020"
2020,State,New Jersey,NJ,,Aggregate,Rutgers-Eagleton,2020-04-22 to 2020-05-02,2020-04-22,2020-05-02,689 (RV),4.2,Joe Biden,D,56%,False,"Apr 22 – May 2, 2020"
2020,State,New Mexico,NM,,Aggregate,270 to Win,2020-10-06 to 2020-11-01,2020-10-06,2020-11-01,,,Joe Biden,D,53.5%,False,"October 6 – November 1, 2020"
2020,State,New Mexico,NM,,Aggregate,Real Clear Politics,2020-08-26 to 2020-10-01,2020-08-26,2020-10-01,,,Joe Biden,D,53.9%,False,"August 26 – October 1, 2020"
2020,State,New Mexico,NM,,Aggregate,FiveThirtyEight,2020-11-02,2020-11-02,2020-11-02,,,Joe Biden,D,53.8%,False,"until November 2, 2020"
2020,State,New Mexico,NM,,Aggregate,270 to Win,2020-10-06 to 2020-11-01,2020-10-06,2020-11-01,,,Donald Trump,R,40.5%,False,"October 6 – November 1, 2020"
2020,State,New Mexico,NM,,Aggregate,Real Clear Politics,2020-08-26 to 2020-10-01,2020-08-26,2020-10-01,,,Donald Trump,R,42.1%,False,"August 26 – October 1, 2020"
2020,State,New Mexico,NM,,Aggregate,FiveThirtyEight,2020-11-02,2020-11-02,2020-11-02,,,Donald Trump,R,42.3%,False,"until November 2, 2020"
2020,State,New York,NY,,Aggregate,270 to Win,2020-08-25,2020-08-25,2020-08-25,,,Joe Biden,D,63.0%,False,"August 25, 2020"
2020,State,New York,NY,,Aggregate,Real Clear Politics,2020-04-30 to 2020-09-29,2020-04-30,2020-09-29,,,Joe Biden,D,59.7%,False,"April 30 – September 29, 2020"
2020,State,New York,NY,,Aggregate,FiveThirtyEight,2020-11-02,2020-11-02,2020-11-02,,,Joe Biden,D,62.3%,False,"until November 2, 2020"
2020,State,New York,NY,,Aggregate,270 to Win,2020-08-25,2020-08-25,2020-08-25,,,Donald Trump,R,32.0%,False,"August 25, 2020"
2020,State,New York,NY,,Aggregate,Real Clear Politics,2020-04-30 to 2020-09-29,2020-04-30,2020-09-29,,,Donald Trump,R,31.0%,False,"April 30 – September 29, 2020"
2020,State,New York,NY,,Aggregate,FiveThirtyEight,2020-11-02,2020-11-02,2020-11-02,,,Donald Trump,R,32.9%,False,"until November 2, 2020"
2020,State,New York,NY,,General,Siena College,2020-05-17 to 2020-05-21,2020-05-17,2020-05-21,767 (RV),3.7,Donald Trump,R,32%,False,"May 17–21, 2020"
2020,State,New York,NY,,General,Quinnipiac University,2020-04-30 to 2020-05-04,2020-04-30,2020-05-04,915 (RV),3.2,Donald Trump,R,32%,False,"Apr 30 – May 4, 2020"
2020,State,New York,NY,,General,Siena College,2020-05-17 to 2020-05-21,2020-05-17,2020-05-21,767 (RV),3.7,Joe Biden,D,57%,False,"May 17–21, 2020"
2020,State,New York,NY,,General,Quinnipiac University,2020-04-30 to 2020-05-04,2020-04-30,2020-05-04,915 (RV),3.2,Joe Biden,D,55%,False,"Apr 30 – May 4, 2020"
2020,State,North Carolina,NC,,Aggregate,270 to Win,2020-10-31 to 2020-11-02,2020-10-31,2020-11-02,,,Joe Biden,D,47.8%,False,"October 31 – November 2, 2020"
2020,State,North Carolina,NC,,Aggregate,Real Clear Politics,2020-10-26 to 2020-11-01,2020-10-26,2020-11-01,,,Joe Biden,D,47.6%,False,"October 26 – November 1, 2020"
2020,State,North Carolina,NC,,Aggregate,FiveThirtyEight,2020-11-02,2020-11-02,2020-11-02,,,Joe Biden,D,48.9%,False,"until November 2, 2020"
2020,State,North Carolina,NC,,Aggregate,270 to Win,2020-10-31 to 2020-11-02,2020-10-31,2020-11-02,,,Donald Trump,R,47.5%,False,"October 31 – November 2, 2020"
2020,State,North Carolina,NC,,Aggregate,Real Clear Politics,2020-10-26 to 2020-11-01,2020-10-26,2020-11-01,,,Donald Trump,R,47.8%,False,"October 26 – November 1, 2020"
2020,State,North Carolina,NC,,Aggregate,FiveThirtyEight,2020-11-02,2020-11-02,2020-11-02,,,Donald Trump,R,47.1%,False,"until November 2, 2020"
2020,State,North Carolina,NC,,General,Change Research,2020-05-29 to 2020-05-31,2020-05-29,2020-05-31,806 (LV),,Donald Trump,R,45%,False,"May 29–31, 2020"
2020,State,North Carolina,NC,,General,Harper Polling,2020-05-26 to 2020-05-28,2020-05-26,2020-05-28,500 (LV),4.38,Donald Trump,R,47%,False,"May 26–28, 2020"
2020,State,North Carolina,NC,,General,Morning Consult,2020-05-17 to 2020-05-26,2020-05-17,2020-05-26,"1,403 (LV)",,Donald Trump,R,49%,False,"May 17–26, 2020"
2020,State,North Carolina,NC,,General,Neighbourhood Research & Media,2020-05-12 to 2020-05-21,2020-05-12,2020-05-21,391 (LV),,Donald Trump,R,42%,False,"May 12–21, 2020"
2020,State,North Carolina,NC,,General,Redfield & Wilton Strategies,2020-05-10 to 2020-05-14,2020-05-10,2020-05-14,859 (LV),3.3,Donald Trump,R,43%,False,"May 10–14, 2020"
2020,State,North Carolina,NC,,General,Meeting Street Insights (R),2020-05-09 to 2020-05-13,2020-05-09,2020-05-13,500 (RV),,Donald Trump,R,47%,False,"May 9–13, 2020"
2020,State,North Carolina,NC,,General,East Carolina University,2020-05-07 to 2020-05-09,2020-05-07,2020-05-09,"1,111 (RV)",3.4,Donald Trump,R,46%,False,"May 7–9, 2020"
2020,State,North Carolina,NC,,General,Civiqs,2020-05-02 to 2020-05-04,2020-05-02,2020-05-04,"1,362 (RV)",3.0,Donald Trump,R,46%,False,"May 2–4, 2020"
2020,State,North Carolina,NC,,General,Change Research,2020-05-29 to 2020-05-31,2020-05-29,2020-05-31,806 (LV),,Joe Biden,D,46%,False,"May 29–31, 2020"
2020,State,North Carolina,NC,,General,Harper Polling,2020-05-26 to 2020-05-28,2020-05-26,2020-05-28,500 (LV),4.38,Joe Biden,D,44%,False,"May 26–28, 2020"
2020,State,North Carolina,NC,,General,Morning Consult,2020-05-17 to 2020-05-26,2020-05-17,2020-05-26,"1,403 (LV)",,Joe Biden,D,46%,False,"May 17–26, 2020"
2020,State,North Carolina,NC,,General,Neighbourhood Research & Media,2020-05-12 to 2020-05-21,2020-05-12,2020-05-21,391 (LV),,Joe Biden,D,42%,False,"May 12–21, 2020"
2020,State,North Carolina,NC,,General,Redfield & Wilton Strategies,2020-05-10 to 2020-05-14,2020-05-10,2020-05-14,859 (LV),3.3,Joe Biden,D,45%,False,"May 10–14, 2020"
2020,State,North Carolina,NC,,General,Meeting Street Insights (R),2020-05-09 to 2020-05-13,2020-05-09,2020-05-13,500 (RV),,Joe Biden,D,47%,False,"May 9–13, 2020"
2020,State,North Carolina,NC,,General,East Carolina University,2020-05-07 to 2020-05-09,2020-05-07,2020-05-09,"1,111 (RV)",3.4,Joe Biden,D,43%,False,"May 7–9, 2020"
2020,State,North Carolina,NC,,General,Civiqs,2020-05-02 to 2020-05-04,2020-05-02,2020-05-04,"1,362 (RV)",3.0,Joe Biden,D,49%,False,"May 2–4, 2020"
2020,State,North Carolina,NC,,General,Emerson College,2019-05-31 to 2019-06-03,2019-05-31,2019-06-03,932 (RV),3.1,Donald Trump,R,44%,False,"May 31 – Jun 3, 2019"
2020,State,North Carolina,NC,,General,Spry Strategies (R),2019-05-25 to 2019-06-01,2019-05-25,2019-06-01,730 (LV),,Donald Trump,R,52%,False,"May 25 – Jun 1, 2019"
2020,State,North Carolina,NC,,General,Emerson College,2019-05-31 to 2019-06-03,2019-05-31,2019-06-03,932 (RV),3.1,Joe Biden,D,56%,False,"May 31 – Jun 3, 2019"
2020,State,North Carolina,NC,,General,Spry Strategies (R),2019-05-25 to 2019-06-01,2019-05-25,2019-06-01,730 (LV),,Joe Biden,D,41%,False,"May 25 – Jun 1, 2019"
2020,State,North Carolina,NC,Donald Trump vs. Pete Buttigieg,General,Emerson College,2019-05-31 to 2019-06-03,2019-05-31,2019-06-03,932 (RV),3.1,Donald Trump,R,48%,False,"May 31 – Jun 3, 2019"
2020,State,North Carolina,NC,Donald Trump vs. Pete Buttigieg,General,Emerson College,2019-05-31 to 2019-06-03,2019-05-31,2019-06-03,932 (RV),3.1,Pete Buttigieg,D,52%,False,"May 31 – Jun 3, 2019"
2020,State,North Carolina,NC,Donald Trump vs. Kamala Harris,General,Emerson College,2019-05-31 to 2019-06-03,2019-05-31,2019-06-03,932 (RV),3.1,Donald Trump,R,51%,False,"May 31 – Jun 3, 2019"
2020,State,North Carolina,NC,Donald Trump vs. Kamala Harris,General,Emerson College,2019-05-31 to 2019-06-03,2019-05-31,2019-06-03,932 (RV),3.1,Kamala Harris,D,49%,False,"May 31 – Jun 3, 2019"
2020,State,North Carolina,NC,Donald Trump vs. Bernie Sanders,General,Emerson College,2019-05-31 to 2019-06-03,2019-05-31,2019-06-03,932 (RV),3.1,Donald Trump,R,46%,False,"May 31 – Jun 3, 2019"
2020,State,North Carolina,NC,Donald Trump vs. Bernie Sanders,General,Emerson College,2019-05-31 to 2019-06-03,2019-05-31,2019-06-03,932 (RV),3.1,Bernie Sanders,D,54%,False,"May 31 – Jun 3, 2019"
2020,State,North Carolina,NC,Donald Trump vs. Elizabeth Warren,General,Emerson College,2019-05-31 to 2019-06-03,2019-05-31,2019-06-03,932 (RV),3.1,Donald Trump,R,50%,False,"May 31 – Jun 3, 2019"
2020,State,North Carolina,NC,Donald Trump vs. Elizabeth Warren,General,Emerson College,2019-05-31 to 2019-06-03,2019-05-31,2019-06-03,932 (RV),3.1,Elizabeth Warren,D,50%,False,"May 31 – Jun 3, 2019"
2020,State,North Dakota,ND,,Aggregate,270 to Win,2020-09-26 to 2020-10-17,2020-09-26,2020-10-17,,,Joe Biden Democratic-NPL,Unknown,38.0%,False,"September 26 – October 17, 2020"
2020,State,North Dakota,ND,,Aggregate,FiveThirtyEight,2020-11-02,2020-11-02,2020-11-02,,,Joe Biden Democratic-NPL,Unknown,38.7%,False,"until November 2, 2020"
2020,State,North Dakota,ND,,Aggregate,270 to Win,2020-09-26 to 2020-10-17,2020-09-26,2020-10-17,,,Donald Trump,R,57.5%,False,"September 26 – October 17, 2020"
2020,State,North Dakota,ND,,Aggregate,FiveThirtyEight,2020-11-02,2020-11-02,2020-11-02,,,Donald Trump,R,56.0%,False,"until November 2, 2020"
2020,State,North Dakota,ND,,General,DFM Research,2019-05-14 to 2019-05-18,2019-05-14,2019-05-18,400 (A),4.9,Donald Trump,R,54%,False,"May 14–18, 2019"
2020,State,North Dakota,ND,,General,DFM Research,2019-05-14 to 2019-05-18,2019-05-14,2019-05-18,400 (A),4.9,Joe Biden Democratic-NPL,Unknown,39%,False,"May 14–18, 2019"
2020,State,Ohio,OH,,Aggregate,270 to Win,2020-11-01 to 2020-11-02,2020-11-01,2020-11-02,,,Joe Biden,D,46.7%,False,"November 1–2, 2020"
2020,State,Ohio,OH,,Aggregate,Real Clear Politics,2020-10-28 to 2020-11-01,2020-10-28,2020-11-01,,,Joe Biden,D,46.3%,False,"October 28, 2020 – November 1, 2020"
2020,State,Ohio,OH,,Aggregate,FiveThirtyEight,2020-11-02,2020-11-02,2020-11-02,,,Joe Biden,D,46.6%,False,"until November 2, 2020"
2020,State,Ohio,OH,,Aggregate,270 to Win,2020-11-01 to 2020-11-02,2020-11-01,2020-11-02,,,Donald Trump,R,47.6%,False,"November 1–2, 2020"
2020,State,Ohio,OH,,Aggregate,Real Clear Politics,2020-10-28 to 2020-11-01,2020-10-28,2020-11-01,,,Donald Trump,R,47.3%,False,"October 28, 2020 – November 1, 2020"
2020,State,Ohio,OH,,Aggregate,FiveThirtyEight,2020-11-02,2020-11-02,2020-11-02,,,Donald Trump,R,47.5%,False,"until November 2, 2020"
2020,State,Ohio,OH,,General,Fox News,2020-05-30 to 2020-06-02,2020-05-30,2020-06-02,803 (RV),3.5,Donald Trump,R,43%,False,May 30 – Jun 2
2020,State,Ohio,OH,,General,Fox News,2020-05-30 to 2020-06-02,2020-05-30,2020-06-02,803 (RV),3.5,Joe Biden,D,45%,False,May 30 – Jun 2
2020,State,Ohio,OH,,General,Morning Consult,2020-05-17 to 2020-05-26,2020-05-17,2020-05-26,"1,720 (LV)",,Donald Trump,R,50%,False,May 17–26
2020,State,Ohio,OH,,General,Emerson College,2020-05-08 to 2020-05-10,2020-05-08,2020-05-10,725 (RV),3.5,Donald Trump,R,51%,False,May 8–10
2020,State,Ohio,OH,,General,Morning Consult,2020-05-17 to 2020-05-26,2020-05-17,2020-05-26,"1,720 (LV)",,Joe Biden,D,42%,False,May 17–26
2020,State,Ohio,OH,,General,Emerson College,2020-05-08 to 2020-05-10,2020-05-08,2020-05-10,725 (RV),3.5,Joe Biden,D,49%,False,May 8–10
2020,State,Ohio,OH,,General,Emerson College,2019-09-29 to 2019-10-02,2019-09-29,2019-10-02,837 (RV),3.2,Donald Trump,R,47%,False,"Sep 29 – October 2, 2019"
2020,State,Ohio,OH,,General,Emerson College,2019-09-29 to 2019-10-02,2019-09-29,2019-10-02,837 (RV),3.2,Joe Biden,D,53%,False,"Sep 29 – October 2, 2019"
2020,State,Ohio,OH,Donald Trump vs. Elizabeth Warren,General,Baldwin Wallace University,2018-04-24 to 2018-05-02,2018-04-24,2018-05-02,811 (RV),3.5,Donald Trump,R,41%,False,"Apr 24 – May 2, 2018"
2020,State,Ohio,OH,Donald Trump vs. Elizabeth Warren,General,Baldwin Wallace University,2018-04-24 to 2018-05-02,2018-04-24,2018-05-02,811 (RV),3.5,Generic Democrat,D,44%,False,"Apr 24 – May 2, 2018"
2020,State,Ohio,OH,Donald Trump vs. Elizabeth Warren,General,Baldwin Wallace University,2018-04-24 to 2018-05-02,2018-04-24,2018-05-02,811 (RV),3.5,John Kasich,R,37%,False,"Apr 24 – May 2, 2018"
2020,State,Ohio,OH,Donald Trump vs. Elizabeth Warren,General,Baldwin Wallace University,2018-04-24 to 2018-05-02,2018-04-24,2018-05-02,811 (RV),3.5,Generic,D,31%,False,"Apr 24 – May 2, 2018"
2020,State,Oklahoma,OK,,Aggregate,270 to Win,2020-10-17 to 2020-10-21,2020-10-17,2020-10-21,,,Joe Biden,D,38.5%,False,"October 17–21, 2020"
2020,State,Oklahoma,OK,,Aggregate,FiveThirtyEight,2020-11-02,2020-11-02,2020-11-02,,,Joe Biden,D,36.2%,False,"until November 2, 2020"
2020,State,Oklahoma,OK,,Aggregate,270 to Win,2020-10-17 to 2020-10-21,2020-10-17,2020-10-21,,,Donald Trump,R,58.5%,False,"October 17–21, 2020"
2020,State,Oklahoma,OK,,Aggregate,FiveThirtyEight,2020-11-02,2020-11-02,2020-11-02,,,Donald Trump,R,59.2%,False,"until November 2, 2020"
2020,State,Oregon,OR,,Aggregate,270 to Win,2020-09-26 to 2020-10-17,2020-09-26,2020-10-17,,,Joe Biden,D,58.0%,False,"September 26 – October 17, 2020"
2020,State,Oregon,OR,,Aggregate,FiveThirtyEight,2020-11-02,2020-11-02,2020-11-02,,,Joe Biden,D,58.7%,False,"until November 2, 2020"
2020,State,Oregon,OR,,Aggregate,270 to Win,2020-09-26 to 2020-10-17,2020-09-26,2020-10-17,,,Donald Trump,R,38.5%,False,"September 26 – October 17, 2020"
2020,State,Oregon,OR,,Aggregate,FiveThirtyEight,2020-11-02,2020-11-02,2020-11-02,,,Donald Trump,R,37.4%,False,"until November 2, 2020"
2020,State,Pennsylvania,PA,,Aggregate,270 to Win,2020-10-22 to 2020-11-02,2020-10-22,2020-11-02,,,Joe Biden,D,49.4%,False,"October 22 – November 2, 2020"
2020,State,Pennsylvania,PA,,Aggregate,Real Clear Politics,2020-10-29 to 2020-11-02,2020-10-29,2020-11-02,,,Joe Biden,D,48.7%,False,"October 29 – November 2, 2020"
2020,State,Pennsylvania,PA,,Aggregate,FiveThirtyEight,2020-11-02,2020-11-02,2020-11-02,,,Joe Biden,D,50.2%,False,"until November 2, 2020"
2020,State,Pennsylvania,PA,,Aggregate,270 to Win,2020-10-22 to 2020-11-02,2020-10-22,2020-11-02,,,Donald Trump,R,45.7%,False,"October 22 – November 2, 2020"
2020,State,Pennsylvania,PA,,Aggregate,Real Clear Politics,2020-10-29 to 2020-11-02,2020-10-29,2020-11-02,,,Donald Trump,R,47.5%,False,"October 29 – November 2, 2020"
2020,State,Pennsylvania,PA,,Aggregate,FiveThirtyEight,2020-11-02,2020-11-02,2020-11-02,,,Donald Trump,R,45.6%,False,"until November 2, 2020"
2020,State,Pennsylvania,PA,,General,Civiqs,2020-05-30 to 2020-06-02,2020-05-30,2020-06-02,"2,045 (A)",2.4,Donald Trump,R,46%,False,May 30 – Jun 2
2020,State,Pennsylvania,PA,,General,Change Research,2020-05-29 to 2020-05-31,2020-05-29,2020-05-31,579 (LV),,Donald Trump,R,50%,False,May 29–31
2020,State,Pennsylvania,PA,,General,Morning Consult,2020-05-17 to 2020-05-26,2020-05-17,2020-05-26,"2,120 (LV)",,Donald Trump,R,44%,False,May 17–26
2020,State,Pennsylvania,PA,,General,Redfield & Wilton Strategies,2020-05-10 to 2020-05-14,2020-05-10,2020-05-14,963 (LV),3.2,Donald Trump,R,39%,False,May 10–14
2020,State,Pennsylvania,PA,,General,Hodas & Associates,2020-05-09 to 2020-05-13,2020-05-09,2020-05-13,600 (LV),3.0,Donald Trump,R,51%,False,May 9–13
2020,State,Pennsylvania,PA,,General,Civiqs,2020-05-30 to 2020-06-02,2020-05-30,2020-06-02,"2,045 (A)",2.4,Joe Biden,D,49%,False,May 30 – Jun 2
2020,State,Pennsylvania,PA,,General,Change Research,2020-05-29 to 2020-05-31,2020-05-29,2020-05-31,579 (LV),,Joe Biden,D,46%,False,May 29–31
2020,State,Pennsylvania,PA,,General,Morning Consult,2020-05-17 to 2020-05-26,2020-05-17,2020-05-26,"2,120 (LV)",,Joe Biden,D,48%,False,May 17–26
2020,State,Pennsylvania,PA,,General,Redfield & Wilton Strategies,2020-05-10 to 2020-05-14,2020-05-10,2020-05-14,963 (LV),3.2,Joe Biden,D,48%,False,May 10–14
2020,State,Pennsylvania,PA,,General,Hodas & Associates,2020-05-09 to 2020-05-13,2020-05-09,2020-05-13,600 (LV),3.0,Joe Biden,D,46%,False,May 9–13
2020,State,Pennsylvania,PA,,General,Quinnipiac University,2019-05-09 to 2019-05-14,2019-05-09,2019-05-14,978 (RV),4.2,Donald Trump,R,42%,False,"May 9–14, 2019"
2020,State,Pennsylvania,PA,,General,Quinnipiac University,2019-05-09 to 2019-05-14,2019-05-09,2019-05-14,978 (RV),4.2,Joe Biden,D,53%,False,"May 9–14, 2019"
2020,State,Pennsylvania,PA,Donald Trump vs. Pete Buttigieg,Hypothetical,Quinnipiac University,2019-05-09 to 2019-05-14,2019-05-09,2019-05-14,978 (RV),4.2,Donald Trump,R,44%,False,"May 9–14, 2019"
2020,State,Pennsylvania,PA,Donald Trump vs. Pete Buttigieg,Hypothetical,Quinnipiac University,2019-05-09 to 2019-05-14,2019-05-09,2019-05-14,978 (RV),4.2,Pete Buttigieg,D,45%,False,"May 9–14, 2019"
2020,State,Pennsylvania,PA,Donald Trump vs. Kamala Harris,Hypothetical,Quinnipiac University,2019-05-09 to 2019-05-14,2019-05-09,2019-05-14,978 (RV),4.2,Donald Trump,R,45%,False,"May 9–14, 2019"
2020,State,Pennsylvania,PA,Donald Trump vs. Kamala Harris,Hypothetical,Quinnipiac University,2019-05-09 to 2019-05-14,2019-05-09,2019-05-14,978 (RV),4.2,Kamala Harris,D,45%,False,"May 9–14, 2019"
2020,State,Pennsylvania,PA,Donald Trump vs. Amy Klobuchar,Hypothetical,Quinnipiac University,2019-05-09 to 2019-05-14,2019-05-09,2019-05-14,978 (RV),4.2,Donald Trump,R,46%,False,"May 9–14, 2019"
2020,State,Pennsylvania,PA,Donald Trump vs. Amy Klobuchar,Hypothetical,Quinnipiac University,2019-05-09 to 2019-05-14,2019-05-09,2019-05-14,978 (RV),4.2,Beto O'Rourke,D,44%,False,"May 9–14, 2019"
2020,State,Pennsylvania,PA,Donald Trump vs. Bernie Sanders,Hypothetical,Quinnipiac University,2019-05-09 to 2019-05-14,2019-05-09,2019-05-14,978 (RV),4.2,Donald Trump,R,43%,False,"May 9–14, 2019"
2020,State,Pennsylvania,PA,Donald Trump vs. Bernie Sanders,Hypothetical,Quinnipiac University,2019-05-09 to 2019-05-14,2019-05-09,2019-05-14,978 (RV),4.2,Bernie Sanders,D,50%,False,"May 9–14, 2019"
2020,State,Pennsylvania,PA,Donald Trump vs. Elizabeth Warren,Hypothetical,Quinnipiac University,2019-05-09 to 2019-05-14,2019-05-09,2019-05-14,978 (RV),4.2,Elizabeth Warren,D,47%,False,"May 9–14, 2019"
2020,State,Rhode Island,RI,,Aggregate,FiveThirtyEight,2020-11-02,2020-11-02,2020-11-02,,,Joe Biden,D,62.9%,False,"until November 2, 2020"
2020,State,Rhode Island,RI,,Aggregate,FiveThirtyEight,2020-11-02,2020-11-02,2020-11-02,,,Donald Trump,R,32.4%,False,"until November 2, 2020"
2020,State,South Carolina,SC,,Aggregate,270 to Win,2020-10-15 to 2020-11-02,2020-10-15,2020-11-02,,,Joe Biden,D,43.3%,False,"October 15, 2020 – November 2, 2020"
2020,State,South Carolina,SC,,Aggregate,FiveThirtyEight,2020-11-02,2020-11-02,2020-11-02,,,Joe Biden,D,44.5%,False,"until November 2, 2020"
2020,State,South Carolina,SC,,Aggregate,270 to Win,2020-10-15 to 2020-11-02,2020-10-15,2020-11-02,,,Donald Trump,R,50.3%,False,"October 15, 2020 – November 2, 2020"
2020,State,South Carolina,SC,,Aggregate,FiveThirtyEight,2020-11-02,2020-11-02,2020-11-02,,,Donald Trump,R,51.6%,False,"until November 2, 2020"
2020,State,South Carolina,SC,,General,Civiqs,2020-05-23 to 2020-05-26,2020-05-23,2020-05-26,591 (RV),4.5,Donald Trump,R,52%,False,"May 23–26, 2020"
2020,State,South Carolina,SC,,General,Civiqs,2020-05-23 to 2020-05-26,2020-05-23,2020-05-26,591 (RV),4.5,Joe Biden,D,42%,False,"May 23–26, 2020"
2020,State,South Dakota,SD,,Aggregate,270 to Win,2020-10-17 to 2020-10-25,2020-10-17,2020-10-25,,,Joe Biden,D,42.0%,False,"October 17–25, 2020"
2020,State,South Dakota,SD,,Aggregate,FiveThirtyEight,2020-11-02,2020-11-02,2020-11-02,,,Joe Biden,D,39.0%,False,"until November 2, 2020"
2020,State,South Dakota,SD,,Aggregate,270 to Win,2020-10-17 to 2020-10-25,2020-10-17,2020-10-25,,,Donald Trump,R,52.5%,False,"October 17–25, 2020"
2020,State,South Dakota,SD,,Aggregate,FiveThirtyEight,2020-11-02,2020-11-02,2020-11-02,,,Donald Trump,R,54.5%,False,"until November 2, 2020"
2020,State,Tennessee,TN,,Aggregate,RealClearPolitics,2020-01-28 to 2020-05-22,2020-01-28,2020-05-22,,,Joe Biden,D,39.0%,False,"Jan 28, 2020 – May 22, 2020"
2020,State,Tennessee,TN,,Aggregate,FiveThirtyEight,2020-11-02,2020-11-02,2020-11-02,,,Joe Biden,D,41.4%,False,"until November 2, 2020"
2020,State,Tennessee,TN,,Aggregate,RealClearPolitics,2020-01-28 to 2020-05-22,2020-01-28,2020-05-22,,,Donald Trump,R,53.0%,False,"Jan 28, 2020 – May 22, 2020"
2020,State,Tennessee,TN,,Aggregate,FiveThirtyEight,2020-11-02,2020-11-02,2020-11-02,,,Donald Trump,R,55.1%,False,"until November 2, 2020"
2020,State,Tennessee,TN,,General,Vanderbilt University,2020-05-05 to 2020-05-22,2020-05-05,2020-05-22,"1,000 (RV)",3.8,Donald Trump,R,51%,False,"May 5–22, 2020"
2020,State,Tennessee,TN,,General,East Tennessee State University,2020-04-22 to 2020-05-01,2020-04-22,2020-05-01,536 (LV),,Donald Trump,R,53%,False,"Apr 22 – May 1, 2020"
2020,State,Tennessee,TN,,General,Vanderbilt University,2020-05-05 to 2020-05-22,2020-05-05,2020-05-22,"1,000 (RV)",3.8,Joe Biden,D,42%,False,"May 5–22, 2020"
2020,State,Tennessee,TN,,General,East Tennessee State University,2020-04-22 to 2020-05-01,2020-04-22,2020-05-01,536 (LV),,Joe Biden,D,36%,False,"Apr 22 – May 1, 2020"
2020,State,Texas,TX,,Aggregate,270 to Win,2020-10-29 to 2020-11-02,2020-10-29,2020-11-02,,,Joe Biden,D,47.5%,False,"Oct 29, 2020 – November 2, 2020"
2020,State,Texas,TX,,Aggregate,Real Clear Politics,2020-10-20 to 2020-10-31,2020-10-20,2020-10-31,,,Joe Biden,D,46.5%,False,"October 20–31, 2020"
2020,State,Texas,TX,,Aggregate,FiveThirtyEight,2020-11-02,2020-11-02,2020-11-02,,,Joe Biden,D,47.4%,False,"until November 2, 2020"
2020,State,Texas,TX,,Aggregate,270 to Win,2020-10-29 to 2020-11-02,2020-10-29,2020-11-02,,,Donald Trump,R,48.8%,False,"Oct 29, 2020 – November 2, 2020"
2020,State,Texas,TX,,Aggregate,Real Clear Politics,2020-10-20 to 2020-10-31,2020-10-20,2020-10-31,,,Donald Trump,R,47.8%,False,"October 20–31, 2020"
2020,State,Texas,TX,,Aggregate,FiveThirtyEight,2020-11-02,2020-11-02,2020-11-02,,,Donald Trump,R,48.6%,False,"until November 2, 2020"
2020,State,Texas,TX,,General,Morning Consult,2020-05-27 to 2020-06-05,2020-05-27,2020-06-05,,,Donald Trump,R,48%,False,"May 27 – Jun 5, 2020"
2020,State,Texas,TX,,General,Quinnipiac,2020-05-28 to 2020-06-01,2020-05-28,2020-06-01,"1,166 (RV)",2.9,Donald Trump,R,44%,False,"May 28 – Jun 1, 2020"
2020,State,Texas,TX,,General,Morning Consult,2020-05-17 to 2020-05-26,2020-05-17,2020-05-26,"2,551 (LV)",,Donald Trump,R,50%,False,"May 17–26, 2020"
2020,State,Texas,TX,,General,Morning Consult,2020-05-16 to 2020-05-25,2020-05-16,2020-05-25,,,Donald Trump,R,50%,False,"May 16–25, 2020"
2020,State,Texas,TX,,General,Morning Consult,2020-05-06 to 2020-05-15,2020-05-06,2020-05-15,,,Donald Trump,R,49%,False,"May 6–15, 2020"
2020,State,Texas,TX,,General,Emerson College,2020-05-08 to 2020-05-10,2020-05-08,2020-05-10,800 (RV),3.4,Donald Trump,R,52%,False,"May 8–10, 2020"
2020,State,Texas,TX,,General,Quinnipiac University,2019-05-29 to 2019-06-04,2019-05-29,2019-06-04,"1,159 (RV)",3.4,Donald Trump,R,44%,False,"May 29 – Jun 4, 2019"
2020,State,Texas,TX,,General,Morning Consult,2020-05-27 to 2020-06-05,2020-05-27,2020-06-05,,,Joe Biden,D,43%,False,"May 27 – Jun 5, 2020"
2020,State,Texas,TX,,General,Quinnipiac,2020-05-28 to 2020-06-01,2020-05-28,2020-06-01,"1,166 (RV)",2.9,Joe Biden,D,43%,False,"May 28 – Jun 1, 2020"
2020,State,Texas,TX,,General,Morning Consult,2020-05-17 to 2020-05-26,2020-05-17,2020-05-26,"2,551 (LV)",,Joe Biden,D,43%,False,"May 17–26, 2020"
2020,State,Texas,TX,,General,Morning Consult,2020-05-16 to 2020-05-25,2020-05-16,2020-05-25,,,Joe Biden,D,42%,False,"May 16–25, 2020"
2020,State,Texas,TX,,General,Morning Consult,2020-05-06 to 2020-05-15,2020-05-06,2020-05-15,,,Joe Biden,D,43%,False,"May 6–15, 2020"
2020,State,Texas,TX,,General,Emerson College,2020-05-08 to 2020-05-10,2020-05-08,2020-05-10,800 (RV),3.4,Joe Biden,D,48%,False,"May 8–10, 2020"
2020,State,Texas,TX,,General,Quinnipiac University,2019-05-29 to 2019-06-04,2019-05-29,2019-06-04,"1,159 (RV)",3.4,Joe Biden,D,48%,False,"May 29 – Jun 4, 2019"
2020,State,Texas,TX,Donald Trump vs. Bernie Sanders,General,Quinnipiac University,2019-05-29 to 2019-06-04,2019-05-29,2019-06-04,"1,159 (RV)",3.4,Donald Trump,R,47%,False,"May 29 – Jun 4, 2019"
2020,State,Texas,TX,Donald Trump vs. Bernie Sanders,General,Quinnipiac University,2019-05-29 to 2019-06-04,2019-05-29,2019-06-04,"1,159 (RV)",3.4,Bernie Sanders,D,44%,False,"May 29 – Jun 4, 2019"
2020,State,Texas,TX,Donald Trump vs. Elizabeth Warren,General,Quinnipiac University,2019-05-29 to 2019-06-04,2019-05-29,2019-06-04,"1,159 (RV)",3.4,Donald Trump,R,46%,False,"May 29 – Jun 4, 2019"
2020,State,Texas,TX,Donald Trump vs. Elizabeth Warren,General,Quinnipiac University,2019-05-29 to 2019-06-04,2019-05-29,2019-06-04,"1,159 (RV)",3.4,Elizabeth Warren,D,45%,False,"May 29 – Jun 4, 2019"
2020,State,Texas,TX,Donald Trump vs. Pete Buttigieg,General,Quinnipiac University,2019-05-29 to 2019-06-04,2019-05-29,2019-06-04,"1,159 (RV)",3.4,Pete Buttigieg,D,44%,False,"May 29 – Jun 4, 2019"
2020,State,Texas,TX,Donald Trump vs. Cory Booker,General,Quinnipiac University,2019-05-29 to 2019-06-04,2019-05-29,2019-06-04,"1,159 (RV)",3.4,Julian Castro,D,43%,False,"May 29 – Jun 4, 2019"
2020,State,Texas,TX,Donald Trump vs. Cory Booker,General,Quinnipiac University,2019-05-29 to 2019-06-04,2019-05-29,2019-06-04,"1,159 (RV)",3.4,Kamala Harris,D,43%,False,"May 29 – Jun 4, 2019"
2020,State,Texas,TX,Donald Trump vs. Cory Booker,General,Quinnipiac University,2019-05-29 to 2019-06-04,2019-05-29,2019-06-04,"1,159 (RV)",3.4,Donald Trump,R,48%,False,"May 29 – Jun 4, 2019"
2020,State,Texas,TX,Donald Trump vs. Cory Booker,General,Quinnipiac University,2019-05-29 to 2019-06-04,2019-05-29,2019-06-04,"1,159 (RV)",3.4,Beto O'Rourke,D,45%,False,"May 29 – Jun 4, 2019"
2020,State,Texas,TX,Donald Trump vs. Cory Booker,General,University of Texas,2019-05-31 to 2019-06-09,2019-05-31,2019-06-09,"1,200 (RV)",2.83,Donald Trump,R,50%,False,"May 31–Jun 9, 2019"
2020,State,Texas,TX,Donald Trump vs. Cory Booker,General,University of Texas,2019-05-31 to 2019-06-09,2019-05-31,2019-06-09,"1,200 (RV)",2.83,Generic Opponent,Unknown,50%,False,"May 31–Jun 9, 2019"
2020,State,Utah,UT,,Aggregate,270 to Win,2020-10-23 to 2020-10-31,2020-10-23,2020-10-31,,,Joe Biden,D,41.0%,False,"October 23–31, 2020"
2020,State,Utah,UT,,Aggregate,FiveThirtyEight,2020-11-02,2020-11-02,2020-11-02,,,Joe Biden,D,42.1%,False,"until November 2, 2020"
2020,State,Utah,UT,,Aggregate,270 to Win,2020-10-23 to 2020-10-31,2020-10-23,2020-10-31,,,Donald Trump,R,50.5%,False,"October 23–31, 2020"
2020,State,Utah,UT,,Aggregate,FiveThirtyEight,2020-11-02,2020-11-02,2020-11-02,,,Donald Trump,R,51.9%,False,"until November 2, 2020"
2020,State,Utah,UT,,General,Y2 Analytics,2020-05-09 to 2020-05-15,2020-05-09,2020-05-15,"1,099 (LV)",3.0,Donald Trump,R,44%,False,"May 9–15, 2020"
2020,State,Utah,UT,,General,Y2 Analytics,2020-05-09 to 2020-05-15,2020-05-09,2020-05-15,"1,099 (LV)",3.0,Joe Biden,D,41%,False,"May 9–15, 2020"
2020,State,Vermont,VT,,Aggregate,FiveThirtyEight,2020-11-02,2020-11-02,2020-11-02,,,Joe Biden,D,66.5%,False,"until November 2, 2020"
2020,State,Vermont,VT,,Aggregate,FiveThirtyEight,2020-11-02,2020-11-02,2020-11-02,,,Donald Trump,R,27.8%,False,"until November 2, 2020"
2020,State,Virginia,VA,,Aggregate,270 to Win,2020-10-15 to 2020-10-31,2020-10-15,2020-10-31,,,Joe Biden,D,52.8%,False,"October 15–31, 2020"
2020,State,Virginia,VA,,Aggregate,Real Clear Politics,2020-08-28 to 2020-10-12,2020-08-28,2020-10-12,,,Joe Biden,D,51.7%,False,"August 28 – October 12, 2020"
2020,State,Virginia,VA,,Aggregate,FiveThirtyEight,2020-11-02,2020-11-02,2020-11-02,,,Joe Biden,D,53.7%,False,"until November 2, 2020"
2020,State,Virginia,VA,,Aggregate,270 to Win,2020-10-15 to 2020-10-31,2020-10-15,2020-10-31,,,Donald Trump,R,41.0%,False,"October 15–31, 2020"
2020,State,Virginia,VA,,Aggregate,Real Clear Politics,2020-08-28 to 2020-10-12,2020-08-28,2020-10-12,,,Donald Trump,R,40.3%,False,"August 28 – October 12, 2020"
2020,State,Virginia,VA,,Aggregate,FiveThirtyEight,2020-11-02,2020-11-02,2020-11-02,,,Donald Trump,R,41.9%,False,"until November 2, 2020"
2020,State,Virginia,VA,,General,Morning Consult,2020-05-17 to 2020-05-26,2020-05-17,2020-05-26,"1,148 (LV)",,Donald Trump,R,42%,False,"May 17–26, 2020"
2020,State,Virginia,VA,,General,Roanoke College,2020-05-03 to 2020-05-16,2020-05-03,2020-05-16,563 (LV),4.1,Donald Trump,R,39%,False,"May 3–16, 2020"
2020,State,Virginia,VA,,General,Morning Consult,2020-05-17 to 2020-05-26,2020-05-17,2020-05-26,"1,148 (LV)",,Joe Biden,D,52%,False,"May 17–26, 2020"
2020,State,Virginia,VA,,General,Roanoke College,2020-05-03 to 2020-05-16,2020-05-03,2020-05-16,563 (LV),4.1,Joe Biden,D,51%,False,"May 3–16, 2020"
2020,State,Washington,WA,,Aggregate,270 to Win,2020-10-08 to 2020-10-15,2020-10-08,2020-10-15,,,Joe Biden,D,57.5%,False,"October 8–15, 2020"
2020,State,Washington,WA,,Aggregate,FiveThirtyEight,2020-11-02,2020-11-02,2020-11-02,,,Joe Biden,D,59.4%,False,"until November 2, 2020"
2020,State,Washington,WA,,Aggregate,270 to Win,2020-10-08 to 2020-10-15,2020-10-08,2020-10-15,,,Donald Trump,R,35.5%,False,"October 8–15, 2020"
2020,State,Washington,WA,,Aggregate,FiveThirtyEight,2020-11-02,2020-11-02,2020-11-02,,,Donald Trump,R,36.4%,False,"until November 2, 2020"
2020,State,Washington,WA,,General,Public Policy Polling,2020-05-19 to 2020-05-20,2020-05-19,2020-05-20,"1,070 (LV)",3.0,Donald Trump,R,37%,False,"May 19–20, 2020"
2020,State,Washington,WA,,General,SurveyUSA,2020-05-16 to 2020-05-19,2020-05-16,2020-05-19,530 (LV),5.5,Donald Trump,R,31%,False,"May 16–19, 2020"
2020,State,Washington,WA,,General,Public Policy Polling,2020-05-19 to 2020-05-20,2020-05-19,2020-05-20,"1,070 (LV)",3.0,Joe Biden,D,59%,False,"May 19–20, 2020"
2020,State,Washington,WA,,General,SurveyUSA,2020-05-16 to 2020-05-19,2020-05-16,2020-05-19,530 (LV),5.5,Joe Biden,D,57%,False,"May 16–19, 2020"
2020,State,Washington,WA,Donald Trump vs. Elizabeth Warren,General,Public Policy Polling,2019-05-21 to 2019-05-22,2019-05-21,2019-05-22,886 (LV),3.3,Donald Trump,R,34%,False,"May 21–22, 2019"
2020,State,Washington,WA,Donald Trump vs. Elizabeth Warren,General,Public Policy Polling,2019-05-21 to 2019-05-22,2019-05-21,2019-05-22,886 (LV),3.3,Generic,D,59%,False,"May 21–22, 2019"
2020,State,West Virginia,WV,,Aggregate,270 to Win,2020-10-13 to 2020-10-23,2020-10-13,2020-10-23,,,Joe Biden,D,38.5%,False,"October 13–23, 2020"
2020,State,West Virginia,WV,,Aggregate,FiveThirtyEight,2020-11-02,2020-11-02,2020-11-02,,,Joe Biden,D,33.5%,False,"until November 2, 2020"
2020,State,West Virginia,WV,,Aggregate,270 to Win,2020-10-13 to 2020-10-23,2020-10-13,2020-10-23,,,Donald Trump,R,55.5%,False,"October 13–23, 2020"
2020,State,West Virginia,WV,,Aggregate,FiveThirtyEight,2020-11-02,2020-11-02,2020-11-02,,,Donald Trump,R,62.1%,False,"until November 2, 2020"
2020,State,Wisconsin,WI,,Aggregate,270 to Win,2020-11-01 to 2020-11-02,2020-11-01,2020-11-02,,,Donald Trump,R,42.8%,False,"November 1–2, 2020"
2020,State,Wisconsin,WI,,Aggregate,Real Clear Politics,2020-10-21 to 2020-11-01,2020-10-21,2020-11-01,,,Donald Trump,R,44.3%,False,"October 21 – November 1, 2020"
2020,State,Wisconsin,WI,,Aggregate,FiveThirtyEight,2020-11-02,2020-11-02,2020-11-02,,,Donald Trump,R,43.7%,False,"until November 2, 2020"
2020,State,Wisconsin,WI,,Aggregate,270 to Win,2020-11-01 to 2020-11-02,2020-11-01,2020-11-02,,,Joe Biden,D,52.0%,False,"November 1–2, 2020"
2020,State,Wisconsin,WI,,Aggregate,Real Clear Politics,2020-10-21 to 2020-11-01,2020-10-21,2020-11-01,,,Joe Biden,D,51.0%,False,"October 21 – November 1, 2020"
2020,State,Wisconsin,WI,,Aggregate,FiveThirtyEight,2020-11-02,2020-11-02,2020-11-02,,,Joe Biden,D,52.1%,False,"until November 2, 2020"
2020,State,Wisconsin,WI,,General,Morning Consult,2020-05-26 to 2020-06-04,2020-05-26,2020-06-04,797 (LV),3.5,Donald Trump,R,44%,False,May 26 – Jun 4
2020,State,Wisconsin,WI,,General,Fox News,2020-05-30 to 2020-06-02,2020-05-30,2020-06-02,801 (RV),3.5,Donald Trump,R,40%,False,May 30 – Jun 2
2020,State,Wisconsin,WI,,General,Change Research,2020-05-29 to 2020-05-31,2020-05-29,2020-05-31,382 (LV),,Donald Trump,R,45%,False,May 29–31
2020,State,Wisconsin,WI,,General,Morning Consult,2020-05-16 to 2020-05-25,2020-05-16,2020-05-25,797 (LV),3.5,Donald Trump,R,44%,False,May 16–25
2020,State,Wisconsin,WI,,General,Morning Consult,2020-05-06 to 2020-05-15,2020-05-06,2020-05-15,797 (LV),3.5,Donald Trump,R,42%,False,May 6–15
2020,State,Wisconsin,WI,,General,Redfield & Wilton,2020-05-10 to 2020-05-14,2020-05-10,2020-05-14,875 (LV),3.3,Donald Trump,R,38%,False,May 10–14
2020,State,Wisconsin,WI,,General,Hodas & Associates,2020-05-06 to 2020-05-08,2020-05-06,2020-05-08,600 (LV),3.0,Donald Trump,R,42%,False,May 6–8
2020,State,Wisconsin,WI,,General,Marquette Law School,2020-05-03 to 2020-05-07,2020-05-03,2020-05-07,650 (LV),,Donald Trump,R,45%,False,May 3–7
2020,State,Wisconsin,WI,,General,Morning Consult,2020-04-26 to 2020-05-05,2020-04-26,2020-05-05,797 (LV),3.5,Donald Trump,R,43%,False,Apr 26 – May 5
2020,State,Wisconsin,WI,,General,Morning Consult,2020-05-26 to 2020-06-04,2020-05-26,2020-06-04,797 (LV),3.5,Joe Biden,D,48%,False,May 26 – Jun 4
2020,State,Wisconsin,WI,,General,Fox News,2020-05-30 to 2020-06-02,2020-05-30,2020-06-02,801 (RV),3.5,Joe Biden,D,49%,False,May 30 – Jun 2
2020,State,Wisconsin,WI,,General,Change Research,2020-05-29 to 2020-05-31,2020-05-29,2020-05-31,382 (LV),,Joe Biden,D,45%,False,May 29–31
2020,State,Wisconsin,WI,,General,Morning Consult,2020-05-16 to 2020-05-25,2020-05-16,2020-05-25,797 (LV),3.5,Joe Biden,D,48%,False,May 16–25
2020,State,Wisconsin,WI,,General,Morning Consult,2020-05-06 to 2020-05-15,2020-05-06,2020-05-15,797 (LV),3.5,Joe Biden,D,49%,False,May 6–15
2020,State,Wisconsin,WI,,General,Redfield & Wilton,2020-05-10 to 2020-05-14,2020-05-10,2020-05-14,875 (LV),3.3,Joe Biden,D,48%,False,May 10–14
2020,State,Wisconsin,WI,,General,Hodas & Associates,2020-05-06 to 2020-05-08,2020-05-06,2020-05-08,600 (LV),3.0,Joe Biden,D,51%,False,May 6–8
2020,State,Wisconsin,WI,,General,Marquette Law School,2020-05-03 to 2020-05-07,2020-05-03,2020-05-07,650 (LV),,Joe Biden,D,49%,False,May 3–7
2020,State,Wisconsin,WI,,General,Morning Consult,2020-04-26 to 2020-05-05,2020-04-26,2020-05-05,797 (LV),3.5,Joe Biden,D,49%,False,Apr 26 – May 5
2020,State,Wyoming,WY,,Aggregate,270 to Win,2020-01-10,2020-01-10,2020-01-10,,,Joe Biden,D,34%,False,"January 10, 2020"
2020,State,Wyoming,WY,,Aggregate,FiveThirtyEight,2020-11-03,2020-11-03,2020-11-03,,,Joe Biden,D,30.8%,False,"November 3, 2020"
2020,State,Wyoming,WY,,Aggregate,270 to Win,2020-01-10,2020-01-10,2020-01-10,,,Donald Trump,R,65%,False,"January 10, 2020"
2020,State,Wyoming,WY,,Aggregate,FiveThirtyEight,2020-11-03,2020-11-03,2020-11-03,,,Donald Trump,R,62.3%,False,"November 3, 2020"
2020,State,District of Columbia,DC,,Aggregate,FiveThirtyEight,2020-11-02,2020-11-02,2020-11-02,,,Joe Biden,D,90.8%,False,"until November 2, 2020"
2020,State,District of Columbia,DC,,Aggregate,FiveThirtyEight,2020-11-02,2020-11-02,2020-11-02,,,Donald Trump,R,5.8%,False,"until November 2, 2020"
