Year,State,Primary_Type,Poll_Source,Date,Date_Start,Date_End,Sample,MoE,Candidate,Party,Pct,Incumbent,Date_Original
2016,Alabama,Republican Primary,Thomas Partners Strategies (R-McConnell),2016-01-29 to 2016-01-30,2016-01-29,2016-01-30,"1,299",2.7,Marcus Bowman,R,1%,False,"January 29–30, 2016"
2016,Alabama,Republican Primary,McLaughlin & Associates (R-Shelby),2016-01-25 to 2016-01-26,2016-01-25,2016-01-26,600,4.0,Marcus Bowman,R,1%,False,"January 25–26, 2016"
2016,Alabama,Republican Primary,Thomas Partners Strategies (R-McConnell),2015-12,2015-12-01,2015-12-31,,,Marcus Bowman,R,1%,False,December 2015
2016,Alabama,Republican Primary,McLaughlin & Associates (R-Shelby),2015-11,2015-11-01,2015-11-30,,,Marcus Bowman,R,1%,False,November 2015
2016,Alabama,Republican Primary,Thomas Partners Strategies (R-McConnell),2016-01-29 to 2016-01-30,2016-01-29,2016-01-30,"1,299",2.7,John Martin,R,1%,False,"January 29–30, 2016"
2016,Alabama,Republican Primary,McLaughlin & Associates (R-Shelby),2016-01-25 to 2016-01-26,2016-01-25,2016-01-26,600,4.0,John Martin,R,1%,False,"January 25–26, 2016"
2016,Alabama,Republican Primary,Thomas Partners Strategies (R-McConnell),2015-12,2015-12-01,2015-12-31,,,John Martin,R,2%,False,December 2015
2016,Alabama,Republican Primary,McLaughlin & Associates (R-Shelby),2015-11,2015-11-01,2015-11-30,,,John Martin,R,2%,False,November 2015
2016,Alabama,Republican Primary,Thomas Partners Strategies (R-McConnell),2016-01-29 to 2016-01-30,2016-01-29,2016-01-30,"1,299",2.7,Shadrack McGill,R,2%,False,"January 29–30, 2016"
2016,Alabama,Republican Primary,McLaughlin & Associates (R-Shelby),2016-01-25 to 2016-01-26,2016-01-25,2016-01-26,600,4.0,Shadrack McGill,R,1%,False,"January 25–26, 2016"
2016,Alabama,Republican Primary,Thomas Partners Strategies (R-McConnell),2015-12,2015-12-01,2015-12-31,,,Shadrack McGill,R,3%,False,December 2015
2016,Alabama,Republican Primary,McLaughlin & Associates (R-Shelby),2015-11,2015-11-01,2015-11-30,,,Shadrack McGill,R,1%,False,November 2015
2016,Alabama,Republican Primary,Thomas Partners Strategies (R-McConnell),2016-01-29 to 2016-01-30,2016-01-29,2016-01-30,"1,299",2.7,Jonathan McConnell,R,25%,False,"January 29–30, 2016"
2016,Alabama,Republican Primary,McLaughlin & Associates (R-Shelby),2016-01-25 to 2016-01-26,2016-01-25,2016-01-26,600,4.0,Jonathan McConnell,R,9%,False,"January 25–26, 2016"
2016,Alabama,Republican Primary,Thomas Partners Strategies (R-McConnell),2015-12,2015-12-01,2015-12-31,,,Jonathan McConnell,R,15%,False,December 2015
2016,Alabama,Republican Primary,McLaughlin & Associates (R-Shelby),2015-11,2015-11-01,2015-11-30,,,Jonathan McConnell,R,5%,False,November 2015
2016,Alabama,Republican Primary,Thomas Partners Strategies (R-McConnell),2016-01-29 to 2016-01-30,2016-01-29,2016-01-30,"1,299",2.7,Richard Shelby,R,55%,True,"January 29–30, 2016"
2016,Alabama,Republican Primary,McLaughlin & Associates (R-Shelby),2016-01-25 to 2016-01-26,2016-01-25,2016-01-26,600,4.0,Richard Shelby,R,75%,True,"January 25–26, 2016"
2016,Alabama,Republican Primary,Thomas Partners Strategies (R-McConnell),2015-12,2015-12-01,2015-12-31,,,Richard Shelby,R,64%,True,December 2015
2016,Alabama,Republican Primary,McLaughlin & Associates (R-Shelby),2015-11,2015-11-01,2015-11-30,,,Richard Shelby,R,71%,True,November 2015
2016,Alabama,Republican Primary,Thomas Partners Strategies (R-McConnell),2015-10,2015-10-01,2015-10-31,,,Richard Shelby,R,53%,True,October 2015
2016,Alabama,Republican Primary,Thomas Partners Strategies (R-McConnell),2016-01-29 to 2016-01-30,2016-01-29,2016-01-30,"1,299",2.7,Someone Else,R,29%,False,"January 29–30, 2016"
2016,Alabama,Republican Primary,Thomas Partners Strategies (R-McConnell),2015-12,2015-12-01,2015-12-31,,,Someone Else,R,15%,False,December 2015
2016,Alabama,Republican Primary,Thomas Partners Strategies (R-McConnell),2015-10,2015-10-01,2015-10-31,,,Someone Else,R,22%,False,October 2015
2016,Arizona,Republican Primary,Public Policy Polling,2015-05-01 to 2015-05-03,2015-05-01,2015-05-03,300,5.7,John McCain,R,44%,True,"May 1–3, 2015"
2016,Arizona,Republican Primary,Behavior Research Center,2015-10-24 to 2015-11-05,2015-10-24,2015-11-05,577,4.7,John McCain,R,41%,True,"October 24 – November 5, 2015"
2016,Arizona,Republican Primary,Behavior Research Center,2016-01-06 to 2016-01-17,2016-01-06,2016-01-17,398,4.1,John McCain,R,47%,True,"January 6–17, 2016"
2016,Arizona,Republican Primary,Public Policy Polling,2016-05-13 to 2016-05-15,2016-05-13,2016-05-15,443,4.7,John McCain,R,39%,True,"May 13–15, 2016"
2016,Arizona,Republican Primary,NMB Research,2016-07-11,2016-07-11,2016-07-11,500,4.38,John McCain,R,47%,True,"July 11, 2016"
2016,Arizona,Republican Primary,Data Orbital LLC,2016-08-11,2016-08-11,2016-08-11,500,4.38,John McCain,R,50%,True,"August 11, 2016"
2016,Arizona,Republican Primary,CNN,2016-08-18 to 2016-08-23,2016-08-18,2016-08-23,413,5.0,John McCain,R,55%,True,"August 18–23, 2016"
2016,Arizona,Republican Primary,The Polling Company,2014-04-11 to 2014-04-12,2014-04-11,2014-04-12,600,4.1,John McCain,R,29%,True,"April 11–12, 2014"
2016,Arizona,Republican Primary,Public Policy Polling,2015-05-01 to 2015-05-03,2015-05-01,2015-05-03,300,5.7,John McCain,R,48%,True,"May 1–3, 2015"
2016,Arizona,Republican Primary,The Polling Company,2014-04-11 to 2014-04-12,2014-04-11,2014-04-12,600,4.1,John McCain,R,30.3%,True,"April 11–12, 2014"
2016,Arizona,Republican Primary,Public Policy Polling,2015-05-01 to 2015-05-03,2015-05-01,2015-05-03,300,5.7,John McCain,R,42%,True,"May 1–3, 2015"
2016,Arizona,Republican Primary,The Polling Company,2014-04-11 to 2014-04-12,2014-04-11,2014-04-12,600,4.1,John McCain,R,33.9%,True,"April 11–12, 2014"
2016,Arizona,Republican Primary,Public Policy Polling,2015-05-01 to 2015-05-03,2015-05-01,2015-05-03,300,5.7,John McCain,R,40%,True,"May 1–3, 2015"
2016,Arizona,Republican Primary,The Polling Company,2014-04-11 to 2014-04-12,2014-04-11,2014-04-12,600,4.1,John McCain,R,30.5%,True,"April 11–12, 2014"
2016,Arizona,Republican Primary,Public Policy Polling,2015-05-01 to 2015-05-03,2015-05-01,2015-05-03,300,5.7,John McCain,R,37%,True,"May 1–3, 2015"
2016,Arizona,Republican Primary,Public Policy Polling,2015-05-01 to 2015-05-03,2015-05-01,2015-05-03,300,5.7,Kelli Ward,R,31%,False,"May 1–3, 2015"
2016,Arizona,Republican Primary,Behavior Research Center,2015-10-24 to 2015-11-05,2015-10-24,2015-11-05,577,4.7,Kelli Ward,R,11%,False,"October 24 – November 5, 2015"
2016,Arizona,Republican Primary,Behavior Research Center,2016-01-06 to 2016-01-17,2016-01-06,2016-01-17,398,4.1,Kelli Ward,R,11%,False,"January 6–17, 2016"
2016,Arizona,Republican Primary,Public Policy Polling,2016-05-13 to 2016-05-15,2016-05-13,2016-05-15,443,4.7,Kelli Ward,R,26%,False,"May 13–15, 2016"
2016,Arizona,Republican Primary,NMB Research,2016-07-11,2016-07-11,2016-07-11,500,4.38,Kelli Ward,R,22%,False,"July 11, 2016"
2016,Arizona,Republican Primary,Data Orbital LLC,2016-08-11,2016-08-11,2016-08-11,500,4.38,Kelli Ward,R,29%,False,"August 11, 2016"
2016,Arizona,Republican Primary,CNN,2016-08-18 to 2016-08-23,2016-08-18,2016-08-23,413,5.0,Kelli Ward,R,29%,False,"August 18–23, 2016"
2016,Arizona,Republican Primary,Behavior Research Center,2015-10-24 to 2015-11-05,2015-10-24,2015-11-05,577,4.7,Clair Van Steenwyk,R,2%,False,"October 24 – November 5, 2015"
2016,Arizona,Republican Primary,Behavior Research Center,2016-01-06 to 2016-01-17,2016-01-06,2016-01-17,398,4.1,Clair Van Steenwyk,R,1%,False,"January 6–17, 2016"
2016,Arizona,Republican Primary,Public Policy Polling,2016-05-13 to 2016-05-15,2016-05-13,2016-05-15,443,4.7,Clair Van Steenwyk,R,2%,False,"May 13–15, 2016"
2016,Arizona,Republican Primary,NMB Research,2016-07-11,2016-07-11,2016-07-11,500,4.38,Clair Van Steenwyk,R,2%,False,"July 11, 2016"
2016,Arizona,Republican Primary,CNN,2016-08-18 to 2016-08-23,2016-08-18,2016-08-23,413,5.0,Clair Van Steenwyk,R,4%,False,"August 18–23, 2016"
2016,Arizona,Republican Primary,Behavior Research Center,2015-10-24 to 2015-11-05,2015-10-24,2015-11-05,577,4.7,Alex Meluskey,R,1%,False,"October 24 – November 5, 2015"
2016,Arizona,Republican Primary,Behavior Research Center,2016-01-06 to 2016-01-17,2016-01-06,2016-01-17,398,4.1,Alex Meluskey,R,1%,False,"January 6–17, 2016"
2016,Arizona,Republican Primary,Public Policy Polling,2016-05-13 to 2016-05-15,2016-05-13,2016-05-15,443,4.7,Alex Meluskey,R,4%,False,"May 13–15, 2016"
2016,Arizona,Republican Primary,NMB Research,2016-07-11,2016-07-11,2016-07-11,500,4.38,Alex Meluskey,R,6%,False,"July 11, 2016"
2016,Arizona,Republican Primary,The Polling Company,2014-04-11 to 2014-04-12,2014-04-11,2014-04-12,600,4.1,Jan Brewer,R,47.7%,False,"April 11–12, 2014"
2016,Arizona,Republican Primary,Public Policy Polling,2015-05-01 to 2015-05-03,2015-05-01,2015-05-03,300,5.7,Christine Jones,R,27%,False,"May 1–3, 2015"
2016,Arizona,Republican Primary,The Polling Company,2014-04-11 to 2014-04-12,2014-04-11,2014-04-12,600,4.1,Matt Salmon,R,48.2%,False,"April 11–12, 2014"
2016,Arizona,Republican Primary,Public Policy Polling,2015-05-01 to 2015-05-03,2015-05-01,2015-05-03,300,5.7,Matt Salmon,R,40%,False,"May 1–3, 2015"
2016,Arizona,Republican Primary,The Polling Company,2014-04-11 to 2014-04-12,2014-04-11,2014-04-12,600,4.1,David Schweikert,R,40.1%,False,"April 11–12, 2014"
2016,Arizona,Republican Primary,Public Policy Polling,2015-05-01 to 2015-05-03,2015-05-01,2015-05-03,300,5.7,David Schweikert,R,39%,False,"May 1–3, 2015"
2016,Arizona,Republican Primary,The Polling Company,2014-04-11 to 2014-04-12,2014-04-11,2014-04-12,600,4.1,A different Republican,R,60.7%,False,"April 11–12, 2014"
2016,Arizona,Republican Primary,Public Policy Polling,2015-05-01 to 2015-05-03,2015-05-01,2015-05-03,300,5.7,Someone more conservative,R,51%,False,"May 1–3, 2015"
2016,Arkansas,Republican Primary,Talk Business,2016-02-04,2016-02-04,2016-02-04,457,4.6,John Boozman,R,68%,True,"February 4, 2016"
2016,Arkansas,Republican Primary,Talk Business,2016-02-04,2016-02-04,2016-02-04,457,4.6,Curtis Coleman,R,23%,False,"February 4, 2016"
2016,California,jungle,Marist College,2016-05-29 to 2016-05-31,2016-05-29,2016-05-31,"2,485",2.3,Tom Del Beccaro,R,8%,False,"May 29–31, 2016"
2016,California,jungle,The Field Poll,2016-05-26 to 2016-05-31,2016-05-26,2016-05-31,"1,002",3.1,Tom Del Beccaro,R,4%,False,"May 26–31, 2016"
2016,California,jungle,Public Policy Institute of California,2016-05-13 to 2016-05-22,2016-05-13,2016-05-22,996,4.3,Tom Del Beccaro,R,8%,False,"May 13–22, 2016"
2016,California,jungle,SurveyUSA,2016-05-19 to 2016-05-22,2016-05-19,2016-05-22,"1,416",2.7,Tom Del Beccaro,R,9%,False,"May 19–22, 2016"
2016,California,jungle,Hoover Institution,2016-05-04 to 2016-05-16,2016-05-04,2016-05-16,"1,196",,Tom Del Beccaro,R,6%,False,"May 4–16, 2016"
2016,California,jungle,SurveyUSA,2016-04-27 to 2016-04-30,2016-04-27,2016-04-30,"2,400",2.6,Tom Del Beccaro,R,10%,False,"April 27–30, 2016"
2016,California,jungle,SurveyUSA,2016-03-30 to 2016-04-03,2016-03-30,2016-04-03,"1,269",2.8,Tom Del Beccaro,R,8%,False,"March 30 – April 3, 2016"
2016,California,jungle,The Field Poll,2016-03-24 to 2016-04-04,2016-03-24,2016-04-04,"1,400",3.2,Tom Del Beccaro,R,4%,False,"March 24 – April 4, 2016"
2016,California,jungle,Los Angeles Times,2016-03-16 to 2016-03-23,2016-03-16,2016-03-23,691,,Tom Del Beccaro,R,10%,False,"March 16–23, 2016"
2016,California,jungle,Public Policy Institute of California,2016-03-06 to 2016-03-15,2016-03-06,2016-03-15,"1,710",3.6,Tom Del Beccaro,R,9%,False,"March 6–15, 2016"
2016,California,jungle,The Field Poll,2015-12-15 to 2016-01-03,2015-12-15,2016-01-03,730,3.6,Tom Del Beccaro,R,3%,False,"December 15, 2015 – January 3, 2016"
2016,California,jungle,The Field Poll,2015-09-17 to 2015-10-04,2015-09-17,2015-10-04,694,4.3,Tom Del Beccaro,R,6%,False,"September 17 – October 4, 2015"
2016,California,jungle,Los Angeles Times,2015-08-29 to 2015-09-08,2015-08-29,2015-09-08,"1,500",2.8,Tom Del Beccaro,R,10%,False,"August 29 – September 8, 2015"
2016,California,jungle,The Field Poll,2015-04-23 to 2015-05-16,2015-04-23,2015-05-16,801,3.5,Tom Del Beccaro,R,5%,False,"April 23 – May 16, 2015"
2016,California,jungle,Marist College,2016-05-29 to 2016-05-31,2016-05-29,2016-05-31,"2,485",2.3,Kamala Harris,D,37%,False,"May 29–31, 2016"
2016,California,jungle,The Field Poll,2016-05-26 to 2016-05-31,2016-05-26,2016-05-31,"1,002",3.1,Kamala Harris,D,30%,False,"May 26–31, 2016"
2016,California,jungle,Public Policy Institute of California,2016-05-13 to 2016-05-22,2016-05-13,2016-05-22,996,4.3,Kamala Harris,D,27%,False,"May 13–22, 2016"
2016,California,jungle,SurveyUSA,2016-05-19 to 2016-05-22,2016-05-19,2016-05-22,"1,416",2.7,Kamala Harris,D,31%,False,"May 19–22, 2016"
2016,California,jungle,Hoover Institution,2016-05-04 to 2016-05-16,2016-05-04,2016-05-16,"1,196",,Kamala Harris,D,26%,False,"May 4–16, 2016"
2016,California,jungle,SurveyUSA,2016-04-27 to 2016-04-30,2016-04-27,2016-04-30,"2,400",2.6,Kamala Harris,D,29%,False,"April 27–30, 2016"
2016,California,jungle,SurveyUSA,2016-03-30 to 2016-04-03,2016-03-30,2016-04-03,"1,269",2.8,Kamala Harris,D,26%,False,"March 30 – April 3, 2016"
2016,California,jungle,The Field Poll,2016-03-24 to 2016-04-04,2016-03-24,2016-04-04,"1,400",3.2,Kamala Harris,D,27%,False,"March 24 – April 4, 2016"
2016,California,jungle,Los Angeles Times,2016-03-16 to 2016-03-23,2016-03-16,2016-03-23,691,,Kamala Harris,D,33%,False,"March 16–23, 2016"
2016,California,jungle,Public Policy Institute of California,2016-03-06 to 2016-03-15,2016-03-06,2016-03-15,"1,710",3.6,Kamala Harris,D,26%,False,"March 6–15, 2016"
2016,California,jungle,The Field Poll,2015-12-15 to 2016-01-03,2015-12-15,2016-01-03,730,3.6,Kamala Harris,D,27%,False,"December 15, 2015 – January 3, 2016"
2016,California,jungle,The Field Poll,2015-09-17 to 2015-10-04,2015-09-17,2015-10-04,694,4.3,Kamala Harris,D,30%,False,"September 17 – October 4, 2015"
2016,California,jungle,Los Angeles Times,2015-08-29 to 2015-09-08,2015-08-29,2015-09-08,"1,500",2.8,Kamala Harris,D,26%,False,"August 29 – September 8, 2015"
2016,California,jungle,The Field Poll,2015-04-23 to 2015-05-16,2015-04-23,2015-05-16,801,3.5,Kamala Harris,D,19%,False,"April 23 – May 16, 2015"
2016,California,jungle,Emerson College,2015-04-02 to 2015-04-08,2015-04-02,2015-04-08,881,3.2,Kamala Harris,D,23%,False,"April 2–8, 2015"
2016,California,jungle,USC,2015-02-18 to 2015-02-24,2015-02-18,2015-02-24,"1,505",2.7,Kamala Harris,D,28%,False,"February 18–24, 2015"
2016,California,jungle,Public Policy Polling (D),2015-02-06 to 2015-02-08,2015-02-06,2015-02-08,824,,Kamala Harris,D,34%,False,"February 6–8, 2015"
2016,California,jungle,Garin-Hart-Yang Research,2015-01-27 to 2015-01-29,2015-01-27,2015-01-29,600,4.0,Kamala Harris,D,28%,False,"January 27–29, 2015"
2016,California,jungle,Public Policy Polling (D),2015-01-22,2015-01-22,2015-01-22,627,,Kamala Harris,D,34%,False,"January 22, 2015"
2016,California,jungle,Marist College,2016-05-29 to 2016-05-31,2016-05-29,2016-05-31,"2,485",2.3,Loretta Sánchez,D,19%,False,"May 29–31, 2016"
2016,California,jungle,The Field Poll,2016-05-26 to 2016-05-31,2016-05-26,2016-05-31,"1,002",3.1,Loretta Sánchez,D,14%,False,"May 26–31, 2016"
2016,California,jungle,Public Policy Institute of California,2016-05-13 to 2016-05-22,2016-05-13,2016-05-22,996,4.3,Loretta Sánchez,D,19%,False,"May 13–22, 2016"
2016,California,jungle,SurveyUSA,2016-05-19 to 2016-05-22,2016-05-19,2016-05-22,"1,416",2.7,Loretta Sánchez,D,22%,False,"May 19–22, 2016"
2016,California,jungle,Hoover Institution,2016-05-04 to 2016-05-16,2016-05-04,2016-05-16,"1,196",,Loretta Sánchez,D,13%,False,"May 4–16, 2016"
2016,California,jungle,SurveyUSA,2016-04-27 to 2016-04-30,2016-04-27,2016-04-30,"2,400",2.6,Loretta Sánchez,D,18%,False,"April 27–30, 2016"
2016,California,jungle,SurveyUSA,2016-03-30 to 2016-04-03,2016-03-30,2016-04-03,"1,269",2.8,Loretta Sánchez,D,22%,False,"March 30 – April 3, 2016"
2016,California,jungle,The Field Poll,2016-03-24 to 2016-04-04,2016-03-24,2016-04-04,"1,400",3.2,Loretta Sánchez,D,14%,False,"March 24 – April 4, 2016"
2016,California,jungle,Los Angeles Times,2016-03-16 to 2016-03-23,2016-03-16,2016-03-23,691,,Loretta Sánchez,D,15%,False,"March 16–23, 2016"
2016,California,jungle,Public Policy Institute of California,2016-03-06 to 2016-03-15,2016-03-06,2016-03-15,"1,710",3.6,Loretta Sánchez,D,17%,False,"March 6–15, 2016"
2016,California,jungle,The Field Poll,2015-12-15 to 2016-01-03,2015-12-15,2016-01-03,730,3.6,Loretta Sánchez,D,15%,False,"December 15, 2015 – January 3, 2016"
2016,California,jungle,The Field Poll,2015-09-17 to 2015-10-04,2015-09-17,2015-10-04,694,4.3,Loretta Sánchez,D,17%,False,"September 17 – October 4, 2015"
2016,California,jungle,Los Angeles Times,2015-08-29 to 2015-09-08,2015-08-29,2015-09-08,"1,500",2.8,Loretta Sánchez,D,17%,False,"August 29 – September 8, 2015"
2016,California,jungle,The Field Poll,2015-04-23 to 2015-05-16,2015-04-23,2015-05-16,801,3.5,Loretta Sánchez,D,8%,False,"April 23 – May 16, 2015"
2016,California,jungle,Marist College,2016-05-29 to 2016-05-31,2016-05-29,2016-05-31,"2,485",2.3,Duf Sundheim,R,5%,False,"May 29–31, 2016"
2016,California,jungle,The Field Poll,2016-05-26 to 2016-05-31,2016-05-26,2016-05-31,"1,002",3.1,Duf Sundheim,R,3%,False,"May 26–31, 2016"
2016,California,jungle,Public Policy Institute of California,2016-05-13 to 2016-05-22,2016-05-13,2016-05-22,996,4.3,Duf Sundheim,R,3%,False,"May 13–22, 2016"
2016,California,jungle,SurveyUSA,2016-05-19 to 2016-05-22,2016-05-19,2016-05-22,"1,416",2.7,Duf Sundheim,R,9%,False,"May 19–22, 2016"
2016,California,jungle,Hoover Institution,2016-05-04 to 2016-05-16,2016-05-04,2016-05-16,"1,196",,Duf Sundheim,R,6%,False,"May 4–16, 2016"
2016,California,jungle,SurveyUSA,2016-04-27 to 2016-04-30,2016-04-27,2016-04-30,"2,400",2.6,Duf Sundheim,R,7%,False,"April 27–30, 2016"
2016,California,jungle,SurveyUSA,2016-03-30 to 2016-04-03,2016-03-30,2016-04-03,"1,269",2.8,Duf Sundheim,R,5%,False,"March 30 – April 3, 2016"
2016,California,jungle,The Field Poll,2016-03-24 to 2016-04-04,2016-03-24,2016-04-04,"1,400",3.2,Duf Sundheim,R,2%,False,"March 24 – April 4, 2016"
2016,California,jungle,Los Angeles Times,2016-03-16 to 2016-03-23,2016-03-16,2016-03-23,691,,Duf Sundheim,R,8%,False,"March 16–23, 2016"
2016,California,jungle,Public Policy Institute of California,2016-03-06 to 2016-03-15,2016-03-06,2016-03-15,"1,710",3.6,Duf Sundheim,R,6%,False,"March 6–15, 2016"
2016,California,jungle,The Field Poll,2015-12-15 to 2016-01-03,2015-12-15,2016-01-03,730,3.6,Duf Sundheim,R,3%,False,"December 15, 2015 – January 3, 2016"
2016,California,jungle,The Field Poll,2015-09-17 to 2015-10-04,2015-09-17,2015-10-04,694,4.3,Duf Sundheim,R,3%,False,"September 17 – October 4, 2015"
2016,California,jungle,The Field Poll,2015-04-23 to 2015-05-16,2015-04-23,2015-05-16,801,3.5,Duf Sundheim,R,1%,False,"April 23 – May 16, 2015"
2016,California,jungle,Marist College,2016-05-29 to 2016-05-31,2016-05-29,2016-05-31,"2,485",2.3,Ron Unz,R,5%,False,"May 29–31, 2016"
2016,California,jungle,The Field Poll,2016-05-26 to 2016-05-31,2016-05-26,2016-05-31,"1,002",3.1,Ron Unz,R,3%,False,"May 26–31, 2016"
2016,California,jungle,Public Policy Institute of California,2016-05-13 to 2016-05-22,2016-05-13,2016-05-22,996,4.3,Ron Unz,R,6%,False,"May 13–22, 2016"
2016,California,jungle,SurveyUSA,2016-05-19 to 2016-05-22,2016-05-19,2016-05-22,"1,416",2.7,Ron Unz,R,7%,False,"May 19–22, 2016"
2016,California,jungle,Hoover Institution,2016-05-04 to 2016-05-16,2016-05-04,2016-05-16,"1,196",,Ron Unz,R,6%,False,"May 4–16, 2016"
2016,California,jungle,SurveyUSA,2016-04-27 to 2016-04-30,2016-04-27,2016-04-30,"2,400",2.6,Ron Unz,R,8%,False,"April 27–30, 2016"
2016,California,jungle,The Field Poll,2016-03-24 to 2016-04-04,2016-03-24,2016-04-04,"1,400",3.2,Ron Unz,R,5%,False,"March 24 – April 4, 2016"
2016,California,jungle,Emerson College,2015-04-02 to 2015-04-08,2015-04-02,2015-04-08,881,3.2,Rocky Chavez,R,9%,False,"April 2–8, 2015"
2016,California,jungle,USC,2015-02-18 to 2015-02-24,2015-02-18,2015-02-24,"1,505",2.7,Rocky Chavez,R,6%,False,"February 18–24, 2015"
2016,California,jungle,Public Policy Polling (D),2015-01-22,2015-01-22,2015-01-22,627,,Rocky Chavez,R,2%,False,"January 22, 2015"
2016,California,jungle,Emerson College,2015-04-02 to 2015-04-08,2015-04-02,2015-04-08,881,3.2,David Dreier,R,1%,False,"April 2–8, 2015"
2016,California,jungle,Public Policy Polling (D),2015-02-06 to 2015-02-08,2015-02-06,2015-02-08,824,,David Dreier,R,19%,False,"February 6–8, 2015"
2016,California,jungle,Emerson College,2015-04-02 to 2015-04-08,2015-04-02,2015-04-08,881,3.2,John Estrada,R,1%,False,"April 2–8, 2015"
2016,California,jungle,Emerson College,2015-04-02 to 2015-04-08,2015-04-02,2015-04-08,881,3.2,Adam Schiff,D,2%,False,"April 2–8, 2015"
2016,California,jungle,USC,2015-02-18 to 2015-02-24,2015-02-18,2015-02-24,"1,505",2.7,Adam Schiff,D,5%,False,"February 18–24, 2015"
2016,California,jungle,Public Policy Polling (D),2015-02-06 to 2015-02-08,2015-02-06,2015-02-08,824,,Adam Schiff,D,4%,False,"February 6–8, 2015"
2016,California,jungle,Garin-Hart-Yang Research,2015-01-27 to 2015-01-29,2015-01-27,2015-01-29,600,4.0,Adam Schiff,D,4%,False,"January 27–29, 2015"
2016,California,jungle,Emerson College,2015-04-02 to 2015-04-08,2015-04-02,2015-04-08,881,3.2,Ashley Swearengin,R,4%,False,"April 2–8, 2015"
2016,California,jungle,USC,2015-02-18 to 2015-02-24,2015-02-18,2015-02-24,"1,505",2.7,Ashley Swearengin,R,9%,False,"February 18–24, 2015"
2016,California,jungle,Garin-Hart-Yang Research,2015-01-27 to 2015-01-29,2015-01-27,2015-01-29,600,4.0,Ashley Swearengin,R,31%,False,"January 27–29, 2015"
2016,California,jungle,Emerson College,2015-04-02 to 2015-04-08,2015-04-02,2015-04-08,881,3.2,Meg Whitman,R,13%,False,"April 2–8, 2015"
2016,California,jungle,Emerson College,2015-04-02 to 2015-04-08,2015-04-02,2015-04-08,881,3.2,Unde- cided,Unknown,41%,False,"April 2–8, 2015"
2016,California,jungle,USC,2015-02-18 to 2015-02-24,2015-02-18,2015-02-24,"1,505",2.7,Del Beccaro/ Sundheim,R,5.5%,False,"February 18–24, 2015"
2016,California,jungle,USC,2015-02-18 to 2015-02-24,2015-02-18,2015-02-24,"1,505",2.7,Antonio Villaraigosa,D,19%,False,"February 18–24, 2015"
2016,California,jungle,Public Policy Polling (D),2015-02-06 to 2015-02-08,2015-02-06,2015-02-08,824,,Antonio Villaraigosa,D,16%,False,"February 6–8, 2015"
2016,California,jungle,Garin-Hart-Yang Research,2015-01-27 to 2015-01-29,2015-01-27,2015-01-29,600,4.0,Antonio Villaraigosa,D,18%,False,"January 27–29, 2015"
2016,California,jungle,Public Policy Polling (D),2015-01-22,2015-01-22,2015-01-22,627,,Antonio Villaraigosa,D,9%,False,"January 22, 2015"
2016,California,jungle,Public Policy Polling (D),2015-02-06 to 2015-02-08,2015-02-06,2015-02-08,824,,Mary Bono,R,14%,False,"February 6–8, 2015"
2016,California,jungle,Public Policy Polling (D),2015-01-22,2015-01-22,2015-01-22,627,,Xavier Becerra,D,3%,False,"January 22, 2015"
2016,California,jungle,Public Policy Polling (D),2015-01-22,2015-01-22,2015-01-22,627,,Condoleezza Rice,R,33%,False,"January 22, 2015"
2016,California,jungle,Public Policy Polling (D),2015-01-22,2015-01-22,2015-01-22,627,,Loretta Sanchez,D,4%,False,"January 22, 2015"
2016,Florida,Republican Primary,Mason-Dixon,2016-08-22 to 2016-08-24,2016-08-22,2016-08-24,400,5.0,Carlos Beruff,R,22%,False,"August 22–24, 2016"
2016,Florida,Republican Primary,Florida Atlantic University,2016-08-19 to 2016-08-22,2016-08-19,2016-08-22,327,5.4,Carlos Beruff,R,8%,False,"August 19–22, 2016"
2016,Florida,Republican Primary,Florida Chamber of Commerce,2016-08-17 to 2016-08-22,2016-08-17,2016-08-22,249,4.0,Carlos Beruff,R,19%,False,"August 17–22, 2016"
2016,Florida,Republican Primary,St. Leo University,2016-08-14 to 2016-08-18,2016-08-14,2016-08-18,479,4.5,Carlos Beruff,R,14%,False,"August 14–18, 2016"
2016,Florida,Republican Primary,Suffolk University,2016-08-01 to 2016-08-03,2016-08-01,2016-08-03,183,4.4,Carlos Beruff,R,12%,False,"August 1–3, 2016"
2016,Florida,Republican Primary,St. Pete Polls,2016-08-02,2016-08-02,2016-08-02,"1,835",2.3,Carlos Beruff,R,22%,False,"August 2, 2016"
2016,Florida,Republican Primary,Bay News 9,2016-06-25 to 2016-06-27,2016-06-25,2016-06-27,555,4.1,Carlos Beruff,R,11%,False,"June 25–27, 2016"
2016,Florida,Republican Primary,Vox Populi Polling (R),2016-06-19 to 2016-06-20,2016-06-19,2016-06-20,487,4.4,Carlos Beruff,R,5%,False,"June 19–20, 2016"
2016,Florida,Republican Primary,St. Leo University,2016-06-10 to 2016-06-16,2016-06-10,2016-06-16,500,7.0,Carlos Beruff,R,4%,False,"June 10–16, 2016"
2016,Florida,Republican Primary,Mason-Dixon,2016-05-31 to 2016-06-02,2016-05-31,2016-06-02,400,5.0,Carlos Beruff,R,17%,False,"May 31–June 2, 2016"
2016,Florida,Republican Primary,News 13,2016-03-04 to 2016-03-06,2016-03-04,2016-03-06,724,3.7,Carlos Beruff,R,1%,False,"March 4–6, 2016"
2016,Florida,Republican Primary,Washington Post,2016-03-02 to 2016-03-05,2016-03-02,2016-03-05,450,5.5,Carlos Beruff,R,0%,False,"March 2–5, 2016"
2016,Florida,Republican Primary,St. Leo University,2016-06-10 to 2016-06-16,2016-06-10,2016-06-16,500,7.0,Ron DeSantis,R,5%,False,"June 10–16, 2016"
2016,Florida,Republican Primary,Mason-Dixon,2016-05-31 to 2016-06-02,2016-05-31,2016-06-02,400,5.0,Ron DeSantis,R,10%,False,"May 31–June 2, 2016"
2016,Florida,Republican Primary,News 13,2016-03-04 to 2016-03-06,2016-03-04,2016-03-06,724,3.7,Ron DeSantis,R,11%,False,"March 4–6, 2016"
2016,Florida,Republican Primary,Washington Post,2016-03-02 to 2016-03-05,2016-03-02,2016-03-05,450,5.5,Ron DeSantis,R,6%,False,"March 2–5, 2016"
2016,Florida,Republican Primary,Public Policy Polling,2016-02-24 to 2016-02-25,2016-02-24,2016-02-25,464,4.6,Ron DeSantis,R,14%,False,"February 24–25, 2016"
2016,Florida,Republican Primary,Florida Atlantic University College of Business,2016-01-15 to 2016-01-18,2016-01-15,2016-01-18,345,5.2,Ron DeSantis,R,8%,False,"January 15–18, 2016"
2016,Florida,Republican Primary,St. Pete Polls,2015-12-14 to 2015-12-15,2015-12-14,2015-12-15,"2,694",1.9,Ron DeSantis,R,18%,False,"December 14–15, 2015"
2016,Florida,Republican Primary,St. Leo University,2015-11-29 to 2015-12-03,2015-11-29,2015-12-03,147,8.0,Ron DeSantis,R,6%,False,"November 29 – December 3, 2015"
2016,Florida,Republican Primary,Public Policy Polling,2015-09-11 to 2015-09-13,2015-09-11,2015-09-13,377,5.1,Ron DeSantis,R,15%,False,"September 11–13, 2015"
2016,Florida,Republican Primary,Mason-Dixon,2015-07-20 to 2015-07-24,2015-07-20,2015-07-24,500,4.5,Ron DeSantis,R,8%,False,"July 20–24, 2015"
2016,Florida,Republican Primary,St. Pete Polls,2015-07-15,2015-07-15,2015-07-15,"1,074",3.0,Ron DeSantis,R,9%,False,"July 15, 2015"
2016,Florida,Republican Primary,Gravis Marketing,2015-06-16 to 2015-06-20,2015-06-16,2015-06-20,729,3.6,Ron DeSantis,R,16%,False,"June 16—20, 2015"
2016,Florida,Republican Primary,St. Leo University,2015-05-25 to 2015-05-31,2015-05-25,2015-05-31,425,4.5,Ron DeSantis,R,6%,False,"May 25–31, 2015"
2016,Florida,Republican Primary,St. Leo University,2016-06-10 to 2016-06-16,2016-06-10,2016-06-16,500,7.0,David Jolly,R,4%,False,"June 10–16, 2016"
2016,Florida,Republican Primary,Mason-Dixon,2016-05-31 to 2016-06-02,2016-05-31,2016-06-02,400,5.0,David Jolly,R,13%,False,"May 31–June 2, 2016"
2016,Florida,Republican Primary,News 13,2016-03-04 to 2016-03-06,2016-03-04,2016-03-06,724,3.7,David Jolly,R,18%,False,"March 4–6, 2016"
2016,Florida,Republican Primary,Washington Post,2016-03-02 to 2016-03-05,2016-03-02,2016-03-05,450,5.5,David Jolly,R,5%,False,"March 2–5, 2016"
2016,Florida,Republican Primary,Public Policy Polling,2016-02-24 to 2016-02-25,2016-02-24,2016-02-25,464,4.6,David Jolly,R,26%,False,"February 24–25, 2016"
2016,Florida,Republican Primary,Florida Atlantic University College of Business,2016-01-15 to 2016-01-18,2016-01-15,2016-01-18,345,5.2,David Jolly,R,28%,False,"January 15–18, 2016"
2016,Florida,Republican Primary,St. Pete Polls,2015-12-14 to 2015-12-15,2015-12-14,2015-12-15,"2,694",1.9,David Jolly,R,21%,False,"December 14–15, 2015"
2016,Florida,Republican Primary,St. Leo University,2015-11-29 to 2015-12-03,2015-11-29,2015-12-03,147,8.0,David Jolly,R,12%,False,"November 29 – December 3, 2015"
2016,Florida,Republican Primary,Public Policy Polling,2015-09-11 to 2015-09-13,2015-09-11,2015-09-13,377,5.1,David Jolly,R,18%,False,"September 11–13, 2015"
2016,Florida,Republican Primary,Mason-Dixon,2015-07-20 to 2015-07-24,2015-07-20,2015-07-24,500,4.5,David Jolly,R,11%,False,"July 20–24, 2015"
2016,Florida,Republican Primary,St. Pete Polls,2015-07-15,2015-07-15,2015-07-15,"1,074",3.0,David Jolly,R,22%,False,"July 15, 2015"
2016,Florida,Republican Primary,St. Leo University,2015-05-25 to 2015-05-31,2015-05-25,2015-05-31,425,4.5,David Jolly,R,6%,False,"May 25–31, 2015"
2016,Florida,Republican Primary,St. Leo University,2016-06-10 to 2016-06-16,2016-06-10,2016-06-16,500,7.0,Ilya Katz,R,1%,False,"June 10–16, 2016"
2016,Florida,Republican Primary,News 13,2016-03-04 to 2016-03-06,2016-03-04,2016-03-06,724,3.7,Ilya Katz,R,4%,False,"March 4–6, 2016"
2016,Florida,Republican Primary,St. Leo University,2015-11-29 to 2015-12-03,2015-11-29,2015-12-03,147,8.0,Ilya Katz,R,4%,False,"November 29 – December 3, 2015"
2016,Florida,Republican Primary,St. Leo University,2016-06-10 to 2016-06-16,2016-06-10,2016-06-16,500,7.0,Carlos López-Cantera,R,3%,False,"June 10–16, 2016"
2016,Florida,Republican Primary,Mason-Dixon,2016-05-31 to 2016-06-02,2016-05-31,2016-06-02,400,5.0,Carlos López-Cantera,R,9%,False,"May 31–June 2, 2016"
2016,Florida,Republican Primary,News 13,2016-03-04 to 2016-03-06,2016-03-04,2016-03-06,724,3.7,Carlos López-Cantera,R,9%,False,"March 4–6, 2016"
2016,Florida,Republican Primary,Washington Post,2016-03-02 to 2016-03-05,2016-03-02,2016-03-05,450,5.5,Carlos López-Cantera,R,6%,False,"March 2–5, 2016"
2016,Florida,Republican Primary,Public Policy Polling,2016-02-24 to 2016-02-25,2016-02-24,2016-02-25,464,4.6,Carlos López-Cantera,R,11%,False,"February 24–25, 2016"
2016,Florida,Republican Primary,Florida Atlantic University College of Business,2016-01-15 to 2016-01-18,2016-01-15,2016-01-18,345,5.2,Carlos López-Cantera,R,8%,False,"January 15–18, 2016"
2016,Florida,Republican Primary,St. Pete Polls,2015-12-14 to 2015-12-15,2015-12-14,2015-12-15,"2,694",1.9,Carlos López-Cantera,R,10%,False,"December 14–15, 2015"
2016,Florida,Republican Primary,St. Leo University,2015-11-29 to 2015-12-03,2015-11-29,2015-12-03,147,8.0,Carlos López-Cantera,R,8%,False,"November 29 – December 3, 2015"
2016,Florida,Republican Primary,Public Policy Polling,2015-09-11 to 2015-09-13,2015-09-11,2015-09-13,377,5.1,Carlos López-Cantera,R,14%,False,"September 11–13, 2015"
2016,Florida,Republican Primary,Mason-Dixon,2015-07-20 to 2015-07-24,2015-07-20,2015-07-24,500,4.5,Carlos López-Cantera,R,7%,False,"July 20–24, 2015"
2016,Florida,Republican Primary,St. Pete Polls,2015-07-15,2015-07-15,2015-07-15,"1,074",3.0,Carlos López-Cantera,R,11%,False,"July 15, 2015"
2016,Florida,Republican Primary,Gravis Marketing,2015-06-16 to 2015-06-20,2015-06-16,2015-06-20,729,3.6,Carlos López-Cantera,R,7%,False,"June 16—20, 2015"
2016,Florida,Republican Primary,St. Leo University,2015-05-25 to 2015-05-31,2015-05-25,2015-05-31,425,4.5,Carlos López-Cantera,R,7%,False,"May 25–31, 2015"
2016,Florida,Republican Primary,Public Policy Polling,2015-03-19 to 2015-03-22,2015-03-19,2015-03-22,425,4.8,Carlos López-Cantera,R,8%,False,"March 19–22, 2015"
2016,Florida,Republican Primary,Mason-Dixon,2016-08-22 to 2016-08-24,2016-08-22,2016-08-24,400,5.0,Marco Rubio,R,61%,True,"August 22–24, 2016"
2016,Florida,Republican Primary,Florida Atlantic University,2016-08-19 to 2016-08-22,2016-08-19,2016-08-22,327,5.4,Marco Rubio,R,69%,True,"August 19–22, 2016"
2016,Florida,Republican Primary,Florida Chamber of Commerce,2016-08-17 to 2016-08-22,2016-08-17,2016-08-22,249,4.0,Marco Rubio,R,68%,True,"August 17–22, 2016"
2016,Florida,Republican Primary,St. Leo University,2016-08-14 to 2016-08-18,2016-08-14,2016-08-18,479,4.5,Marco Rubio,R,68%,True,"August 14–18, 2016"
2016,Florida,Republican Primary,Suffolk University,2016-08-01 to 2016-08-03,2016-08-01,2016-08-03,183,4.4,Marco Rubio,R,62%,True,"August 1–3, 2016"
2016,Florida,Republican Primary,St. Pete Polls,2016-08-02,2016-08-02,2016-08-02,"1,835",2.3,Marco Rubio,R,55%,True,"August 2, 2016"
2016,Florida,Republican Primary,Bay News 9,2016-06-25 to 2016-06-27,2016-06-25,2016-06-27,555,4.1,Marco Rubio,R,63%,True,"June 25–27, 2016"
2016,Florida,Republican Primary,Vox Populi Polling (R),2016-06-19 to 2016-06-20,2016-06-19,2016-06-20,487,4.4,Marco Rubio,R,57%,True,"June 19–20, 2016"
2016,Florida,Republican Primary,St. Leo University,2016-06-10 to 2016-06-16,2016-06-10,2016-06-16,500,7.0,Marco Rubio,R,52%,True,"June 10–16, 2016"
2016,Florida,Republican Primary,Florida Atlantic University,2016-08-19 to 2016-08-22,2016-08-19,2016-08-22,327,5.4,Todd Wilcox,R,5%,False,"August 19–22, 2016"
2016,Florida,Republican Primary,Vox Populi Polling (R),2016-06-19 to 2016-06-20,2016-06-19,2016-06-20,487,4.4,Todd Wilcox,R,4%,False,"June 19–20, 2016"
2016,Florida,Republican Primary,St. Leo University,2016-06-10 to 2016-06-16,2016-06-10,2016-06-16,500,7.0,Todd Wilcox,R,2%,False,"June 10–16, 2016"
2016,Florida,Republican Primary,Mason-Dixon,2016-05-31 to 2016-06-02,2016-05-31,2016-06-02,400,5.0,Todd Wilcox,R,2%,False,"May 31–June 2, 2016"
2016,Florida,Republican Primary,News 13,2016-03-04 to 2016-03-06,2016-03-04,2016-03-06,724,3.7,Todd Wilcox,R,7%,False,"March 4–6, 2016"
2016,Florida,Republican Primary,Washington Post,2016-03-02 to 2016-03-05,2016-03-02,2016-03-05,450,5.5,Todd Wilcox,R,2%,False,"March 2–5, 2016"
2016,Florida,Republican Primary,Public Policy Polling,2016-02-24 to 2016-02-25,2016-02-24,2016-02-25,464,4.6,Todd Wilcox,R,2%,False,"February 24–25, 2016"
2016,Florida,Republican Primary,St. Pete Polls,2015-12-14 to 2015-12-15,2015-12-14,2015-12-15,"2,694",1.9,Todd Wilcox,R,8%,False,"December 14–15, 2015"
2016,Florida,Republican Primary,St. Leo University,2015-11-29 to 2015-12-03,2015-11-29,2015-12-03,147,8.0,Todd Wilcox,R,7%,False,"November 29 – December 3, 2015"
2016,Florida,Republican Primary,Mason-Dixon,2015-07-20 to 2015-07-24,2015-07-20,2015-07-24,500,4.5,Todd Wilcox,R,1%,False,"July 20–24, 2015"
2016,Florida,Republican Primary,News 13,2016-03-04 to 2016-03-06,2016-03-04,2016-03-06,724,3.7,Ben Carson,R,56%,False,"March 4–6, 2016"
2016,Florida,Republican Primary,St. Leo University,2015-05-25 to 2015-05-31,2015-05-25,2015-05-31,425,4.5,Don Gaetz,R,4%,False,"May 25–31, 2015"
2016,Florida,Republican Primary,St. Leo University,2015-05-25 to 2015-05-31,2015-05-25,2015-05-31,425,4.5,George LeMieux,R,3%,False,"May 25–31, 2015"
2016,Florida,Republican Primary,Mason-Dixon,2015-07-20 to 2015-07-24,2015-07-20,2015-07-24,500,4.5,Bill McCollum,R,22%,False,"July 20–24, 2015"
2016,Florida,Republican Primary,Gravis Marketing,2015-06-16 to 2015-06-20,2015-06-16,2015-06-20,729,3.6,Bill McCollum,R,25%,False,"June 16—20, 2015"
2016,Florida,Republican Primary,St. Leo University,2015-05-25 to 2015-05-31,2015-05-25,2015-05-31,425,4.5,Bill McCollum,R,16%,False,"May 25–31, 2015"
2016,Florida,Republican Primary,Mason-Dixon,2015-07-20 to 2015-07-24,2015-07-20,2015-07-24,500,4.5,Jeff Miller,R,6%,False,"July 20–24, 2015"
2016,Florida,Republican Primary,St. Pete Polls,2015-07-15,2015-07-15,2015-07-15,"1,074",3.0,Jeff Miller,R,12%,False,"July 15, 2015"
2016,Florida,Republican Primary,Gravis Marketing,2015-06-16 to 2015-06-20,2015-06-16,2015-06-20,729,3.6,Jeff Miller,R,6%,False,"June 16—20, 2015"
2016,Florida,Republican Primary,St. Leo University,2015-05-25 to 2015-05-31,2015-05-25,2015-05-31,425,4.5,Jeff Miller,R,8%,False,"May 25–31, 2015"
2016,Florida,Republican Primary,Public Policy Polling,2015-03-19 to 2015-03-22,2015-03-19,2015-03-22,425,4.8,Jeff Atwater,R,12%,False,"March 19–22, 2015"
2016,Florida,Republican Primary,Gravis Marketing,2015-02-24 to 2015-02-25,2015-02-24,2015-02-25,513,4.0,Jeff Atwater,R,9%,False,"February 24–25, 2015"
2016,Florida,Republican Primary,Public Policy Polling,2014-09-04 to 2014-09-07,2014-09-04,2014-09-07,818,3.4,Jeff Atwater,R,17%,False,"September 4–7, 2014"
2016,Florida,Republican Primary,Public Policy Polling,2015-03-19 to 2015-03-22,2015-03-19,2015-03-22,425,4.8,Pam Bondi,R,25%,False,"March 19–22, 2015"
2016,Florida,Republican Primary,Gravis Marketing,2015-02-24 to 2015-02-25,2015-02-24,2015-02-25,513,4.0,Pam Bondi,R,36%,False,"February 24–25, 2015"
2016,Florida,Republican Primary,Public Policy Polling,2014-09-04 to 2014-09-07,2014-09-04,2014-09-07,818,3.4,Pam Bondi,R,38%,False,"September 4–7, 2014"
2016,Florida,Republican Primary,Gravis Marketing,2015-02-24 to 2015-02-25,2015-02-24,2015-02-25,513,4.0,Adam Putnam,R,12%,False,"February 24–25, 2015"
2016,Florida,Republican Primary,Public Policy Polling,2014-09-04 to 2014-09-07,2014-09-04,2014-09-07,818,3.4,Adam Putnam,R,16%,False,"September 4–7, 2014"
2016,Florida,Republican Primary,Public Policy Polling,2015-03-19 to 2015-03-22,2015-03-19,2015-03-22,425,4.8,Allen West,R,38%,False,"March 19–22, 2015"
2016,Florida,Democratic Primary,Mason-Dixon,2016-08-22 to 2016-08-24,2016-08-22,2016-08-24,400,5.0,Alan Grayson,D,22%,False,"August 22–24, 2016"
2016,Florida,Democratic Primary,Florida Atlantic University,2016-08-19 to 2016-08-22,2016-08-19,2016-08-22,364,8.0,Alan Grayson,D,7%,False,"August 19–22, 2016"
2016,Florida,Democratic Primary,Florida Chamber of Commerce,2016-08-17 to 2016-08-22,2016-08-17,2016-08-22,258,4.0,Alan Grayson,D,11%,False,"August 17–22, 2016"
2016,Florida,Democratic Primary,St. Leo University,2016-08-14 to 2016-08-18,2016-08-14,2016-08-18,532,4.5,Alan Grayson,D,17%,False,"August 14–18, 2016"
2016,Florida,Democratic Primary,Suffolk University,2016-08-01 to 2016-08-03,2016-08-01,2016-08-03,194,4.4,Alan Grayson,D,17%,False,"August 1–3, 2016"
2016,Florida,Democratic Primary,St. Pete Polls,2016-08-02,2016-08-02,2016-08-02,"1,807",2.3,Alan Grayson,D,20%,False,"August 2, 2016"
2016,Florida,Democratic Primary,Bay News 9,2016-06-25 to 2016-06-27,2016-06-25,2016-06-27,618,4.0,Alan Grayson,D,21%,False,"June 25–27, 2016"
2016,Florida,Democratic Primary,Vox Populi Polling (R),2016-06-19 to 2016-06-20,2016-06-19,2016-06-20,530,4.3,Alan Grayson,D,15%,False,"June 19–20, 2016"
2016,Florida,Democratic Primary,Targeted Persuasion,2016-06-14 to 2016-06-16,2016-06-14,2016-06-16,862,3.34,Alan Grayson,D,30%,False,"June 14–16, 2016"
2016,Florida,Democratic Primary,St. Leo University,2016-06-10 to 2016-06-16,2016-06-10,2016-06-16,500,7.0,Alan Grayson,D,14%,False,"June 10–16, 2016"
2016,Florida,Democratic Primary,Mason-Dixon,2016-05-31 to 2016-06-02,2016-05-31,2016-06-02,400,5.0,Alan Grayson,D,23%,False,"May 31–June 2, 2016"
2016,Florida,Democratic Primary,Public Policy Polling,2016-03-22 to 2016-03-23,2016-03-22,2016-03-23,829,,Alan Grayson,D,33%,False,"March 22–23, 2016"
2016,Florida,Democratic Primary,St. Leo University,2016-03-13 to 2016-03-17,2016-03-13,2016-03-17,540,5.0,Alan Grayson,D,17%,False,"March 13–17, 2016"
2016,Florida,Democratic Primary,Mason-Dixon,2016-03-07 to 2016-03-09,2016-03-07,2016-03-09,500,4.5,Alan Grayson,D,19%,False,"March 7–9, 2016"
2016,Florida,Democratic Primary,SurveyUSA,2016-03-04 to 2016-03-06,2016-03-04,2016-03-06,592,4.1,Alan Grayson,D,16%,False,"March 4–6, 2016"
2016,Florida,Democratic Primary,Bendixon & Amandi,2016-03-02 to 2016-03-05,2016-03-02,2016-03-05,449,6.0,Alan Grayson,D,19%,False,"March 2–5, 2016"
2016,Florida,Democratic Primary,Univision,2016-03-02 to 2016-03-05,2016-03-02,2016-03-05,449,6.0,Alan Grayson,D,29%,False,"March 2–5, 2016"
2016,Florida,Democratic Primary,Public Policy Polling,2016-02-24 to 2016-02-25,2016-02-24,2016-02-25,388,5.0,Alan Grayson,D,33%,False,"February 24–25, 2016"
2016,Florida,Democratic Primary,20/20 Insight LLC,2016-02-16 to 2016-02-18,2016-02-16,2016-02-18,646,3.9,Alan Grayson,D,41%,False,"~February 16–18, 2016"
2016,Florida,Democratic Primary,Florida Atlantic University College of Business,2016-01-15 to 2016-01-18,2016-01-15,2016-01-18,371,5.0,Alan Grayson,D,27%,False,"January 15–18, 2016"
2016,Florida,Democratic Primary,St. Leo University,2015-11-29 to 2015-12-03,2015-11-29,2015-12-03,160,7.5,Alan Grayson,D,7%,False,"November 29–December 3, 2015"
2016,Florida,Democratic Primary,Public Policy Polling,2015-09-11 to 2015-09-13,2015-09-11,2015-09-13,368,5.1,Alan Grayson,D,33%,False,"September 11–13, 2015"
2016,Florida,Democratic Primary,Mason-Dixon,2015-07-20 to 2015-07-24,2015-07-20,2015-07-24,500,4.5,Alan Grayson,D,24%,False,"July 20–24, 2015"
2016,Florida,Democratic Primary,St. Pete Polls,2015-07-15,2015-07-15,2015-07-15,"1,018",3.1,Alan Grayson,D,30%,False,"July 15, 2015"
2016,Florida,Democratic Primary,Gravis Marketing,2015-06-16 to 2015-06-20,2015-06-16,2015-06-20,881,3.3,Alan Grayson,D,63%,False,"June 16–20, 2015"
2016,Florida,Democratic Primary,Vox Populi Polling (R),2015-06-15 to 2015-06-17,2015-06-15,2015-06-17,717,3.7,Alan Grayson,D,24%,False,"June 15–17, 2015"
2016,Florida,Democratic Primary,St. Leo University,2015-05-25 to 2015-05-31,2015-05-25,2015-05-31,535,4.5,Alan Grayson,D,24%,False,"May 25–31, 2015"
2016,Florida,Democratic Primary,Mason-Dixon,2015-04-14 to 2015-04-16,2015-04-14,2015-04-16,400,5.0,Alan Grayson,D,14%,False,"April 14–16, 2015"
2016,Florida,Democratic Primary,Public Policy Polling,2015-03-19 to 2015-03-22,2015-03-19,2015-03-22,371,5.1,Alan Grayson,D,22%,False,"March 19–22, 2015"
2016,Florida,Democratic Primary,Mason-Dixon,2016-08-22 to 2016-08-24,2016-08-22,2016-08-24,400,5.0,Pam Keith,D,4%,False,"August 22–24, 2016"
2016,Florida,Democratic Primary,St. Leo University,2016-08-14 to 2016-08-18,2016-08-14,2016-08-18,532,4.5,Pam Keith,D,8%,False,"August 14–18, 2016"
2016,Florida,Democratic Primary,Suffolk University,2016-08-01 to 2016-08-03,2016-08-01,2016-08-03,194,4.4,Pam Keith,D,2%,False,"August 1–3, 2016"
2016,Florida,Democratic Primary,St. Pete Polls,2016-08-02,2016-08-02,2016-08-02,"1,807",2.3,Pam Keith,D,7%,False,"August 2, 2016"
2016,Florida,Democratic Primary,Bay News 9,2016-06-25 to 2016-06-27,2016-06-25,2016-06-27,618,4.0,Pam Keith,D,10%,False,"June 25–27, 2016"
2016,Florida,Democratic Primary,Vox Populi Polling (R),2016-06-19 to 2016-06-20,2016-06-19,2016-06-20,530,4.3,Pam Keith,D,5%,False,"June 19–20, 2016"
2016,Florida,Democratic Primary,Targeted Persuasion,2016-06-14 to 2016-06-16,2016-06-14,2016-06-16,862,3.34,Pam Keith,D,5%,False,"June 14–16, 2016"
2016,Florida,Democratic Primary,St. Leo University,2016-06-10 to 2016-06-16,2016-06-10,2016-06-16,500,7.0,Pam Keith,D,3%,False,"June 10–16, 2016"
2016,Florida,Democratic Primary,Mason-Dixon,2016-05-31 to 2016-06-02,2016-05-31,2016-06-02,400,5.0,Pam Keith,D,3%,False,"May 31–June 2, 2016"
2016,Florida,Democratic Primary,SurveyUSA,2016-03-04 to 2016-03-06,2016-03-04,2016-03-06,592,4.1,Pam Keith,D,11%,False,"March 4–6, 2016"
2016,Florida,Democratic Primary,St. Leo University,2015-11-29 to 2015-12-03,2015-11-29,2015-12-03,160,7.5,Pam Keith,D,4%,False,"November 29–December 3, 2015"
2016,Florida,Democratic Primary,St. Pete Polls,2015-07-15,2015-07-15,2015-07-15,"1,018",3.1,Pam Keith,D,8%,False,"July 15, 2015"
2016,Florida,Democratic Primary,Florida Atlantic University,2016-08-19 to 2016-08-22,2016-08-19,2016-08-22,364,8.0,Lateresa Jones,D,54%,False,"August 19–22, 2016"
2016,Florida,Democratic Primary,St. Leo University,2016-06-10 to 2016-06-16,2016-06-10,2016-06-16,500,7.0,Lateresa Jones,D,4%,False,"June 10–16, 2016"
2016,Florida,Democratic Primary,St. Leo University,2015-11-29 to 2015-12-03,2015-11-29,2015-12-03,160,7.5,Lateresa Jones,D,6%,False,"November 29–December 3, 2015"
2016,Florida,Democratic Primary,Mason-Dixon,2016-08-22 to 2016-08-24,2016-08-22,2016-08-24,400,5.0,Patrick Murphy,D,55%,False,"August 22–24, 2016"
2016,Florida,Democratic Primary,Florida Atlantic University,2016-08-19 to 2016-08-22,2016-08-19,2016-08-22,364,8.0,Patrick Murphy,D,22%,False,"August 19–22, 2016"
2016,Florida,Democratic Primary,Florida Chamber of Commerce,2016-08-17 to 2016-08-22,2016-08-17,2016-08-22,258,4.0,Patrick Murphy,D,40%,False,"August 17–22, 2016"
2016,Florida,Democratic Primary,St. Leo University,2016-08-14 to 2016-08-18,2016-08-14,2016-08-18,532,4.5,Patrick Murphy,D,48%,False,"August 14–18, 2016"
2016,Florida,Democratic Primary,Suffolk University,2016-08-01 to 2016-08-03,2016-08-01,2016-08-03,194,4.4,Patrick Murphy,D,36%,False,"August 1–3, 2016"
2016,Florida,Democratic Primary,St. Pete Polls,2016-08-02,2016-08-02,2016-08-02,"1,807",2.3,Patrick Murphy,D,45%,False,"August 2, 2016"
2016,Florida,Democratic Primary,Bay News 9,2016-06-25 to 2016-06-27,2016-06-25,2016-06-27,618,4.0,Patrick Murphy,D,30%,False,"June 25–27, 2016"
2016,Florida,Democratic Primary,Vox Populi Polling (R),2016-06-19 to 2016-06-20,2016-06-19,2016-06-20,530,4.3,Patrick Murphy,D,19%,False,"June 19–20, 2016"
2016,Florida,Democratic Primary,Targeted Persuasion,2016-06-14 to 2016-06-16,2016-06-14,2016-06-16,862,3.34,Patrick Murphy,D,27%,False,"June 14–16, 2016"
2016,Florida,Democratic Primary,St. Leo University,2016-06-10 to 2016-06-16,2016-06-10,2016-06-16,500,7.0,Patrick Murphy,D,16%,False,"June 10–16, 2016"
2016,Florida,Democratic Primary,Mason-Dixon,2016-05-31 to 2016-06-02,2016-05-31,2016-06-02,400,5.0,Patrick Murphy,D,31%,False,"May 31–June 2, 2016"
2016,Florida,Democratic Primary,Public Policy Polling,2016-03-22 to 2016-03-23,2016-03-22,2016-03-23,829,,Patrick Murphy,D,32%,False,"March 22–23, 2016"
2016,Florida,Democratic Primary,St. Leo University,2016-03-13 to 2016-03-17,2016-03-13,2016-03-17,540,5.0,Patrick Murphy,D,20%,False,"March 13–17, 2016"
2016,Florida,Democratic Primary,Mason-Dixon,2016-03-07 to 2016-03-09,2016-03-07,2016-03-09,500,4.5,Patrick Murphy,D,33%,False,"March 7–9, 2016"
2016,Florida,Democratic Primary,SurveyUSA,2016-03-04 to 2016-03-06,2016-03-04,2016-03-06,592,4.1,Patrick Murphy,D,27%,False,"March 4–6, 2016"
2016,Florida,Democratic Primary,Bendixon & Amandi,2016-03-02 to 2016-03-05,2016-03-02,2016-03-05,449,6.0,Patrick Murphy,D,27%,False,"March 2–5, 2016"
2016,Florida,Democratic Primary,Univision,2016-03-02 to 2016-03-05,2016-03-02,2016-03-05,449,6.0,Patrick Murphy,D,36%,False,"March 2–5, 2016"
2016,Florida,Democratic Primary,Public Policy Polling,2016-02-24 to 2016-02-25,2016-02-24,2016-02-25,388,5.0,Patrick Murphy,D,22%,False,"February 24–25, 2016"
2016,Florida,Democratic Primary,20/20 Insight LLC,2016-02-16 to 2016-02-18,2016-02-16,2016-02-18,646,3.9,Patrick Murphy,D,32%,False,"~February 16–18, 2016"
2016,Florida,Democratic Primary,Florida Atlantic University College of Business,2016-01-15 to 2016-01-18,2016-01-15,2016-01-18,371,5.0,Patrick Murphy,D,20%,False,"January 15–18, 2016"
2016,Florida,Democratic Primary,St. Leo University,2015-11-29 to 2015-12-03,2015-11-29,2015-12-03,160,7.5,Patrick Murphy,D,17%,False,"November 29–December 3, 2015"
2016,Florida,Democratic Primary,Public Policy Polling,2015-09-11 to 2015-09-13,2015-09-11,2015-09-13,368,5.1,Patrick Murphy,D,27%,False,"September 11–13, 2015"
2016,Florida,Democratic Primary,Mason-Dixon,2015-07-20 to 2015-07-24,2015-07-20,2015-07-24,500,4.5,Patrick Murphy,D,26%,False,"July 20–24, 2015"
2016,Florida,Democratic Primary,St. Pete Polls,2015-07-15,2015-07-15,2015-07-15,"1,018",3.1,Patrick Murphy,D,23%,False,"July 15, 2015"
2016,Florida,Democratic Primary,Gravis Marketing,2015-06-16 to 2015-06-20,2015-06-16,2015-06-20,881,3.3,Patrick Murphy,D,19%,False,"June 16–20, 2015"
2016,Florida,Democratic Primary,Vox Populi Polling (R),2015-06-15 to 2015-06-17,2015-06-15,2015-06-17,717,3.7,Patrick Murphy,D,34%,False,"June 15–17, 2015"
2016,Florida,Democratic Primary,St. Leo University,2015-05-25 to 2015-05-31,2015-05-25,2015-05-31,535,4.5,Patrick Murphy,D,27%,False,"May 25–31, 2015"
2016,Florida,Democratic Primary,Mason-Dixon,2015-04-14 to 2015-04-16,2015-04-14,2015-04-16,400,5.0,Patrick Murphy,D,23%,False,"April 14–16, 2015"
2016,Florida,Democratic Primary,Public Policy Polling,2015-03-19 to 2015-03-22,2015-03-19,2015-03-22,371,5.1,Patrick Murphy,D,21%,False,"March 19–22, 2015"
2016,Georgia,Republican Primary,InsiderAdvantage,2015-06-11 to 2015-06-14,2015-06-11,2015-06-14,492,4.4,Johnny Isakson,R,50%,True,"June 11–14, 2015"
2016,Illinois,Republican Primary,Chicago Tribune,2016-03-02 to 2016-03-06,2016-03-02,2016-03-06,600,4.1,Mark Kirk,R,65%,True,"March 2–6, 2016"
2016,Illinois,Republican Primary,SIU Simon Institute,2016-02-15 to 2016-02-20,2016-02-15,2016-02-20,306,5.6,Mark Kirk,R,53%,True,"February 15–20, 2016"
2016,Illinois,Republican Primary,Chicago Tribune,2016-03-02 to 2016-03-06,2016-03-02,2016-03-06,600,4.1,James Marter,R,22%,False,"March 2–6, 2016"
2016,Illinois,Republican Primary,SIU Simon Institute,2016-02-15 to 2016-02-20,2016-02-15,2016-02-20,306,5.6,James Marter,R,14%,False,"February 15–20, 2016"
2016,Illinois,Democratic Primary,SIU Simon Institute,2016-02-15 to 2016-02-20,2016-02-15,2016-02-20,422,4.7,Tammy Duckworth,D,52%,False,"February 15–20, 2016"
2016,Illinois,Democratic Primary,Public Policy Polling,2015-07-20 to 2015-07-21,2015-07-20,2015-07-21,409,4.9,Tammy Duckworth,D,59%,False,"July 20–21, 2015"
2016,Illinois,Democratic Primary,SIU Simon Institute,2016-02-15 to 2016-02-20,2016-02-15,2016-02-20,422,4.7,Andrea Zopp,D,6%,False,"February 15–20, 2016"
2016,Illinois,Democratic Primary,Public Policy Polling,2015-07-20 to 2015-07-21,2015-07-20,2015-07-21,409,4.9,Andrea Zopp,D,10%,False,"July 20–21, 2015"
2016,Illinois,Democratic Primary,SIU Simon Institute,2016-02-15 to 2016-02-20,2016-02-15,2016-02-20,422,4.7,Napoleon Harris,D,4%,False,"February 15–20, 2016"
2016,Illinois,Democratic Primary,Public Policy Polling,2015-07-20 to 2015-07-21,2015-07-20,2015-07-21,409,4.9,Napoleon Harris,D,31%,False,"July 20–21, 2015"
2016,Indiana,Republican Primary,NBC,2016-04-26 to 2016-04-28,2016-04-26,2016-04-28,645,3.9,Todd Young,R,56%,False,"April 26–28, 2016"
2016,Indiana,Republican Primary,IPFW,2016-04-13 to 2016-04-27,2016-04-13,2016-04-27,400,4.9,Todd Young,R,42%,False,"April 13–27, 2016"
2016,Indiana,Republican Primary,WTHR,2016-04-18 to 2016-04-21,2016-04-18,2016-04-21,507,4.0,Todd Young,R,43%,False,"April 18–21, 2016"
2016,Indiana,Republican Primary,NBC,2016-04-26 to 2016-04-28,2016-04-26,2016-04-28,645,3.9,Marlin Stutzman,R,24%,False,"April 26–28, 2016"
2016,Indiana,Republican Primary,IPFW,2016-04-13 to 2016-04-27,2016-04-13,2016-04-27,400,4.9,Marlin Stutzman,R,34%,False,"April 13–27, 2016"
2016,Indiana,Republican Primary,WTHR,2016-04-18 to 2016-04-21,2016-04-18,2016-04-21,507,4.0,Marlin Stutzman,R,31%,False,"April 18–21, 2016"
2016,Iowa,Democratic Primary,Des Moines Register,2016-05-30 to 2016-06-02,2016-05-30,2016-06-02,542,4.2,Patty Judge,D,42%,False,"May 30 – June 2, 2016"
2016,Iowa,Democratic Primary,KBUR-AM 1490,2016-05-31 to 2016-06-01,2016-05-31,2016-06-01,"1,361",3.0,Patty Judge,D,37%,False,"May 31 – June 1, 2016"
2016,Iowa,Democratic Primary,Des Moines Register,2016-05-30 to 2016-06-02,2016-05-30,2016-06-02,542,4.2,Rob Hogg,D,25%,False,"May 30 – June 2, 2016"
2016,Iowa,Democratic Primary,KBUR-AM 1490,2016-05-31 to 2016-06-01,2016-05-31,2016-06-01,"1,361",3.0,Rob Hogg,D,31%,False,"May 31 – June 1, 2016"
2016,Iowa,Democratic Primary,Des Moines Register,2016-05-30 to 2016-06-02,2016-05-30,2016-06-02,542,4.2,Bob Krause,D,6%,False,"May 30 – June 2, 2016"
2016,Iowa,Democratic Primary,KBUR-AM 1490,2016-05-31 to 2016-06-01,2016-05-31,2016-06-01,"1,361",3.0,Bob Krause,D,3%,False,"May 31 – June 1, 2016"
2016,Iowa,Democratic Primary,Des Moines Register,2016-05-30 to 2016-06-02,2016-05-30,2016-06-02,542,4.2,Tom Fiegen,D,5%,False,"May 30 – June 2, 2016"
2016,Iowa,Democratic Primary,KBUR-AM 1490,2016-05-31 to 2016-06-01,2016-05-31,2016-06-01,"1,361",3.0,Tom Fiegen,D,6%,False,"May 31 – June 1, 2016"
2016,Kansas,Republican Primary,Public Opinion Strategies (R-Moran),2015-02-28 to 2015-03-03,2015-02-28,2015-03-03,500,4.38,Jerry Moran,R,73%,True,"February 28 – March 3, 2015"
2016,Maryland,Democratic Primary,Monmouth University,2016-04-18 to 2016-04-20,2016-04-18,2016-04-20,300,5.7,Donna Edwards,D,36%,False,"April 18–20, 2016"
2016,Maryland,Democratic Primary,Public Policy Polling,2016-04-15 to 2016-04-17,2016-04-15,2016-04-17,492,4.4,Donna Edwards,D,33%,False,"April 15–17, 2016"
2016,Maryland,Democratic Primary,Marist College,2016-04-05 to 2016-04-09,2016-04-05,2016-04-09,775,3.5,Donna Edwards,D,38%,False,"April 5–9, 2016"
2016,Maryland,Democratic Primary,Washington Post,2016-03-30 to 2016-04-03,2016-03-30,2016-04-03,539,4.5,Donna Edwards,D,44%,False,"March 30 – April 3, 2016"
2016,Maryland,Democratic Primary,Garin-Hart-Yang Research,2016-03-28 to 2016-03-30,2016-03-28,2016-03-30,604,4.9,Donna Edwards,D,40%,False,"March 28–30, 2016"
2016,Maryland,Democratic Primary,University of Baltimore,2016-03-04 to 2016-03-09,2016-03-04,2016-03-09,400,4.9,Donna Edwards,D,34%,False,"March 4–9, 2016"
2016,Maryland,Democratic Primary,Gonzales Research,2016-02-29 to 2016-03-04,2016-02-29,2016-03-04,411,5.0,Donna Edwards,D,41%,False,"February 29 – March 4, 2016"
2016,Maryland,Democratic Primary,Goucher College,2016-02-13 to 2016-02-18,2016-02-13,2016-02-18,307,5.6,Donna Edwards,D,39%,False,"February 13–18, 2016"
2016,Maryland,Democratic Primary,Gonzales Research,2016-01-11 to 2016-01-16,2016-01-11,2016-01-16,402,5.0,Donna Edwards,D,36%,False,"January 11–16, 2016"
2016,Maryland,Democratic Primary,University of Baltimore,2015-11-13 to 2015-11-17,2015-11-13,2015-11-17,419,4.8,Donna Edwards,D,19%,False,"November 13–17, 2015"
2016,Maryland,Democratic Primary,Washington Post,2015-10-08 to 2015-10-11,2015-10-08,2015-10-11,"1,006",3.5,Donna Edwards,D,20%,False,"October 8–11, 2015"
2016,Maryland,Democratic Primary,Global Strategy Group (D-Edwards),2015-08-03 to 2015-08-09,2015-08-03,2015-08-09,600,4.0,Donna Edwards,D,42%,False,"August 3–9, 2015"
2016,Maryland,Democratic Primary,Mellman Group (D-Cummings),2015-03-19 to 2015-03-22,2015-03-19,2015-03-22,700,3.7,Donna Edwards,D,23%,False,"March 19–22, 2015"
2016,Maryland,Democratic Primary,Monmouth University,2016-04-18 to 2016-04-20,2016-04-18,2016-04-20,300,5.7,Chris Van Hollen,D,52%,False,"April 18–20, 2016"
2016,Maryland,Democratic Primary,Public Policy Polling,2016-04-15 to 2016-04-17,2016-04-15,2016-04-17,492,4.4,Chris Van Hollen,D,42%,False,"April 15–17, 2016"
2016,Maryland,Democratic Primary,Marist College,2016-04-05 to 2016-04-09,2016-04-05,2016-04-09,775,3.5,Chris Van Hollen,D,44%,False,"April 5–9, 2016"
2016,Maryland,Democratic Primary,Washington Post,2016-03-30 to 2016-04-03,2016-03-30,2016-04-03,539,4.5,Chris Van Hollen,D,40%,False,"March 30 – April 3, 2016"
2016,Maryland,Democratic Primary,Garin-Hart-Yang Research,2016-03-28 to 2016-03-30,2016-03-28,2016-03-30,604,4.9,Chris Van Hollen,D,45%,False,"March 28–30, 2016"
2016,Maryland,Democratic Primary,University of Baltimore,2016-03-04 to 2016-03-09,2016-03-04,2016-03-09,400,4.9,Chris Van Hollen,D,28%,False,"March 4–9, 2016"
2016,Maryland,Democratic Primary,Gonzales Research,2016-02-29 to 2016-03-04,2016-02-29,2016-03-04,411,5.0,Chris Van Hollen,D,42%,False,"February 29 – March 4, 2016"
2016,Maryland,Democratic Primary,Goucher College,2016-02-13 to 2016-02-18,2016-02-13,2016-02-18,307,5.6,Chris Van Hollen,D,37%,False,"February 13–18, 2016"
2016,Maryland,Democratic Primary,Gonzales Research,2016-01-11 to 2016-01-16,2016-01-11,2016-01-16,402,5.0,Chris Van Hollen,D,38%,False,"January 11–16, 2016"
2016,Maryland,Democratic Primary,University of Baltimore,2015-11-13 to 2015-11-17,2015-11-13,2015-11-17,419,4.8,Chris Van Hollen,D,28%,False,"November 13–17, 2015"
2016,Maryland,Democratic Primary,Washington Post,2015-10-08 to 2015-10-11,2015-10-08,2015-10-11,"1,006",3.5,Chris Van Hollen,D,20%,False,"October 8–11, 2015"
2016,Maryland,Democratic Primary,Global Strategy Group (D-Edwards),2015-08-03 to 2015-08-09,2015-08-03,2015-08-09,600,4.0,Chris Van Hollen,D,37%,False,"August 3–9, 2015"
2016,Maryland,Democratic Primary,Mellman Group (D-Cummings),2015-03-19 to 2015-03-22,2015-03-19,2015-03-22,700,3.7,Chris Van Hollen,D,22%,False,"March 19–22, 2015"
2016,Maryland,Republican Primary,Marist College,2016-04-05 to 2016-04-09,2016-04-05,2016-04-09,368,5.1,Kathy Szeliga,R,20%,False,"April 5–9, 2016"
2016,Maryland,Republican Primary,Washington Post,2016-03-30 to 2016-04-03,2016-03-30,2016-04-03,283,7.5,Kathy Szeliga,R,15%,False,"March 30 – April 3, 2016"
2016,Maryland,Republican Primary,University of Baltimore,2016-03-04 to 2016-03-08,2016-03-04,2016-03-08,400,4.9,Kathy Szeliga,R,6%,False,"March 4–8, 2016"
2016,Maryland,Republican Primary,University of Baltimore,2015-11-13 to 2015-11-17,2015-11-13,2015-11-17,307,5.6,Kathy Szeliga,R,15%,False,"November 13–17, 2015"
2016,Maryland,Republican Primary,Marist College,2016-04-05 to 2016-04-09,2016-04-05,2016-04-09,368,5.1,Richard Douglas,R,13%,False,"April 5–9, 2016"
2016,Maryland,Republican Primary,Washington Post,2016-03-30 to 2016-04-03,2016-03-30,2016-04-03,283,7.5,Richard Douglas,R,9%,False,"March 30 – April 3, 2016"
2016,Maryland,Republican Primary,University of Baltimore,2016-03-04 to 2016-03-08,2016-03-04,2016-03-08,400,4.9,Richard Douglas,R,1%,False,"March 4–8, 2016"
2016,Maryland,Republican Primary,University of Baltimore,2015-11-13 to 2015-11-17,2015-11-13,2015-11-17,307,5.6,Richard Douglas,R,9%,False,"November 13–17, 2015"
2016,Maryland,Republican Primary,University of Baltimore,2015-11-13 to 2015-11-17,2015-11-13,2015-11-17,307,5.6,Barry Glassman,R,8%,False,"November 13–17, 2015"
2016,Maryland,Republican Primary,Marist College,2016-04-05 to 2016-04-09,2016-04-05,2016-04-09,368,5.1,Chrys Kefalas,R,9%,False,"April 5–9, 2016"
2016,Maryland,Republican Primary,Washington Post,2016-03-30 to 2016-04-03,2016-03-30,2016-04-03,283,7.5,Chrys Kefalas,R,11%,False,"March 30 – April 3, 2016"
2016,Maryland,Republican Primary,University of Baltimore,2016-03-04 to 2016-03-08,2016-03-04,2016-03-08,400,4.9,Chrys Kefalas,R,2%,False,"March 4–8, 2016"
2016,Maryland,Republican Primary,University of Baltimore,2015-11-13 to 2015-11-17,2015-11-13,2015-11-17,307,5.6,Chrys Kefalas,R,5%,False,"November 13–17, 2015"
2016,Maryland,Republican Primary,University of Baltimore,2016-03-04 to 2016-03-08,2016-03-04,2016-03-08,400,4.9,Anthony Seda,R,<1%,False,"March 4–8, 2016"
2016,Maryland,Republican Primary,University of Baltimore,2015-11-13 to 2015-11-17,2015-11-13,2015-11-17,307,5.6,Anthony Seda,R,4%,False,"November 13–17, 2015"
2016,Missouri,Republican Primary,St. Louis Post-Dispatch,2016-07-23 to 2016-07-27,2016-07-23,2016-07-27,400,5.0,Roy Blunt,R,66%,True,"July 23–27, 2016"
2016,Missouri,Republican Primary,Remington Research Group,2015-01,2015-01-01,2015-01-31,"1,355",,Roy Blunt,R,60%,True,January 2015
2016,Missouri,Republican Primary,Remington Research Group,2015-02-02 to 2015-02-03,2015-02-02,2015-02-03,747,3.6,Roy Blunt,R,50%,True,"February 2–3, 2015"
2016,Missouri,Republican Primary,St. Louis Post-Dispatch,2016-07-23 to 2016-07-27,2016-07-23,2016-07-27,400,5.0,Kristi Nichols,R,9%,False,"July 23–27, 2016"
2016,Missouri,Republican Primary,St. Louis Post-Dispatch,2016-07-23 to 2016-07-27,2016-07-23,2016-07-27,400,5.0,Bernie Mowinski,R,5%,False,"July 23–27, 2016"
2016,Missouri,Republican Primary,St. Louis Post-Dispatch,2016-07-23 to 2016-07-27,2016-07-23,2016-07-27,400,5.0,Ryan Luethy,R,1%,False,"July 23–27, 2016"
2016,Missouri,Republican Primary,Remington Research Group,2015-01,2015-01-01,2015-01-31,"1,355",,John Brunner,R,40%,False,January 2015
2016,Missouri,Republican Primary,Remington Research Group,2015-02-02 to 2015-02-03,2015-02-02,2015-02-03,747,3.6,John Brunner,R,19%,False,"February 2–3, 2015"
2016,Missouri,Democratic Primary,St. Louis Post-Dispatch,2016-07-23 to 2016-07-27,2016-07-23,2016-07-27,400,5.0,Jason Kander,D,67%,False,"July 23–27, 2016"
2016,Missouri,Democratic Primary,St. Louis Post-Dispatch,2016-07-23 to 2016-07-27,2016-07-23,2016-07-27,400,5.0,Cori Bush,D,7%,False,"July 23–27, 2016"
2016,Missouri,Democratic Primary,St. Louis Post-Dispatch,2016-07-23 to 2016-07-27,2016-07-23,2016-07-27,400,5.0,Robert Mack,D,4%,False,"July 23–27, 2016"
2016,Missouri,Democratic Primary,St. Louis Post-Dispatch,2016-07-23 to 2016-07-27,2016-07-23,2016-07-27,400,5.0,Chief Wana Dubie,D,2%,False,"July 23–27, 2016"
2016,Nevada,Republican Primary,Public Opinion Strategies,2016-03-28 to 2016-03-30,2016-03-28,2016-03-30,500,4.38,Joe Heck,R,67%,False,"March 28–30, 2016"
2016,Nevada,Republican Primary,Public Opinion Strategies,2016-03-28 to 2016-03-30,2016-03-28,2016-03-30,500,4.38,Sharron Angle,R,11%,False,"March 28–30, 2016"
2016,New Hampshire,Republican Primary,Public Policy Polling,2015-04-09 to 2015-04-13,2015-04-09,2015-04-13,358,,Kelly Ayotte,R,57%,True,"April 9–13, 2015"
2016,New Hampshire,Republican Primary,Public Policy Polling,2015-04-09 to 2015-04-13,2015-04-09,2015-04-13,358,,Ovide Lamontagne,R,32%,False,"April 9–13, 2015"
2016,North Carolina,Republican Primary,Public Policy Polling,2016-03-11 to 2016-03-13,2016-03-11,2016-03-13,749,3.6,Richard Burr,R,48%,True,"March 11–13, 2016"
2016,North Carolina,Republican Primary,High Point University,2016-03-09 to 2016-03-10,2016-03-09,2016-03-10,734,2.5,Richard Burr,R,56%,True,"March 9–10, 2016"
2016,North Carolina,Republican Primary,SurveyUSA,2016-03-04 to 2016-03-07,2016-03-04,2016-03-07,688,3.8,Richard Burr,R,45%,True,"March 4–7, 2016"
2016,North Carolina,Republican Primary,SurveyUSA,2016-02-14 to 2016-02-16,2016-02-14,2016-02-16,437,2.8,Richard Burr,R,45%,True,"February 14–16, 2016"
2016,North Carolina,Republican Primary,Public Policy Polling,2016-02-14 to 2016-02-16,2016-02-14,2016-02-16,597,4.0,Richard Burr,R,56%,True,"February 14–16, 2016"
2016,North Carolina,Republican Primary,High Point University,2016-01-30 to 2016-02-04,2016-01-30,2016-02-04,477,4.5,Richard Burr,R,46%,True,"January 30 – February 4, 2016"
2016,North Carolina,Republican Primary,Public Policy Polling,2016-01-18 to 2016-01-19,2016-01-18,2016-01-19,433,3.2,Richard Burr,R,55%,True,"January 18–19, 2016"
2016,North Carolina,Republican Primary,Public Policy Polling,2015-07-02 to 2015-07-06,2015-07-02,2015-07-06,288,5.8,Richard Burr,R,62%,True,"July 2–6, 2015"
2016,North Carolina,Republican Primary,Public Policy Polling,2016-03-11 to 2016-03-13,2016-03-11,2016-03-13,749,3.6,Greg Brannon,R,20%,False,"March 11–13, 2016"
2016,North Carolina,Republican Primary,High Point University,2016-03-09 to 2016-03-10,2016-03-09,2016-03-10,734,2.5,Greg Brannon,R,20%,False,"March 9–10, 2016"
2016,North Carolina,Republican Primary,SurveyUSA,2016-03-04 to 2016-03-07,2016-03-04,2016-03-07,688,3.8,Greg Brannon,R,17%,False,"March 4–7, 2016"
2016,North Carolina,Republican Primary,SurveyUSA,2016-02-14 to 2016-02-16,2016-02-14,2016-02-16,437,2.8,Greg Brannon,R,14%,False,"February 14–16, 2016"
2016,North Carolina,Republican Primary,Public Policy Polling,2016-02-14 to 2016-02-16,2016-02-14,2016-02-16,597,4.0,Greg Brannon,R,13%,False,"February 14–16, 2016"
2016,North Carolina,Republican Primary,High Point University,2016-01-30 to 2016-02-04,2016-01-30,2016-02-04,477,4.5,Greg Brannon,R,10%,False,"January 30 – February 4, 2016"
2016,North Carolina,Republican Primary,Public Policy Polling,2016-01-18 to 2016-01-19,2016-01-18,2016-01-19,433,3.2,Greg Brannon,R,10%,False,"January 18–19, 2016"
2016,North Carolina,Republican Primary,Public Policy Polling,2016-03-11 to 2016-03-13,2016-03-11,2016-03-13,749,3.6,Paul Wright,R,4%,False,"March 11–13, 2016"
2016,North Carolina,Republican Primary,High Point University,2016-03-09 to 2016-03-10,2016-03-09,2016-03-10,734,2.5,Paul Wright,R,5%,False,"March 9–10, 2016"
2016,North Carolina,Republican Primary,SurveyUSA,2016-03-04 to 2016-03-07,2016-03-04,2016-03-07,688,3.8,Paul Wright,R,7%,False,"March 4–7, 2016"
2016,North Carolina,Republican Primary,SurveyUSA,2016-02-14 to 2016-02-16,2016-02-14,2016-02-16,437,2.8,Paul Wright,R,6%,False,"February 14–16, 2016"
2016,North Carolina,Republican Primary,Public Policy Polling,2016-02-14 to 2016-02-16,2016-02-14,2016-02-16,597,4.0,Paul Wright,R,4%,False,"February 14–16, 2016"
2016,North Carolina,Republican Primary,High Point University,2016-01-30 to 2016-02-04,2016-01-30,2016-02-04,477,4.5,Paul Wright,R,5%,False,"January 30 – February 4, 2016"
2016,North Carolina,Republican Primary,Public Policy Polling,2016-01-18 to 2016-01-19,2016-01-18,2016-01-19,433,3.2,Paul Wright,R,6%,False,"January 18–19, 2016"
2016,North Carolina,Republican Primary,Public Policy Polling,2016-03-11 to 2016-03-13,2016-03-11,2016-03-13,749,3.6,Larry Holmquist,R,3%,False,"March 11–13, 2016"
2016,North Carolina,Republican Primary,High Point University,2016-03-09 to 2016-03-10,2016-03-09,2016-03-10,734,2.5,Larry Holmquist,R,3%,False,"March 9–10, 2016"
2016,North Carolina,Republican Primary,SurveyUSA,2016-03-04 to 2016-03-07,2016-03-04,2016-03-07,688,3.8,Larry Holmquist,R,4%,False,"March 4–7, 2016"
2016,North Carolina,Republican Primary,SurveyUSA,2016-02-14 to 2016-02-16,2016-02-14,2016-02-16,437,2.8,Larry Holmquist,R,6%,False,"February 14–16, 2016"
2016,North Carolina,Republican Primary,Public Policy Polling,2016-02-14 to 2016-02-16,2016-02-14,2016-02-16,597,4.0,Larry Holmquist,R,3%,False,"February 14–16, 2016"
2016,North Carolina,Republican Primary,High Point University,2016-01-30 to 2016-02-04,2016-01-30,2016-02-04,477,4.5,Larry Holmquist,R,2%,False,"January 30 – February 4, 2016"
2016,North Carolina,Republican Primary,Public Policy Polling,2016-01-18 to 2016-01-19,2016-01-18,2016-01-19,433,3.2,Larry Holmquist,R,5%,False,"January 18–19, 2016"
2016,North Carolina,Republican Primary,Public Policy Polling,2015-07-02 to 2015-07-06,2015-07-02,2015-07-06,288,5.8,Mark Meadows,R,9%,False,"July 2–6, 2015"
2016,North Carolina,Democratic Primary,Public Policy Polling,2016-03-11 to 2016-03-13,2016-03-11,2016-03-13,746,3.6,Kevin Griffin,D,4%,False,"March 11–13, 2016"
2016,North Carolina,Democratic Primary,High Point University,2016-03-09 to 2016-03-10,2016-03-09,2016-03-10,669,2.5,Kevin Griffin,D,9%,False,"March 9–10, 2016"
2016,North Carolina,Democratic Primary,SurveyUSA,2016-03-04 to 2016-03-07,2016-03-04,2016-03-07,687,3.8,Kevin Griffin,D,7%,False,"March 4–7, 2016"
2016,North Carolina,Democratic Primary,SurveyUSA,2016-02-14 to 2016-02-16,2016-02-14,2016-02-16,449,2.8,Kevin Griffin,D,7%,False,"February 14–16, 2016"
2016,North Carolina,Democratic Primary,Public Policy Polling,2016-02-14 to 2016-02-16,2016-02-14,2016-02-16,575,4.1,Kevin Griffin,D,10%,False,"February 14–16, 2016"
2016,North Carolina,Democratic Primary,High Point University,2016-01-30 to 2016-02-04,2016-01-30,2016-02-04,478,4.5,Kevin Griffin,D,6%,False,"January 30 – February 4, 2016"
2016,North Carolina,Democratic Primary,Public Policy Polling,2016-01-18 to 2016-01-19,2016-01-18,2016-01-19,461,3.2,Kevin Griffin,D,14%,False,"January 18–19, 2016"
2016,North Carolina,Democratic Primary,Public Policy Polling,2015-12-05 to 2015-12-07,2015-12-05,2015-12-07,555,2.8,Kevin Griffin,D,15%,False,"December 5–7, 2015"
2016,North Carolina,Democratic Primary,Public Policy Polling,2015-10-23 to 2015-10-25,2015-10-23,2015-10-25,421,4.8,Kevin Griffin,D,16%,False,"October 23–25, 2015"
2016,North Carolina,Democratic Primary,Public Policy Polling,2016-03-11 to 2016-03-13,2016-03-11,2016-03-13,746,3.6,Ernest Reeves,D,8%,False,"March 11–13, 2016"
2016,North Carolina,Democratic Primary,High Point University,2016-03-09 to 2016-03-10,2016-03-09,2016-03-10,669,2.5,Ernest Reeves,D,5%,False,"March 9–10, 2016"
2016,North Carolina,Democratic Primary,SurveyUSA,2016-03-04 to 2016-03-07,2016-03-04,2016-03-07,687,3.8,Ernest Reeves,D,6%,False,"March 4–7, 2016"
2016,North Carolina,Democratic Primary,SurveyUSA,2016-02-14 to 2016-02-16,2016-02-14,2016-02-16,449,2.8,Ernest Reeves,D,3%,False,"February 14–16, 2016"
2016,North Carolina,Democratic Primary,Public Policy Polling,2016-02-14 to 2016-02-16,2016-02-14,2016-02-16,575,4.1,Ernest Reeves,D,2%,False,"February 14–16, 2016"
2016,North Carolina,Democratic Primary,High Point University,2016-01-30 to 2016-02-04,2016-01-30,2016-02-04,478,4.5,Ernest Reeves,D,4%,False,"January 30 – February 4, 2016"
2016,North Carolina,Democratic Primary,Public Policy Polling,2016-01-18 to 2016-01-19,2016-01-18,2016-01-19,461,3.2,Ernest Reeves,D,3%,False,"January 18–19, 2016"
2016,North Carolina,Democratic Primary,Public Policy Polling,2016-03-11 to 2016-03-13,2016-03-11,2016-03-13,746,3.6,Chris Rey,D,8%,False,"March 11–13, 2016"
2016,North Carolina,Democratic Primary,High Point University,2016-03-09 to 2016-03-10,2016-03-09,2016-03-10,669,2.5,Chris Rey,D,7%,False,"March 9–10, 2016"
2016,North Carolina,Democratic Primary,SurveyUSA,2016-03-04 to 2016-03-07,2016-03-04,2016-03-07,687,3.8,Chris Rey,D,9%,False,"March 4–7, 2016"
2016,North Carolina,Democratic Primary,SurveyUSA,2016-02-14 to 2016-02-16,2016-02-14,2016-02-16,449,2.8,Chris Rey,D,5%,False,"February 14–16, 2016"
2016,North Carolina,Democratic Primary,Public Policy Polling,2016-02-14 to 2016-02-16,2016-02-14,2016-02-16,575,4.1,Chris Rey,D,10%,False,"February 14–16, 2016"
2016,North Carolina,Democratic Primary,High Point University,2016-01-30 to 2016-02-04,2016-01-30,2016-02-04,478,4.5,Chris Rey,D,5%,False,"January 30 – February 4, 2016"
2016,North Carolina,Democratic Primary,Public Policy Polling,2016-01-18 to 2016-01-19,2016-01-18,2016-01-19,461,3.2,Chris Rey,D,10%,False,"January 18–19, 2016"
2016,North Carolina,Democratic Primary,Public Policy Polling,2015-12-05 to 2015-12-07,2015-12-05,2015-12-07,555,2.8,Chris Rey,D,5%,False,"December 5–7, 2015"
2016,North Carolina,Democratic Primary,Public Policy Polling,2015-10-23 to 2015-10-25,2015-10-23,2015-10-25,421,4.8,Chris Rey,D,6%,False,"October 23–25, 2015"
2016,North Carolina,Democratic Primary,Public Policy Polling,2016-03-11 to 2016-03-13,2016-03-11,2016-03-13,746,3.6,Deborah Ross,D,40%,False,"March 11–13, 2016"
2016,North Carolina,Democratic Primary,High Point University,2016-03-09 to 2016-03-10,2016-03-09,2016-03-10,669,2.5,Deborah Ross,D,52%,False,"March 9–10, 2016"
2016,North Carolina,Democratic Primary,SurveyUSA,2016-03-04 to 2016-03-07,2016-03-04,2016-03-07,687,3.8,Deborah Ross,D,34%,False,"March 4–7, 2016"
2016,North Carolina,Democratic Primary,SurveyUSA,2016-02-14 to 2016-02-16,2016-02-14,2016-02-16,449,2.8,Deborah Ross,D,30%,False,"February 14–16, 2016"
2016,North Carolina,Democratic Primary,Public Policy Polling,2016-02-14 to 2016-02-16,2016-02-14,2016-02-16,575,4.1,Deborah Ross,D,22%,False,"February 14–16, 2016"
2016,North Carolina,Democratic Primary,High Point University,2016-01-30 to 2016-02-04,2016-01-30,2016-02-04,478,4.5,Deborah Ross,D,19%,False,"January 30 – February 4, 2016"
2016,North Carolina,Democratic Primary,Public Policy Polling,2016-01-18 to 2016-01-19,2016-01-18,2016-01-19,461,3.2,Deborah Ross,D,19%,False,"January 18–19, 2016"
2016,North Carolina,Democratic Primary,Public Policy Polling,2015-12-05 to 2015-12-07,2015-12-05,2015-12-07,555,2.8,Deborah Ross,D,41%,False,"December 5–7, 2015"
2016,North Carolina,Democratic Primary,Public Policy Polling,2015-10-23 to 2015-10-25,2015-10-23,2015-10-25,421,4.8,Deborah Ross,D,33%,False,"October 23–25, 2015"
2016,Ohio,Republican Primary,Public Policy Polling,2016-03-04 to 2016-03-06,2016-03-04,2016-03-06,638,3.9,Don Elijah Eckhart,R,7%,False,"March 4–6, 2016"
2016,Ohio,Republican Primary,Public Policy Polling,2016-03-04 to 2016-03-06,2016-03-04,2016-03-06,638,3.9,Rob Portman,R,60%,True,"March 4–6, 2016"
2016,Ohio,Republican Primary,Public Policy Polling,2015-06-04 to 2015-06-07,2015-06-04,2015-06-07,411,4.8,Rob Portman,R,57%,True,"June 4–7, 2015"
2016,Ohio,Republican Primary,Public Policy Polling,2015-06-04 to 2015-06-07,2015-06-04,2015-06-07,411,4.8,Ken Blackwell,R,24%,False,"June 4–7, 2015"
2016,Ohio,Democratic Primary,Public Policy Polling,2016-03-04 to 2016-03-06,2016-03-04,2016-03-06,508,4.4,Kelli Prather,D,6%,False,"March 4–6, 2016"
2016,Ohio,Democratic Primary,Public Policy Polling,2016-01-12 to 2016-01-14,2016-01-12,2016-01-14,"1,138",,Kelli Prather,D,10%,False,"January 12–14, 2016"
2016,Ohio,Democratic Primary,Public Policy Polling,2016-03-04 to 2016-03-06,2016-03-04,2016-03-06,508,4.4,P.G. Sittenfeld,D,16%,False,"March 4–6, 2016"
2016,Ohio,Democratic Primary,Public Policy Polling,2016-01-12 to 2016-01-14,2016-01-12,2016-01-14,"1,138",,P.G. Sittenfeld,D,10%,False,"January 12–14, 2016"
2016,Ohio,Democratic Primary,Public Policy Polling,2015-06-04 to 2015-06-07,2015-06-04,2015-06-07,360,5.2,P.G. Sittenfeld,D,13%,False,"June 4–7, 2015"
2016,Ohio,Democratic Primary,Public Policy Polling,2016-03-04 to 2016-03-06,2016-03-04,2016-03-06,508,4.4,Ted Strickland,D,50%,False,"March 4–6, 2016"
2016,Ohio,Democratic Primary,Public Policy Polling,2016-01-12 to 2016-01-14,2016-01-12,2016-01-14,"1,138",,Ted Strickland,D,61%,False,"January 12–14, 2016"
2016,Ohio,Democratic Primary,Public Policy Polling,2015-06-04 to 2015-06-07,2015-06-04,2015-06-07,360,5.2,Ted Strickland,D,65%,False,"June 4–7, 2015"
2016,Pennsylvania,Democratic Primary,Harper Polling,2016-04-21 to 2016-04-23,2016-04-21,2016-04-23,641,3.9,Joe Vodvarka,D,3%,False,"April 21–23, 2016"
2016,Pennsylvania,Democratic Primary,Harper Polling,2016-03-01 to 2016-03-02,2016-03-01,2016-03-02,662,3.6,Joe Vodvarka,D,4%,False,"March 1–2, 2016"
2016,Pennsylvania,Democratic Primary,FOX 29,2016-04-24 to 2016-04-25,2016-04-24,2016-04-25,942,3.2,John Fetterman,D,14%,False,"April 24–25, 2016"
2016,Pennsylvania,Democratic Primary,Harper Polling,2016-04-21 to 2016-04-23,2016-04-21,2016-04-23,641,3.9,John Fetterman,D,15%,False,"April 21–23, 2016"
2016,Pennsylvania,Democratic Primary,Monmouth University,2016-04-17 to 2016-04-19,2016-04-17,2016-04-19,302,5.6,John Fetterman,D,4%,False,"April 17–19, 2016"
2016,Pennsylvania,Democratic Primary,Franklin & Marshall College,2016-04-11 to 2016-04-18,2016-04-11,2016-04-18,510,5.3,John Fetterman,D,8%,False,"April 11–18, 2016"
2016,Pennsylvania,Democratic Primary,Harper Polling,2016-04-03 to 2016-04-04,2016-04-03,2016-04-04,603,4.0,John Fetterman,D,9%,False,"April 3–4, 2016"
2016,Pennsylvania,Democratic Primary,Franklin & Marshall College,2016-03-14 to 2016-03-20,2016-03-14,2016-03-20,408,4.7,John Fetterman,D,7%,False,"March 14–20, 2016"
2016,Pennsylvania,Democratic Primary,Harper Polling,2016-03-01 to 2016-03-02,2016-03-01,2016-03-02,662,3.6,John Fetterman,D,15%,False,"March 1–2, 2016"
2016,Pennsylvania,Democratic Primary,Harper Polling,2016-01-22 to 2016-01-23,2016-01-22,2016-01-23,640,3.8,John Fetterman,D,11%,False,"January 22–23, 2016"
2016,Pennsylvania,Democratic Primary,Public Policy Polling,2015-10-08 to 2015-10-11,2015-10-08,2015-10-11,"1,012",3.1,John Fetterman,D,14%,False,"October 8–11, 2015"
2016,Pennsylvania,Democratic Primary,FOX 29,2016-04-24 to 2016-04-25,2016-04-24,2016-04-25,942,3.2,Katie McGinty,D,39%,False,"April 24–25, 2016"
2016,Pennsylvania,Democratic Primary,Harper Polling,2016-04-21 to 2016-04-23,2016-04-21,2016-04-23,641,3.9,Katie McGinty,D,39%,False,"April 21–23, 2016"
2016,Pennsylvania,Democratic Primary,Monmouth University,2016-04-17 to 2016-04-19,2016-04-17,2016-04-19,302,5.6,Katie McGinty,D,39%,False,"April 17–19, 2016"
2016,Pennsylvania,Democratic Primary,Franklin & Marshall College,2016-04-11 to 2016-04-18,2016-04-11,2016-04-18,510,5.3,Katie McGinty,D,27%,False,"April 11–18, 2016"
2016,Pennsylvania,Democratic Primary,Harper Polling,2016-04-03 to 2016-04-04,2016-04-03,2016-04-04,603,4.0,Katie McGinty,D,31%,False,"April 3–4, 2016"
2016,Pennsylvania,Democratic Primary,Franklin & Marshall College,2016-03-14 to 2016-03-20,2016-03-14,2016-03-20,408,4.7,Katie McGinty,D,14%,False,"March 14–20, 2016"
2016,Pennsylvania,Democratic Primary,Harper Polling,2016-03-01 to 2016-03-02,2016-03-01,2016-03-02,662,3.6,Katie McGinty,D,17%,False,"March 1–2, 2016"
2016,Pennsylvania,Democratic Primary,Harper Polling,2016-01-22 to 2016-01-23,2016-01-22,2016-01-23,640,3.8,Katie McGinty,D,28%,False,"January 22–23, 2016"
2016,Pennsylvania,Democratic Primary,Public Policy Polling,2015-10-08 to 2015-10-11,2015-10-08,2015-10-11,"1,012",3.1,Katie McGinty,D,22%,False,"October 8–11, 2015"
2016,Pennsylvania,Democratic Primary,Franklin & Marshall College,2015-08-17 to 2015-08-24,2015-08-17,2015-08-24,298,,Katie McGinty,D,13%,False,"August 17–24, 2015"
2016,Pennsylvania,Democratic Primary,FOX 29,2016-04-24 to 2016-04-25,2016-04-24,2016-04-25,942,3.2,Joe Sestak,D,34%,False,"April 24–25, 2016"
2016,Pennsylvania,Democratic Primary,Harper Polling,2016-04-21 to 2016-04-23,2016-04-21,2016-04-23,641,3.9,Joe Sestak,D,33%,False,"April 21–23, 2016"
2016,Pennsylvania,Democratic Primary,Monmouth University,2016-04-17 to 2016-04-19,2016-04-17,2016-04-19,302,5.6,Joe Sestak,D,39%,False,"April 17–19, 2016"
2016,Pennsylvania,Democratic Primary,Franklin & Marshall College,2016-04-11 to 2016-04-18,2016-04-11,2016-04-18,510,5.3,Joe Sestak,D,38%,False,"April 11–18, 2016"
2016,Pennsylvania,Democratic Primary,Harper Polling,2016-04-03 to 2016-04-04,2016-04-03,2016-04-04,603,4.0,Joe Sestak,D,41%,False,"April 3–4, 2016"
2016,Pennsylvania,Democratic Primary,Franklin & Marshall College,2016-03-14 to 2016-03-20,2016-03-14,2016-03-20,408,4.7,Joe Sestak,D,31%,False,"March 14–20, 2016"
2016,Pennsylvania,Democratic Primary,Harper Polling,2016-03-01 to 2016-03-02,2016-03-01,2016-03-02,662,3.6,Joe Sestak,D,33%,False,"March 1–2, 2016"
2016,Pennsylvania,Democratic Primary,Harper Polling,2016-01-22 to 2016-01-23,2016-01-22,2016-01-23,640,3.8,Joe Sestak,D,33%,False,"January 22–23, 2016"
2016,Pennsylvania,Democratic Primary,Public Policy Polling,2015-10-08 to 2015-10-11,2015-10-08,2015-10-11,"1,012",3.1,Joe Sestak,D,29%,False,"October 8–11, 2015"
2016,Pennsylvania,Democratic Primary,Franklin & Marshall College,2015-08-17 to 2015-08-24,2015-08-17,2015-08-24,298,,Joe Sestak,D,16%,False,"August 17–24, 2015"
2016,Pennsylvania,Democratic Primary,Robert Morris University,2015-05-08 to 2015-05-16,2015-05-08,2015-05-16,,,Joe Sestak,D,44.7%,False,"May 8–16, 2015"
2016,Pennsylvania,Democratic Primary,Harper Polling,2015-05-06 to 2015-05-07,2015-05-06,2015-05-07,173,7.45,Joe Sestak,D,42%,False,"May 6–7, 2015"
2016,Pennsylvania,Democratic Primary,Harper Polling,2014-02-22 to 2014-02-23,2014-02-22,2014-02-23,501,4.38,Joe Sestak,D,24%,False,"February 22–23, 2014"
2016,Pennsylvania,Democratic Primary,Robert Morris University,2015-05-08 to 2015-05-16,2015-05-08,2015-05-16,,,Ed Pawlowski,D,11.1%,False,"May 8–16, 2015"
2016,Pennsylvania,Democratic Primary,Harper Polling,2015-05-06 to 2015-05-07,2015-05-06,2015-05-07,173,7.45,Ed Pawlowski,D,12%,False,"May 6–7, 2015"
2016,Pennsylvania,Democratic Primary,Harper Polling,2015-05-06 to 2015-05-07,2015-05-06,2015-05-07,173,7.45,Josh Shapiro,D,8%,False,"May 6–7, 2015"
2016,Pennsylvania,Democratic Primary,Harper Polling,2014-02-22 to 2014-02-23,2014-02-22,2014-02-23,501,4.38,Kathleen Kane,D,47%,False,"February 22–23, 2014"
