Year,State,State_Code,District,Primary_Type,Poll_Source,Date,Date_Start,Date_End,Sample,MoE,Candidate,Party,Pct,Incumbent,Date_Original
2013,Illinois,IL,2,Democratic Primary,GBA Strategies,2013-02-04 to 2013-02-05,2013-02-04,2013-02-05,400,4.9,Anthony Beale,D,10%,False,"February 4–5, 2013"
2013,Illinois,IL,2,Democratic Primary,"Normington, Petts & Associates",2013-01-08 to 2013-01-10,2013-01-08,2013-01-10,400,4.9,Anthony Beale,D,5%,False,"January 8–10, 2013"
2013,Illinois,IL,2,Democratic Primary,GBA Strategies,2013-01-03 to 2013-01-07,2013-01-03,2013-01-07,500,4.4,Anthony Beale,D,10%,False,"January 3–7, 2013"
2013,Illinois,IL,2,Democratic Primary,GBA Strategies,2013-02-04 to 2013-02-05,2013-02-04,2013-02-05,400,4.9,Debbie Halvorson,D,22%,False,"February 4–5, 2013"
2013,Illinois,IL,2,Democratic Primary,"Normington, Petts & Associates",2013-01-08 to 2013-01-10,2013-01-08,2013-01-10,400,4.9,Debbie Halvorson,D,16%,False,"January 8–10, 2013"
2013,Illinois,IL,2,Democratic Primary,GBA Strategies,2013-01-03 to 2013-01-07,2013-01-03,2013-01-07,500,4.4,Debbie Halvorson,D,25%,False,"January 3–7, 2013"
2013,Illinois,IL,2,Democratic Primary,"Normington, Petts & Associates",2013-01-08 to 2013-01-10,2013-01-08,2013-01-10,400,4.9,Napoleon Harris,D,7%,False,"January 8–10, 2013"
2013,Illinois,IL,2,Democratic Primary,GBA Strategies,2013-01-03 to 2013-01-07,2013-01-03,2013-01-07,500,4.4,Napoleon Harris,D,9%,False,"January 3–7, 2013"
2013,Illinois,IL,2,Democratic Primary,GBA Strategies,2013-02-04 to 2013-02-05,2013-02-04,2013-02-05,400,4.9,Toi Hutchinson,D,20%,False,"February 4–5, 2013"
2013,Illinois,IL,2,Democratic Primary,"Normington, Petts & Associates",2013-01-08 to 2013-01-10,2013-01-08,2013-01-10,400,4.9,Toi Hutchinson,D,12%,False,"January 8–10, 2013"
2013,Illinois,IL,2,Democratic Primary,GBA Strategies,2013-01-03 to 2013-01-07,2013-01-03,2013-01-07,500,4.4,Toi Hutchinson,D,16%,False,"January 3–7, 2013"
2013,Illinois,IL,2,Democratic Primary,GBA Strategies,2013-02-04 to 2013-02-05,2013-02-04,2013-02-05,400,4.9,Robin Kelly,D,5%,False,"February 4–5, 2013"
2013,Illinois,IL,2,Democratic Primary,"Normington, Petts & Associates",2013-01-08 to 2013-01-10,2013-01-08,2013-01-10,400,4.9,Robin Kelly,D,8%,False,"January 8–10, 2013"
2013,Illinois,IL,2,Democratic Primary,GBA Strategies,2013-01-03 to 2013-01-07,2013-01-03,2013-01-07,500,4.4,Robin Kelly,D,15%,False,"January 3–7, 2013"
2013,Illinois,IL,2,Democratic Primary,GBA Strategies,2013-02-04 to 2013-02-05,2013-02-04,2013-02-05,400,4.9,Mel Reynolds,D,2%,False,"February 4–5, 2013"
2013,Illinois,IL,2,Democratic Primary,"Normington, Petts & Associates",2013-01-08 to 2013-01-10,2013-01-08,2013-01-10,400,4.9,Mel Reynolds,D,7%,False,"January 8–10, 2013"
2013,Illinois,IL,2,Democratic Primary,GBA Strategies,2013-01-03 to 2013-01-07,2013-01-03,2013-01-07,500,4.4,Mel Reynolds,D,8%,False,"January 3–7, 2013"
2013,Illinois,IL,2,Democratic Primary,GBA Strategies,2013-01-03 to 2013-01-07,2013-01-03,2013-01-07,500,4.4,Joyce Washington,D,2%,False,"January 3–7, 2013"
2013,Massachusetts,MA,5,Democratic Primary,Gerstein Bocian Agne,2013-09-23 to 2013-09-25,2013-09-23,2013-09-25,500,4.4,Will Brownsberger,D,12%,False,"September 23–25, 2013"
2013,Massachusetts,MA,5,Democratic Primary,GreenbergQuinlanRosner,2013-09-22 to 2013-09-24,2013-09-22,2013-09-24,400,4.9,Will Brownsberger,D,11%,False,"September 22–24, 2013"
2013,Massachusetts,MA,5,Democratic Primary,Emerson College,2013-09-13 to 2013-09-17,2013-09-13,2013-09-17,310,4.0,Will Brownsberger,D,11.3%,False,"September 13–17, 2013"
2013,Massachusetts,MA,5,Democratic Primary,GreenbergQuinlanRosner,2013-07-18 to 2013-07-23,2013-07-18,2013-07-23,405,4.9,Will Brownsberger,D,11%,False,"July 18–23, 2013"
2013,Massachusetts,MA,5,Democratic Primary,Gerstein Bocian Agne,2013-09-23 to 2013-09-25,2013-09-23,2013-09-25,500,4.4,Katherine Clark,D,27%,False,"September 23–25, 2013"
2013,Massachusetts,MA,5,Democratic Primary,GreenbergQuinlanRosner,2013-09-22 to 2013-09-24,2013-09-22,2013-09-24,400,4.9,Katherine Clark,D,19%,False,"September 22–24, 2013"
2013,Massachusetts,MA,5,Democratic Primary,Emerson College,2013-09-13 to 2013-09-17,2013-09-13,2013-09-17,310,4.0,Katherine Clark,D,23.9%,False,"September 13–17, 2013"
2013,Massachusetts,MA,5,Democratic Primary,GreenbergQuinlanRosner,2013-07-18 to 2013-07-23,2013-07-18,2013-07-23,405,4.9,Katherine Clark,D,15%,False,"July 18–23, 2013"
2013,Massachusetts,MA,5,Democratic Primary,Gerstein Bocian Agne,2013-09-23 to 2013-09-25,2013-09-23,2013-09-25,500,4.4,Peter Koutoujian,D,16%,False,"September 23–25, 2013"
2013,Massachusetts,MA,5,Democratic Primary,GreenbergQuinlanRosner,2013-09-22 to 2013-09-24,2013-09-22,2013-09-24,400,4.9,Peter Koutoujian,D,15%,False,"September 22–24, 2013"
2013,Massachusetts,MA,5,Democratic Primary,Emerson College,2013-09-13 to 2013-09-17,2013-09-13,2013-09-17,310,4.0,Peter Koutoujian,D,19%,False,"September 13–17, 2013"
2013,Massachusetts,MA,5,Democratic Primary,GreenbergQuinlanRosner,2013-07-18 to 2013-07-23,2013-07-18,2013-07-23,405,4.9,Peter Koutoujian,D,12%,False,"July 18–23, 2013"
2013,Massachusetts,MA,5,Democratic Primary,Emerson College,2013-09-13 to 2013-09-17,2013-09-13,2013-09-17,310,4.0,Martin Long,D,1.3%,False,"September 13–17, 2013"
2013,Massachusetts,MA,5,Democratic Primary,Emerson College,2013-09-13 to 2013-09-17,2013-09-13,2013-09-17,310,4.0,Paul Maisano,D,1%,False,"September 13–17, 2013"
2013,Massachusetts,MA,5,Democratic Primary,Gerstein Bocian Agne,2013-09-23 to 2013-09-25,2013-09-23,2013-09-25,500,4.4,Carl Sciortino,D,15%,False,"September 23–25, 2013"
2013,Massachusetts,MA,5,Democratic Primary,GreenbergQuinlanRosner,2013-09-22 to 2013-09-24,2013-09-22,2013-09-24,400,4.9,Carl Sciortino,D,11%,False,"September 22–24, 2013"
2013,Massachusetts,MA,5,Democratic Primary,Emerson College,2013-09-13 to 2013-09-17,2013-09-13,2013-09-17,310,4.0,Carl Sciortino,D,5.2%,False,"September 13–17, 2013"
2013,Massachusetts,MA,5,Democratic Primary,GreenbergQuinlanRosner,2013-07-18 to 2013-07-23,2013-07-18,2013-07-23,405,4.9,Carl Sciortino,D,4%,False,"July 18–23, 2013"
2013,Massachusetts,MA,5,Democratic Primary,Gerstein Bocian Agne,2013-09-23 to 2013-09-25,2013-09-23,2013-09-25,500,4.4,Karen Spilka,D,18%,False,"September 23–25, 2013"
2013,Massachusetts,MA,5,Democratic Primary,GreenbergQuinlanRosner,2013-09-22 to 2013-09-24,2013-09-22,2013-09-24,400,4.9,Karen Spilka,D,18%,False,"September 22–24, 2013"
2013,Massachusetts,MA,5,Democratic Primary,Emerson College,2013-09-13 to 2013-09-17,2013-09-13,2013-09-17,310,4.0,Karen Spilka,D,15.5%,False,"September 13–17, 2013"
2013,Massachusetts,MA,5,Democratic Primary,GreenbergQuinlanRosner,2013-07-18 to 2013-07-23,2013-07-18,2013-07-23,405,4.9,Karen Spilka,D,14%,False,"July 18–23, 2013"
2013,Massachusetts,MA,5,Republican Primary,Emerson College,2013-09-13 to 2013-09-17,2013-09-13,2013-09-17,107,9.0,Frank Addivinola,R,13.1%,False,"September 13–17, 2013"
2013,Massachusetts,MA,5,Republican Primary,Emerson College,2013-09-13 to 2013-09-17,2013-09-13,2013-09-17,107,9.0,Mike Stopa,R,6.5%,False,"September 13–17, 2013"
2013,Massachusetts,MA,5,Republican Primary,Emerson College,2013-09-13 to 2013-09-17,2013-09-13,2013-09-17,107,9.0,Tom Tierney,R,24.3%,False,"September 13–17, 2013"
2013,Alabama,AL,1,Republican Primary,Cygnal,2013-09-17 to 2013-09-18,2013-09-17,2013-09-18,716,3.64,Bradley Byrne,R,34%,False,"September 17–18, 2013"
2013,Alabama,AL,1,Republican Primary,Cygnal,2013-09-17 to 2013-09-18,2013-09-17,2013-09-18,716,3.64,Daniel Dyas,R,2%,False,"September 17–18, 2013"
2013,Alabama,AL,1,Republican Primary,Cygnal,2013-09-17 to 2013-09-18,2013-09-17,2013-09-18,716,3.64,Chad Fincher,R,14.9%,False,"September 17–18, 2013"
2013,Alabama,AL,1,Republican Primary,Cygnal,2013-09-17 to 2013-09-18,2013-09-17,2013-09-18,716,3.64,Wells Griffith,R,8.3%,False,"September 17–18, 2013"
2013,Alabama,AL,1,Republican Primary,Cygnal,2013-09-17 to 2013-09-18,2013-09-17,2013-09-18,716,3.64,Quin Hillyer,R,9.1%,False,"September 17–18, 2013"
2013,Alabama,AL,1,Republican Primary,Cygnal,2013-09-17 to 2013-09-18,2013-09-17,2013-09-18,716,3.64,Jessica James,R,0.7%,False,"September 17–18, 2013"
2013,Alabama,AL,1,Republican Primary,Cygnal,2013-09-17 to 2013-09-18,2013-09-17,2013-09-18,716,3.64,Sharon Powe,R,1.1%,False,"September 17–18, 2013"
2013,Alabama,AL,1,Republican Primary,Cygnal,2013-09-17 to 2013-09-18,2013-09-17,2013-09-18,716,3.64,David Thornton,R,0.3%,False,"September 17–18, 2013"
2013,Alabama,AL,1,Republican Primary,Cygnal,2013-09-17 to 2013-09-18,2013-09-17,2013-09-18,716,3.64,Dean Young,R,12.1%,False,"September 17–18, 2013"
2013,Louisiana,LA,5,jungle,JMC Enterprises,2013-08-16,2013-08-16,2013-08-16,755,3.6,Jeff Guerriero,R,5%,False,"August 16, 2013"
2013,Louisiana,LA,5,jungle,JMC Enterprises,2013-08-16,2013-08-16,2013-08-16,755,3.6,Marcus Hunter,D,5%,False,"August 16, 2013"
2013,Louisiana,LA,5,jungle,JMC Enterprises,2013-08-16,2013-08-16,2013-08-16,755,3.6,Robert Johnson,D,11%,False,"August 16, 2013"
2013,Louisiana,LA,5,jungle,JMC Enterprises,2013-08-16,2013-08-16,2013-08-16,755,3.6,Jamie Mayo,D,11%,False,"August 16, 2013"
2013,Louisiana,LA,5,jungle,JMC Enterprises,2013-08-16,2013-08-16,2013-08-16,755,3.6,Jay Morris,R,10%,False,"August 16, 2013"
2013,Louisiana,LA,5,jungle,JMC Enterprises,2013-08-16,2013-08-16,2013-08-16,755,3.6,Neil Riser,R,29%,False,"August 16, 2013"
